wind_code,name,family,category,is_active,priority,is_concept,view_key,view_label,notes
884001.WI,参股金融指数,wind_concept,Wind热门概念指数,false,30000,true,wind_hot_concept,Wind热门概念,不在Wind导出有效热门概念清单中
884025.WI,成渝特区指数,wind_concept,Wind热门概念指数,false,29999,true,wind_hot_concept,Wind热门概念,不在Wind导出有效热门概念清单中
884028.WI,智能电网指数,wind_concept,Wind热门概念指数,true,40000,true,wind_hot_concept,Wind热门概念,
884030.WI,物联网指数,wind_concept,Wind热门概念指数,true,39999,true,wind_hot_concept,Wind热门概念,
884031.WI,重组指数,wind_concept,Wind热门概念指数,true,39998,true,wind_hot_concept,Wind热门概念,
884032.WI,迪士尼指数,wind_concept,Wind热门概念指数,false,29995,true,wind_hot_concept,Wind热门概念,不在Wind导出有效热门概念清单中
884034.WI,节能环保指数,wind_concept,Wind热门概念指数,true,39997,true,wind_hot_concept,Wind热门概念,
884035.WI,新能源指数,wind_concept,Wind热门概念指数,true,39996,true,wind_hot_concept,Wind热门概念,
884036.WI,风力发电指数,wind_concept,Wind热门概念指数,true,39995,true,wind_hot_concept,Wind热门概念,
884037.WI,乙醇汽油指数,wind_concept,Wind热门概念指数,false,29991,true,wind_hot_concept,Wind热门概念,不在Wind导出有效热门概念清单中
884039.WI,锂电池指数,wind_concept,Wind热门概念指数,true,39994,true,wind_hot_concept,Wind热门概念,
884040.WI,垃圾发电指数,wind_concept,Wind热门概念指数,false,29989,true,wind_hot_concept,Wind热门概念,不在Wind导出有效热门概念清单中
884041.WI,节能照明指数,wind_concept,Wind热门概念指数,false,29988,true,wind_hot_concept,Wind热门概念,不在Wind导出有效热门概念清单中
884043.WI,CDM指数,wind_concept,Wind热门概念指数,false,29987,true,wind_hot_concept,Wind热门概念,不在Wind导出有效热门概念清单中
884045.WI,光伏指数,wind_concept,Wind热门概念指数,true,39993,true,wind_hot_concept,Wind热门概念,
884046.WI,核电指数,wind_concept,Wind热门概念指数,true,39992,true,wind_hot_concept,Wind热门概念,
884047.WI,长吉图指数,wind_concept,Wind热门概念指数,false,29984,true,wind_hot_concept,Wind热门概念,不在Wind导出有效热门概念清单中
884048.WI,港珠澳大桥指数,wind_concept,Wind热门概念指数,false,29983,true,wind_hot_concept,Wind热门概念,不在Wind导出有效热门概念清单中
884050.WI,海南自贸港指数,wind_concept,Wind热门概念指数,true,39991,true,wind_hot_concept,Wind热门概念,
884052.WI,新型煤化工指数,wind_concept,Wind热门概念指数,false,29981,true,wind_hot_concept,Wind热门概念,不在Wind导出有效热门概念清单中
884053.WI,外资并购指数,wind_concept,Wind热门概念指数,false,29980,true,wind_hot_concept,Wind热门概念,不在Wind导出有效热门概念清单中
884057.WI,新材料指数,wind_concept,Wind热门概念指数,true,39990,true,wind_hot_concept,Wind热门概念,
884058.WI,鄱阳湖指数,wind_concept,Wind热门概念指数,false,29978,true,wind_hot_concept,Wind热门概念,不在Wind导出有效热门概念清单中
884059.WI,央企大盘指数,wind_concept,Wind热门概念指数,false,29977,true,wind_hot_concept,Wind热门概念,不在Wind导出有效热门概念清单中
884061.WI,光通信指数,wind_concept,Wind热门概念指数,true,39989,true,wind_hot_concept,Wind热门概念,
884062.WI,生物育种指数,wind_concept,Wind热门概念指数,true,39988,true,wind_hot_concept,Wind热门概念,
884068.WI,核高基指数,wind_concept,Wind热门概念指数,false,29974,true,wind_hot_concept,Wind热门概念,不在Wind导出有效热门概念清单中
884069.WI,移动支付指数,wind_concept,Wind热门概念指数,false,29973,true,wind_hot_concept,Wind热门概念,不在Wind导出有效热门概念清单中
884073.WI,保障性住房指数,wind_concept,Wind热门概念指数,false,29972,true,wind_hot_concept,Wind热门概念,不在Wind导出有效热门概念清单中
884074.WI,新疆振兴指数,wind_concept,Wind热门概念指数,true,39987,true,wind_hot_concept,Wind热门概念,
884075.WI,高铁指数,wind_concept,Wind热门概念指数,true,39986,true,wind_hot_concept,Wind热门概念,
884076.WI,新能源汽车指数,wind_concept,Wind热门概念指数,true,39985,true,wind_hot_concept,Wind热门概念,
884077.WI,三网融合指数,wind_concept,Wind热门概念指数,false,29968,true,wind_hot_concept,Wind热门概念,不在Wind导出有效热门概念清单中
884079.WI,建筑节能指数,wind_concept,Wind热门概念指数,false,29967,true,wind_hot_concept,Wind热门概念,不在Wind导出有效热门概念清单中
884080.WI,网络游戏指数,wind_concept,Wind热门概念指数,true,39984,true,wind_hot_concept,Wind热门概念,
884081.WI,上海本地重组指数,wind_concept,Wind热门概念指数,false,29965,true,wind_hot_concept,Wind热门概念,不在Wind导出有效热门概念清单中
884083.WI,深圳前海新区指数,wind_concept,Wind热门概念指数,false,29964,true,wind_hot_concept,Wind热门概念,不在Wind导出有效热门概念清单中
884086.WI,稀土永磁指数,wind_concept,Wind热门概念指数,true,39983,true,wind_hot_concept,Wind热门概念,
884087.WI,卫星导航指数,wind_concept,Wind热门概念指数,true,39982,true,wind_hot_concept,Wind热门概念,
884088.WI,通用航空指数,wind_concept,Wind热门概念指数,true,39981,true,wind_hot_concept,Wind热门概念,
884089.WI,装饰园林指数,wind_concept,Wind热门概念指数,false,29960,true,wind_hot_concept,Wind热门概念,不在Wind导出有效热门概念清单中
884090.WI,合同能源管理指数,wind_concept,Wind热门概念指数,false,29959,true,wind_hot_concept,Wind热门概念,不在Wind导出有效热门概念清单中
884091.WI,云计算指数,wind_concept,Wind热门概念指数,true,39980,true,wind_hot_concept,Wind热门概念,
884092.WI,高端装备制造指数,wind_concept,Wind热门概念指数,true,39979,true,wind_hot_concept,Wind热门概念,
884093.WI,智能交通指数,wind_concept,Wind热门概念指数,true,39978,true,wind_hot_concept,Wind热门概念,
884095.WI,触摸屏指数,wind_concept,Wind热门概念指数,false,29955,true,wind_hot_concept,Wind热门概念,不在Wind导出有效热门概念清单中
884096.WI,水利水电建设指数,wind_concept,Wind热门概念指数,true,39977,true,wind_hot_concept,Wind热门概念,
884097.WI,钢结构指数,wind_concept,Wind热门概念指数,false,29953,true,wind_hot_concept,Wind热门概念,不在Wind导出有效热门概念清单中
884098.WI,IPV6指数,wind_concept,Wind热门概念指数,false,29952,true,wind_hot_concept,Wind热门概念,不在Wind导出有效热门概念清单中
884099.WI,移动互联网指数,wind_concept,Wind热门概念指数,false,29951,true,wind_hot_concept,Wind热门概念,不在Wind导出有效热门概念清单中
884100.WI,科技园区指数,wind_concept,Wind热门概念指数,false,29950,true,wind_hot_concept,Wind热门概念,不在Wind导出有效热门概念清单中
884101.WI,抗癌指数,wind_concept,Wind热门概念指数,false,29949,true,wind_hot_concept,Wind热门概念,不在Wind导出有效热门概念清单中
884102.WI,抗核辐射指数,wind_concept,Wind热门概念指数,false,29948,true,wind_hot_concept,Wind热门概念,不在Wind导出有效热门概念清单中
884103.WI,页岩气指数,wind_concept,Wind热门概念指数,false,29947,true,wind_hot_concept,Wind热门概念,不在Wind导出有效热门概念清单中
884104.WI,航母指数,wind_concept,Wind热门概念指数,true,39967,true,wind_hot_concept,Wind热门概念,
884105.WI,舟山新区指数,wind_concept,Wind热门概念指数,false,29945,true,wind_hot_concept,Wind热门概念,不在Wind导出有效热门概念清单中
884106.WI,浦东新区指数,wind_concept,Wind热门概念指数,false,29944,true,wind_hot_concept,Wind热门概念,不在Wind导出有效热门概念清单中
884107.WI,黄金珠宝指数,wind_concept,Wind热门概念指数,true,39955,true,wind_hot_concept,Wind热门概念,
884108.WI,涉矿指数,wind_concept,Wind热门概念指数,false,29942,true,wind_hot_concept,Wind热门概念,不在Wind导出有效热门概念清单中
884109.WI,石墨烯指数,wind_concept,Wind热门概念指数,false,29941,true,wind_hot_concept,Wind热门概念,不在Wind导出有效热门概念清单中
884110.WI,安防监控指数,wind_concept,Wind热门概念指数,false,29940,true,wind_hot_concept,Wind热门概念,不在Wind导出有效热门概念清单中
884111.WI,文化传媒主题指数,wind_concept,Wind热门概念指数,true,39941,true,wind_hot_concept,Wind热门概念,
884112.WI,宽带提速指数,wind_concept,Wind热门概念指数,false,29938,true,wind_hot_concept,Wind热门概念,不在Wind导出有效热门概念清单中
884113.WI,金融改革指数,wind_concept,Wind热门概念指数,false,29937,true,wind_hot_concept,Wind热门概念,不在Wind导出有效热门概念清单中
884114.WI,充电桩指数,wind_concept,Wind热门概念指数,true,39935,true,wind_hot_concept,Wind热门概念,
884115.WI,中日韩自贸区指数,wind_concept,Wind热门概念指数,false,29935,true,wind_hot_concept,Wind热门概念,不在Wind导出有效热门概念清单中
884116.WI,苹果指数,wind_concept,Wind热门概念指数,true,39930,true,wind_hot_concept,Wind热门概念,
884117.WI,三沙指数,wind_concept,Wind热门概念指数,false,29933,true,wind_hot_concept,Wind热门概念,不在Wind导出有效热门概念清单中
884118.WI,中朝经济特区指数,wind_concept,Wind热门概念指数,false,29932,true,wind_hot_concept,Wind热门概念,不在Wind导出有效热门概念清单中
884119.WI,3D打印指数,wind_concept,Wind热门概念指数,false,29931,true,wind_hot_concept,Wind热门概念,不在Wind导出有效热门概念清单中
884120.WI,地热能指数,wind_concept,Wind热门概念指数,false,29930,true,wind_hot_concept,Wind热门概念,不在Wind导出有效热门概念清单中
884121.WI,美丽中国指数,wind_concept,Wind热门概念指数,false,29929,true,wind_hot_concept,Wind热门概念,不在Wind导出有效热门概念清单中
884122.WI,太赫兹指数,wind_concept,Wind热门概念指数,false,29928,true,wind_hot_concept,Wind热门概念,不在Wind导出有效热门概念清单中
884123.WI,智能IC卡指数,wind_concept,Wind热门概念指数,false,29927,true,wind_hot_concept,Wind热门概念,不在Wind导出有效热门概念清单中
884124.WI,PM2.5指数,wind_concept,Wind热门概念指数,false,29926,true,wind_hot_concept,Wind热门概念,不在Wind导出有效热门概念清单中
884125.WI,污水处理指数,wind_concept,Wind热门概念指数,false,29925,true,wind_hot_concept,Wind热门概念,不在Wind导出有效热门概念清单中
884126.WI,机器人指数,wind_concept,Wind热门概念指数,true,39911,true,wind_hot_concept,Wind热门概念,
884127.WI,食品安全指数,wind_concept,Wind热门概念指数,false,29923,true,wind_hot_concept,Wind热门概念,不在Wind导出有效热门概念清单中
884128.WI,4G指数,wind_concept,Wind热门概念指数,false,29922,true,wind_hot_concept,Wind热门概念,不在Wind导出有效热门概念清单中
884129.WI,生物科技等权指数,wind_concept,Wind热门概念指数,true,39899,true,wind_hot_concept,Wind热门概念,
884130.WI,LNG指数,wind_concept,Wind热门概念指数,false,29920,true,wind_hot_concept,Wind热门概念,不在Wind导出有效热门概念清单中
884131.WI,大数据指数,wind_concept,Wind热门概念指数,true,39893,true,wind_hot_concept,Wind热门概念,
884132.WI,智能物流指数,wind_concept,Wind热门概念指数,true,39889,true,wind_hot_concept,Wind热门概念,
884133.WI,网络安全指数,wind_concept,Wind热门概念指数,true,39884,true,wind_hot_concept,Wind热门概念,
884134.WI,AI穿戴设备指数,wind_concept,Wind热门概念指数,true,39880,true,wind_hot_concept,Wind热门概念,
884135.WI,电子商务指数,wind_concept,Wind热门概念指数,true,39876,true,wind_hot_concept,Wind热门概念,
884136.WI,互联网金融指数,wind_concept,Wind热门概念指数,false,29914,true,wind_hot_concept,Wind热门概念,不在Wind导出有效热门概念清单中
884137.WI,智能电视指数,wind_concept,Wind热门概念指数,false,29913,true,wind_hot_concept,Wind热门概念,不在Wind导出有效热门概念清单中
884138.WI,上海自贸区主题指数,wind_concept,Wind热门概念指数,false,29912,true,wind_hot_concept,Wind热门概念,不在Wind导出有效热门概念清单中
884139.WI,土地流转指数,wind_concept,Wind热门概念指数,false,29911,true,wind_hot_concept,Wind热门概念,不在Wind导出有效热门概念清单中
884140.WI,三胎指数,wind_concept,Wind热门概念指数,true,39857,true,wind_hot_concept,Wind热门概念,
884141.WI,参股民营银行指数,wind_concept,Wind热门概念指数,false,29909,true,wind_hot_concept,Wind热门概念,不在Wind导出有效热门概念清单中
884142.WI,银发经济指数,wind_concept,Wind热门概念指数,false,29908,true,wind_hot_concept,Wind热门概念,不在Wind导出有效热门概念清单中
884143.WI,尾气治理指数,wind_concept,Wind热门概念指数,false,29907,true,wind_hot_concept,Wind热门概念,不在Wind导出有效热门概念清单中
884144.WI,网络彩票指数,wind_concept,Wind热门概念指数,false,29906,true,wind_hot_concept,Wind热门概念,不在Wind导出有效热门概念清单中
884145.WI,O2O指数,wind_concept,Wind热门概念指数,false,29905,true,wind_hot_concept,Wind热门概念,不在Wind导出有效热门概念清单中
884146.WI,第三方支付指数,wind_concept,Wind热门概念指数,false,29904,true,wind_hot_concept,Wind热门概念,不在Wind导出有效热门概念清单中
884147.WI,互联网入口指数,wind_concept,Wind热门概念指数,false,29903,true,wind_hot_concept,Wind热门概念,不在Wind导出有效热门概念清单中
884148.WI,民营医院指数,wind_concept,Wind热门概念指数,false,29902,true,wind_hot_concept,Wind热门概念,不在Wind导出有效热门概念清单中
884149.WI,油气改革指数,wind_concept,Wind热门概念指数,false,29901,true,wind_hot_concept,Wind热门概念,不在Wind导出有效热门概念清单中
884150.WI,油气管网指数,wind_concept,Wind热门概念指数,false,29900,true,wind_hot_concept,Wind热门概念,不在Wind导出有效热门概念清单中
884151.WI,创投指数,wind_concept,Wind热门概念指数,false,29899,true,wind_hot_concept,Wind热门概念,不在Wind导出有效热门概念清单中
884152.WI,粤港澳自贸区指数,wind_concept,Wind热门概念指数,false,29898,true,wind_hot_concept,Wind热门概念,不在Wind导出有效热门概念清单中
884153.WI,智能家居指数,wind_concept,Wind热门概念指数,false,29897,true,wind_hot_concept,Wind热门概念,不在Wind导出有效热门概念清单中
884154.WI,超级电容指数,wind_concept,Wind热门概念指数,false,29896,true,wind_hot_concept,Wind热门概念,不在Wind导出有效热门概念清单中
884155.WI,蓝宝石指数,wind_concept,Wind热门概念指数,false,29895,true,wind_hot_concept,Wind热门概念,不在Wind导出有效热门概念清单中
884156.WI,在线教育指数,wind_concept,Wind热门概念指数,true,39834,true,wind_hot_concept,Wind热门概念,
884157.WI,AI医疗指数,wind_concept,Wind热门概念指数,true,39832,true,wind_hot_concept,Wind热门概念,
884158.WI,移动转售指数,wind_concept,Wind热门概念指数,false,29892,true,wind_hot_concept,Wind热门概念,不在Wind导出有效热门概念清单中
884159.WI,冷链物流指数,wind_concept,Wind热门概念指数,false,29891,true,wind_hot_concept,Wind热门概念,不在Wind导出有效热门概念清单中
884160.WI,芯片指数,wind_concept,Wind热门概念指数,true,39830,true,wind_hot_concept,Wind热门概念,
884161.WI,传感器指数,wind_concept,Wind热门概念指数,true,39829,true,wind_hot_concept,Wind热门概念,
884162.WI,智能驾驶指数,wind_concept,Wind热门概念指数,true,39828,true,wind_hot_concept,Wind热门概念,
884163.WI,在线旅游指数,wind_concept,Wind热门概念指数,false,29887,true,wind_hot_concept,Wind热门概念,不在Wind导出有效热门概念清单中
884164.WI,广东国资改革指数,wind_concept,Wind热门概念指数,false,29886,true,wind_hot_concept,Wind热门概念,不在Wind导出有效热门概念清单中
884165.WI,丝绸之路指数,wind_concept,Wind热门概念指数,false,29885,true,wind_hot_concept,Wind热门概念,不在Wind导出有效热门概念清单中
884166.WI,燃料电池指数,wind_concept,Wind热门概念指数,true,39807,true,wind_hot_concept,Wind热门概念,
884167.WI,京津冀一体化指数,wind_concept,Wind热门概念指数,false,29883,true,wind_hot_concept,Wind热门概念,不在Wind导出有效热门概念清单中
884168.WI,长江经济带指数,wind_concept,Wind热门概念指数,false,29882,true,wind_hot_concept,Wind热门概念,不在Wind导出有效热门概念清单中
884169.WI,AIPC指数,wind_concept,Wind热门概念指数,true,39795,true,wind_hot_concept,Wind热门概念,
884170.WI,职业教育指数,wind_concept,Wind热门概念指数,true,39791,true,wind_hot_concept,Wind热门概念,
884171.WI,国资改革指数,wind_concept,Wind热门概念指数,false,29879,true,wind_hot_concept,Wind热门概念,不在Wind导出有效热门概念清单中
884172.WI,无人机指数,wind_concept,Wind热门概念指数,false,29878,true,wind_hot_concept,Wind热门概念,不在Wind导出有效热门概念清单中
884173.WI,赛马指数,wind_concept,Wind热门概念指数,false,29877,true,wind_hot_concept,Wind热门概念,不在Wind导出有效热门概念清单中
884174.WI,体育指数,wind_concept,Wind热门概念指数,false,29876,true,wind_hot_concept,Wind热门概念,不在Wind导出有效热门概念清单中
884175.WI,两岸融合指数,wind_concept,Wind热门概念指数,true,39769,true,wind_hot_concept,Wind热门概念,
884176.WI,北部湾自贸区指数,wind_concept,Wind热门概念指数,false,29874,true,wind_hot_concept,Wind热门概念,不在Wind导出有效热门概念清单中
884177.WI,陆股通50指数,wind_concept,Wind热门概念指数,false,29873,true,wind_hot_concept,Wind热门概念,不在Wind导出有效热门概念清单中
884178.WI,工业4.0指数,wind_concept,Wind热门概念指数,true,39763,true,wind_hot_concept,Wind热门概念,
884179.WI,医药电商指数,wind_concept,Wind热门概念指数,false,29871,true,wind_hot_concept,Wind热门概念,不在Wind导出有效热门概念清单中
884180.WI,天津自贸区指数,wind_concept,Wind热门概念指数,false,29870,true,wind_hot_concept,Wind热门概念,不在Wind导出有效热门概念清单中
884181.WI,一带一路指数,wind_concept,Wind热门概念指数,true,39760,true,wind_hot_concept,Wind热门概念,
884182.WI,智慧农业指数,wind_concept,Wind热门概念指数,true,39759,true,wind_hot_concept,Wind热门概念,
884183.WI,生物识别指数,wind_concept,Wind热门概念指数,false,29867,true,wind_hot_concept,Wind热门概念,不在Wind导出有效热门概念清单中
884184.WI,基因检测指数,wind_concept,Wind热门概念指数,true,39758,true,wind_hot_concept,Wind热门概念,
884185.WI,高送转指数,wind_concept,Wind热门概念指数,true,39757,true,wind_hot_concept,Wind热门概念,
884186.WI,军民融合指数,wind_concept,Wind热门概念指数,true,39756,true,wind_hot_concept,Wind热门概念,
884187.WI,大央企重组指数,wind_concept,Wind热门概念指数,false,29863,true,wind_hot_concept,Wind热门概念,不在Wind导出有效热门概念清单中
884188.WI,虚拟电厂指数,wind_concept,Wind热门概念指数,true,39750,true,wind_hot_concept,Wind热门概念,
884189.WI,近端次新股指数,wind_concept,Wind热门概念指数,true,39747,true,wind_hot_concept,Wind热门概念,
884190.WI,特高压指数,wind_concept,Wind热门概念指数,true,39744,true,wind_hot_concept,Wind热门概念,
884191.WI,跨境电商指数,wind_concept,Wind热门概念指数,true,39735,true,wind_hot_concept,Wind热门概念,
884192.WI,员工持股指数,wind_concept,Wind热门概念指数,false,29858,true,wind_hot_concept,Wind热门概念,不在Wind导出有效热门概念清单中
884193.WI,股票质押指数,wind_concept,Wind热门概念指数,false,29857,true,wind_hot_concept,Wind热门概念,不在Wind导出有效热门概念清单中
884194.WI,谷子经济指数,wind_concept,Wind热门概念指数,true,39716,true,wind_hot_concept,Wind热门概念,
884195.WI,西藏振兴指数,wind_concept,Wind热门概念指数,true,39715,true,wind_hot_concept,Wind热门概念,
884196.WI,国家队指数,wind_concept,Wind热门概念指数,false,29854,true,wind_hot_concept,Wind热门概念,不在Wind导出有效热门概念清单中
884197.WI,ST板块指数,wind_concept,Wind热门概念指数,true,39714,true,wind_hot_concept,Wind热门概念,
884198.WI,证金指数,wind_concept,Wind热门概念指数,false,29852,true,wind_hot_concept,Wind热门概念,不在Wind导出有效热门概念清单中
884199.WI,举牌指数,wind_concept,Wind热门概念指数,false,29851,true,wind_hot_concept,Wind热门概念,不在Wind导出有效热门概念清单中
884200.WI,高校指数,wind_concept,Wind热门概念指数,false,29850,true,wind_hot_concept,Wind热门概念,不在Wind导出有效热门概念清单中
884201.WI,人工智能指数,wind_concept,Wind热门概念指数,true,39713,true,wind_hot_concept,Wind热门概念,
884202.WI,万得虚拟现实指数,wind_concept,Wind热门概念指数,false,29848,true,wind_hot_concept,Wind热门概念,不在Wind导出有效热门概念清单中
884203.WI,健康中国指数,wind_concept,Wind热门概念指数,false,29847,true,wind_hot_concept,Wind热门概念,不在Wind导出有效热门概念清单中
884204.WI,金控平台指数,wind_concept,Wind热门概念指数,false,29846,true,wind_hot_concept,Wind热门概念,不在Wind导出有效热门概念清单中
884205.WI,海绵城市指数,wind_concept,Wind热门概念指数,true,39712,true,wind_hot_concept,Wind热门概念,
884206.WI,汽车后市场指数,wind_concept,Wind热门概念指数,false,29844,true,wind_hot_concept,Wind热门概念,不在Wind导出有效热门概念清单中
884207.WI,互联网营销指数,wind_concept,Wind热门概念指数,false,29843,true,wind_hot_concept,Wind热门概念,不在Wind导出有效热门概念清单中
884208.WI,量子技术指数,wind_concept,Wind热门概念指数,true,39711,true,wind_hot_concept,Wind热门概念,
884209.WI,动漫指数,wind_concept,Wind热门概念指数,false,29841,true,wind_hot_concept,Wind热门概念,不在Wind导出有效热门概念清单中
884210.WI,智慧城市指数,wind_concept,Wind热门概念指数,false,29840,true,wind_hot_concept,Wind热门概念,不在Wind导出有效热门概念清单中
884211.WI,网红经济指数,wind_concept,Wind热门概念指数,true,39710,true,wind_hot_concept,Wind热门概念,
884212.WI,征信指数,wind_concept,Wind热门概念指数,false,29838,true,wind_hot_concept,Wind热门概念,不在Wind导出有效热门概念清单中
884213.WI,化债AMC指数,wind_concept,Wind热门概念指数,true,39709,true,wind_hot_concept,Wind热门概念,
884214.WI,OLED指数,wind_concept,Wind热门概念指数,true,39708,true,wind_hot_concept,Wind热门概念,
884215.WI,区块链指数,wind_concept,Wind热门概念指数,false,29835,true,wind_hot_concept,Wind热门概念,不在Wind导出有效热门概念清单中
884216.WI,特斯拉指数,wind_concept,Wind热门概念指数,true,39707,true,wind_hot_concept,Wind热门概念,
884217.WI,电子竞技指数,wind_concept,Wind热门概念指数,false,29833,true,wind_hot_concept,Wind热门概念,不在Wind导出有效热门概念清单中
884218.WI,PPP指数,wind_concept,Wind热门概念指数,false,29832,true,wind_hot_concept,Wind热门概念,不在Wind导出有效热门概念清单中
884219.WI,精准扶贫指数,wind_concept,Wind热门概念指数,false,29831,true,wind_hot_concept,Wind热门概念,不在Wind导出有效热门概念清单中
884220.WI,股权转让指数,wind_concept,Wind热门概念指数,false,29830,true,wind_hot_concept,Wind热门概念,不在Wind导出有效热门概念清单中
884221.WI,国企混改指数,wind_concept,Wind热门概念指数,false,29829,true,wind_hot_concept,Wind热门概念,不在Wind导出有效热门概念清单中
884222.WI,共享单车指数,wind_concept,Wind热门概念指数,false,29828,true,wind_hot_concept,Wind热门概念,不在Wind导出有效热门概念清单中
884224.WI,5G指数,wind_concept,Wind热门概念指数,false,29827,true,wind_hot_concept,Wind热门概念,不在Wind导出有效热门概念清单中
884225.WI,禽流感指数,wind_concept,Wind热门概念指数,false,29826,true,wind_hot_concept,Wind热门概念,不在Wind导出有效热门概念清单中
884226.WI,共享汽车指数,wind_concept,Wind热门概念指数,false,29825,true,wind_hot_concept,Wind热门概念,不在Wind导出有效热门概念清单中
884227.WI,新零售指数,wind_concept,Wind热门概念指数,false,29824,true,wind_hot_concept,Wind热门概念,不在Wind导出有效热门概念清单中
884228.WI,无线充电指数,wind_concept,Wind热门概念指数,true,39706,true,wind_hot_concept,Wind热门概念,
884229.WI,雄安新区指数,wind_concept,Wind热门概念指数,false,29822,true,wind_hot_concept,Wind热门概念,不在Wind导出有效热门概念清单中
884230.WI,粤港澳大湾区指数,wind_concept,Wind热门概念指数,false,29821,true,wind_hot_concept,Wind热门概念,不在Wind导出有效热门概念清单中
884231.WI,可燃冰指数,wind_concept,Wind热门概念指数,false,29820,true,wind_hot_concept,Wind热门概念,不在Wind导出有效热门概念清单中
884232.WI,白马股指数,wind_concept,Wind热门概念指数,false,29819,true,wind_hot_concept,Wind热门概念,不在Wind导出有效热门概念清单中
884233.WI,增持指数,wind_concept,Wind热门概念指数,true,39705,true,wind_hot_concept,Wind热门概念,
884234.WI,装配式建筑指数,wind_concept,Wind热门概念指数,false,29817,true,wind_hot_concept,Wind热门概念,不在Wind导出有效热门概念清单中
884235.WI,最小市值指数,wind_concept,Wind热门概念指数,true,39704,true,wind_hot_concept,Wind热门概念,
884236.WI,特色小镇指数,wind_concept,Wind热门概念指数,false,29815,true,wind_hot_concept,Wind热门概念,不在Wind导出有效热门概念清单中
884237.WI,保底增持指数,wind_concept,Wind热门概念指数,false,29814,true,wind_hot_concept,Wind热门概念,不在Wind导出有效热门概念清单中
884238.WI,煤电重组指数,wind_concept,Wind热门概念指数,false,29813,true,wind_hot_concept,Wind热门概念,不在Wind导出有效热门概念清单中
884239.WI,小金属指数,wind_concept,Wind热门概念指数,true,39703,true,wind_hot_concept,Wind热门概念,
884241.WI,上海国资改革指数,wind_concept,Wind热门概念指数,true,39702,true,wind_hot_concept,Wind热门概念,
884242.WI,一线龙头指数,wind_concept,Wind热门概念指数,false,29810,true,wind_hot_concept,Wind热门概念,不在Wind导出有效热门概念清单中
884243.WI,二线龙头指数,wind_concept,Wind热门概念指数,true,39701,true,wind_hot_concept,Wind热门概念,
884244.WI,小盘成长指数,wind_concept,Wind热门概念指数,false,29808,true,wind_hot_concept,Wind热门概念,不在Wind导出有效热门概念清单中
884245.WI,融资融券指数,wind_concept,Wind热门概念指数,false,29807,true,wind_hot_concept,Wind热门概念,不在Wind导出有效热门概念清单中
884247.WI,房屋租赁指数,wind_concept,Wind热门概念指数,false,29806,true,wind_hot_concept,Wind热门概念,不在Wind导出有效热门概念清单中
884248.WI,染料指数,wind_concept,Wind热门概念指数,false,29805,true,wind_hot_concept,Wind热门概念,不在Wind导出有效热门概念清单中
884249.WI,维生素指数,wind_concept,Wind热门概念指数,true,39700,true,wind_hot_concept,Wind热门概念,
884250.WI,钛白粉指数,wind_concept,Wind热门概念指数,false,29803,true,wind_hot_concept,Wind热门概念,不在Wind导出有效热门概念清单中
884251.WI,猪产业指数,wind_concept,Wind热门概念指数,true,39699,true,wind_hot_concept,Wind热门概念,
884252.WI,鸡产业指数,wind_concept,Wind热门概念指数,true,39698,true,wind_hot_concept,Wind热门概念,
884253.WI,中小创蓝筹指数,wind_concept,Wind热门概念指数,false,29800,true,wind_hot_concept,Wind热门概念,不在Wind导出有效热门概念清单中
884254.WI,行业龙头指数,wind_concept,Wind热门概念指数,false,29799,true,wind_hot_concept,Wind热门概念,不在Wind导出有效热门概念清单中
884255.WI,3D传感指数,wind_concept,Wind热门概念指数,false,29798,true,wind_hot_concept,Wind热门概念,不在Wind导出有效热门概念清单中
884256.WI,360指数,wind_concept,Wind热门概念指数,false,29797,true,wind_hot_concept,Wind热门概念,不在Wind导出有效热门概念清单中
884257.WI,可转债预案指数,wind_concept,Wind热门概念指数,false,29796,true,wind_hot_concept,Wind热门概念,不在Wind导出有效热门概念清单中
884258.WI,新型城镇化指数,wind_concept,Wind热门概念指数,true,39697,true,wind_hot_concept,Wind热门概念,
884555.WI,中资国际化指数,wind_concept,Wind热门概念指数,false,29794,true,wind_hot_concept,Wind热门概念,不在Wind导出有效热门概念清单中
884639.WI,参股券商指数,wind_concept,Wind热门概念指数,false,29793,true,wind_hot_concept,Wind热门概念,不在Wind导出有效热门概念清单中
884640.WI,人脸识别指数,wind_concept,Wind热门概念指数,false,29792,true,wind_hot_concept,Wind热门概念,不在Wind导出有效热门概念清单中
884641.WI,出租车指数,wind_concept,Wind热门概念指数,false,29791,true,wind_hot_concept,Wind热门概念,不在Wind导出有效热门概念清单中
884642.WI,白银指数,wind_concept,Wind热门概念指数,false,29790,true,wind_hot_concept,Wind热门概念,不在Wind导出有效热门概念清单中
884644.WI,核电主设备指数,wind_concept,Wind热门概念指数,false,29789,true,wind_hot_concept,Wind热门概念,不在Wind导出有效热门概念清单中
884645.WI,民营宽带指数,wind_concept,Wind热门概念指数,false,29788,true,wind_hot_concept,Wind热门概念,不在Wind导出有效热门概念清单中
884647.WI,粮食安全指数,wind_concept,Wind热门概念指数,false,29787,true,wind_hot_concept,Wind热门概念,不在Wind导出有效热门概念清单中
884649.WI,精准医疗指数,wind_concept,Wind热门概念指数,false,29786,true,wind_hot_concept,Wind热门概念,不在Wind导出有效热门概念清单中
884650.WI,自动售货机指数,wind_concept,Wind热门概念指数,false,29785,true,wind_hot_concept,Wind热门概念,不在Wind导出有效热门概念清单中
884651.WI,铁路配件指数,wind_concept,Wind热门概念指数,false,29784,true,wind_hot_concept,Wind热门概念,不在Wind导出有效热门概念清单中
884652.WI,循环经济指数,wind_concept,Wind热门概念指数,false,29783,true,wind_hot_concept,Wind热门概念,不在Wind导出有效热门概念清单中
884654.WI,百草枯指数,wind_concept,Wind热门概念指数,false,29782,true,wind_hot_concept,Wind热门概念,不在Wind导出有效热门概念清单中
884656.WI,再生金属指数,wind_concept,Wind热门概念指数,false,29781,true,wind_hot_concept,Wind热门概念,不在Wind导出有效热门概念清单中
884657.WI,甲流H3N2指数,wind_concept,Wind热门概念指数,false,29780,true,wind_hot_concept,Wind热门概念,不在Wind导出有效热门概念清单中
884658.WI,烟气脱硫指数,wind_concept,Wind热门概念指数,false,29779,true,wind_hot_concept,Wind热门概念,不在Wind导出有效热门概念清单中
884661.WI,脱硫脱硝指数,wind_concept,Wind热门概念指数,false,29778,true,wind_hot_concept,Wind热门概念,不在Wind导出有效热门概念清单中
884662.WI,乳业指数,wind_concept,Wind热门概念指数,true,39696,true,wind_hot_concept,Wind热门概念,
884663.WI,东北亚经贸中心指数,wind_concept,Wind热门概念指数,false,29776,true,wind_hot_concept,Wind热门概念,不在Wind导出有效热门概念清单中
884664.WI,铝材加工指数,wind_concept,Wind热门概念指数,false,29775,true,wind_hot_concept,Wind热门概念,不在Wind导出有效热门概念清单中
884665.WI,小米产业链指数,wind_concept,Wind热门概念指数,false,29774,true,wind_hot_concept,Wind热门概念,不在Wind导出有效热门概念清单中
884666.WI,杀虫剂指数,wind_concept,Wind热门概念指数,false,29773,true,wind_hot_concept,Wind热门概念,不在Wind导出有效热门概念清单中
884667.WI,铁路运价改革指数,wind_concept,Wind热门概念指数,false,29772,true,wind_hot_concept,Wind热门概念,不在Wind导出有效热门概念清单中
884668.WI,配网指数,wind_concept,Wind热门概念指数,false,29771,true,wind_hot_concept,Wind热门概念,不在Wind导出有效热门概念清单中
884669.WI,智能建筑指数,wind_concept,Wind热门概念指数,false,29770,true,wind_hot_concept,Wind热门概念,不在Wind导出有效热门概念清单中
884670.WI,园林指数,wind_concept,Wind热门概念指数,false,29769,true,wind_hot_concept,Wind热门概念,不在Wind导出有效热门概念清单中
884671.WI,外贸指数,wind_concept,Wind热门概念指数,false,29768,true,wind_hot_concept,Wind热门概念,不在Wind导出有效热门概念清单中
884672.WI,水处理膜指数,wind_concept,Wind热门概念指数,false,29767,true,wind_hot_concept,Wind热门概念,不在Wind导出有效热门概念清单中
884674.WI,陆基反导指数,wind_concept,Wind热门概念指数,false,29766,true,wind_hot_concept,Wind热门概念,不在Wind导出有效热门概念清单中
884675.WI,互联网汽车指数,wind_concept,Wind热门概念指数,false,29765,true,wind_hot_concept,Wind热门概念,不在Wind导出有效热门概念清单中
884676.WI,东亚自贸指数,wind_concept,Wind热门概念指数,false,29764,true,wind_hot_concept,Wind热门概念,不在Wind导出有效热门概念清单中
884678.WI,水环境修复指数,wind_concept,Wind热门概念指数,false,29763,true,wind_hot_concept,Wind热门概念,不在Wind导出有效热门概念清单中
884679.WI,涉农改革指数,wind_concept,Wind热门概念指数,false,29762,true,wind_hot_concept,Wind热门概念,不在Wind导出有效热门概念清单中
884680.WI,绿色经济指数,wind_concept,Wind热门概念指数,false,29761,true,wind_hot_concept,Wind热门概念,不在Wind导出有效热门概念清单中
884681.WI,智慧停车指数,wind_concept,Wind热门概念指数,false,29760,true,wind_hot_concept,Wind热门概念,不在Wind导出有效热门概念清单中
884683.WI,核电阀门指数,wind_concept,Wind热门概念指数,false,29759,true,wind_hot_concept,Wind热门概念,不在Wind导出有效热门概念清单中
884684.WI,核电级压力容器指数,wind_concept,Wind热门概念指数,false,29758,true,wind_hot_concept,Wind热门概念,不在Wind导出有效热门概念清单中
884685.WI,大飞机指数,wind_concept,Wind热门概念指数,true,39695,true,wind_hot_concept,Wind热门概念,
884686.WI,防汛指数,wind_concept,Wind热门概念指数,false,29756,true,wind_hot_concept,Wind热门概念,不在Wind导出有效热门概念清单中
884687.WI,动力煤指数,wind_concept,Wind热门概念指数,false,29755,true,wind_hot_concept,Wind热门概念,不在Wind导出有效热门概念清单中
884688.WI,农村金融指数,wind_concept,Wind热门概念指数,false,29754,true,wind_hot_concept,Wind热门概念,不在Wind导出有效热门概念清单中
884689.WI,汽车销售指数,wind_concept,Wind热门概念指数,false,29753,true,wind_hot_concept,Wind热门概念,不在Wind导出有效热门概念清单中
884690.WI,农田水利建设指数,wind_concept,Wind热门概念指数,false,29752,true,wind_hot_concept,Wind热门概念,不在Wind导出有效热门概念清单中
884691.WI,纤维新材料指数,wind_concept,Wind热门概念指数,false,29751,true,wind_hot_concept,Wind热门概念,不在Wind导出有效热门概念清单中
884692.WI,LED指数,wind_concept,Wind热门概念指数,false,29750,true,wind_hot_concept,Wind热门概念,不在Wind导出有效热门概念清单中
884693.WI,碳纤维指数,wind_concept,Wind热门概念指数,false,29749,true,wind_hot_concept,Wind热门概念,不在Wind导出有效热门概念清单中
884694.WI,数字政府指数,wind_concept,Wind热门概念指数,true,39694,true,wind_hot_concept,Wind热门概念,
884695.WI,游戏直播指数,wind_concept,Wind热门概念指数,false,29747,true,wind_hot_concept,Wind热门概念,不在Wind导出有效热门概念清单中
884696.WI,地下管廊指数,wind_concept,Wind热门概念指数,false,29746,true,wind_hot_concept,Wind热门概念,不在Wind导出有效热门概念清单中
884697.WI,铁路机车指数,wind_concept,Wind热门概念指数,false,29745,true,wind_hot_concept,Wind热门概念,不在Wind导出有效热门概念清单中
884698.WI,人民币贬值指数,wind_concept,Wind热门概念指数,false,29744,true,wind_hot_concept,Wind热门概念,不在Wind导出有效热门概念清单中
884699.WI,金属新材料指数,wind_concept,Wind热门概念指数,false,29743,true,wind_hot_concept,Wind热门概念,不在Wind导出有效热门概念清单中
884700.WI,P2P指数,wind_concept,Wind热门概念指数,false,29742,true,wind_hot_concept,Wind热门概念,不在Wind导出有效热门概念清单中
884701.WI,阿里巴巴平台指数,wind_concept,Wind热门概念指数,true,39693,true,wind_hot_concept,Wind热门概念,
884702.WI,物流骨干网指数,wind_concept,Wind热门概念指数,false,29740,true,wind_hot_concept,Wind热门概念,不在Wind导出有效热门概念清单中
884704.WI,卷烟纸指数,wind_concept,Wind热门概念指数,false,29739,true,wind_hot_concept,Wind热门概念,不在Wind导出有效热门概念清单中
884705.WI,白酒指数,wind_concept,Wind热门概念指数,true,39692,true,wind_hot_concept,Wind热门概念,
884706.WI,家电指数,wind_concept,Wind热门概念指数,true,39691,true,wind_hot_concept,Wind热门概念,
884707.WI,超市指数,wind_concept,Wind热门概念指数,false,29736,true,wind_hot_concept,Wind热门概念,不在Wind导出有效热门概念清单中
884709.WI,打车软件指数,wind_concept,Wind热门概念指数,false,29735,true,wind_hot_concept,Wind热门概念,不在Wind导出有效热门概念清单中
884710.WI,绿色建筑指数,wind_concept,Wind热门概念指数,false,29734,true,wind_hot_concept,Wind热门概念,不在Wind导出有效热门概念清单中
884711.WI,中央政务区指数,wind_concept,Wind热门概念指数,false,29733,true,wind_hot_concept,Wind热门概念,不在Wind导出有效热门概念清单中
884712.WI,地热指数,wind_concept,Wind热门概念指数,false,29732,true,wind_hot_concept,Wind热门概念,不在Wind导出有效热门概念清单中
884713.WI,油气开采指数,wind_concept,Wind热门概念指数,true,39690,true,wind_hot_concept,Wind热门概念,
884714.WI,草甘膦指数,wind_concept,Wind热门概念指数,false,29730,true,wind_hot_concept,Wind热门概念,不在Wind导出有效热门概念清单中
884715.WI,车联网指数,wind_concept,Wind热门概念指数,true,39689,true,wind_hot_concept,Wind热门概念,
884716.WI,磁悬浮列车指数,wind_concept,Wind热门概念指数,false,29728,true,wind_hot_concept,Wind热门概念,不在Wind导出有效热门概念清单中
884717.WI,成品油指数,wind_concept,Wind热门概念指数,false,29727,true,wind_hot_concept,Wind热门概念,不在Wind导出有效热门概念清单中
884718.WI,土壤环保指数,wind_concept,Wind热门概念指数,false,29726,true,wind_hot_concept,Wind热门概念,不在Wind导出有效热门概念清单中
884719.WI,大连自贸区指数,wind_concept,Wind热门概念指数,false,29725,true,wind_hot_concept,Wind热门概念,不在Wind导出有效热门概念清单中
884720.WI,物流电商平台指数,wind_concept,Wind热门概念指数,false,29724,true,wind_hot_concept,Wind热门概念,不在Wind导出有效热门概念清单中
884721.WI,电线电缆指数,wind_concept,Wind热门概念指数,false,29723,true,wind_hot_concept,Wind热门概念,不在Wind导出有效热门概念清单中
884722.WI,东北国企指数,wind_concept,Wind热门概念指数,false,29722,true,wind_hot_concept,Wind热门概念,不在Wind导出有效热门概念清单中
884723.WI,供气指数,wind_concept,Wind热门概念指数,false,29721,true,wind_hot_concept,Wind热门概念,不在Wind导出有效热门概念清单中
884724.WI,LED照明指数,wind_concept,Wind热门概念指数,false,29720,true,wind_hot_concept,Wind热门概念,不在Wind导出有效热门概念清单中
884725.WI,非晶合金材料指数,wind_concept,Wind热门概念指数,false,29719,true,wind_hot_concept,Wind热门概念,不在Wind导出有效热门概念清单中
884726.WI,航母钢材指数,wind_concept,Wind热门概念指数,false,29718,true,wind_hot_concept,Wind热门概念,不在Wind导出有效热门概念清单中
884730.WI,核电通风与空气处理指数,wind_concept,Wind热门概念指数,false,29717,true,wind_hot_concept,Wind热门概念,不在Wind导出有效热门概念清单中
884731.WI,三星指数,wind_concept,Wind热门概念指数,false,29716,true,wind_hot_concept,Wind热门概念,不在Wind导出有效热门概念清单中
884732.WI,金融IC卡指数,wind_concept,Wind热门概念指数,false,29715,true,wind_hot_concept,Wind热门概念,不在Wind导出有效热门概念清单中
884734.WI,铜冶炼指数,wind_concept,Wind热门概念指数,false,29714,true,wind_hot_concept,Wind热门概念,不在Wind导出有效热门概念清单中
884735.WI,印染指数,wind_concept,Wind热门概念指数,false,29713,true,wind_hot_concept,Wind热门概念,不在Wind导出有效热门概念清单中
884736.WI,工程机械指数,wind_concept,Wind热门概念指数,false,29712,true,wind_hot_concept,Wind热门概念,不在Wind导出有效热门概念清单中
884738.WI,自然语言处理指数,wind_concept,Wind热门概念指数,false,29711,true,wind_hot_concept,Wind热门概念,不在Wind导出有效热门概念清单中
884739.WI,光伏玻璃指数,wind_concept,Wind热门概念指数,true,39688,true,wind_hot_concept,Wind热门概念,
884740.WI,达菲指数,wind_concept,Wind热门概念指数,false,29709,true,wind_hot_concept,Wind热门概念,不在Wind导出有效热门概念清单中
884741.WI,广州国企指数,wind_concept,Wind热门概念指数,false,29708,true,wind_hot_concept,Wind热门概念,不在Wind导出有效热门概念清单中
884742.WI,贵金属指数,wind_concept,Wind热门概念指数,false,29707,true,wind_hot_concept,Wind热门概念,不在Wind导出有效热门概念清单中
884743.WI,光电子材料指数,wind_concept,Wind热门概念指数,false,29706,true,wind_hot_concept,Wind热门概念,不在Wind导出有效热门概念清单中
884745.WI,医保指数,wind_concept,Wind热门概念指数,false,29705,true,wind_hot_concept,Wind热门概念,不在Wind导出有效热门概念清单中
884746.WI,阶梯电价指数,wind_concept,Wind热门概念指数,false,29704,true,wind_hot_concept,Wind热门概念,不在Wind导出有效热门概念清单中
884747.WI,海岛整治修复指数,wind_concept,Wind热门概念指数,false,29703,true,wind_hot_concept,Wind热门概念,不在Wind导出有效热门概念清单中
884748.WI,海洋工程指数,wind_concept,Wind热门概念指数,false,29702,true,wind_hot_concept,Wind热门概念,不在Wind导出有效热门概念清单中
884749.WI,天水经济区指数,wind_concept,Wind热门概念指数,false,29701,true,wind_hot_concept,Wind热门概念,不在Wind导出有效热门概念清单中
884751.WI,能源管道指数,wind_concept,Wind热门概念指数,false,29700,true,wind_hot_concept,Wind热门概念,不在Wind导出有效热门概念清单中
884753.WI,旅游出行指数,wind_concept,Wind热门概念指数,true,39687,true,wind_hot_concept,Wind热门概念,
884754.WI,环保设备指数,wind_concept,Wind热门概念指数,false,29698,true,wind_hot_concept,Wind热门概念,不在Wind导出有效热门概念清单中
884755.WI,肉制品指数,wind_concept,Wind热门概念指数,false,29697,true,wind_hot_concept,Wind热门概念,不在Wind导出有效热门概念清单中
884756.WI,海洋渔业指数,wind_concept,Wind热门概念指数,false,29696,true,wind_hot_concept,Wind热门概念,不在Wind导出有效热门概念清单中
884757.WI,铁路设备指数,wind_concept,Wind热门概念指数,false,29695,true,wind_hot_concept,Wind热门概念,不在Wind导出有效热门概念清单中
884758.WI,油品升级指数,wind_concept,Wind热门概念指数,false,29694,true,wind_hot_concept,Wind热门概念,不在Wind导出有效热门概念清单中
884759.WI,航空航天指数,wind_concept,Wind热门概念指数,false,29693,true,wind_hot_concept,Wind热门概念,不在Wind导出有效热门概念清单中
884760.WI,航母动力装置指数,wind_concept,Wind热门概念指数,false,29692,true,wind_hot_concept,Wind热门概念,不在Wind导出有效热门概念清单中
884761.WI,地铁指数,wind_concept,Wind热门概念指数,false,29691,true,wind_hot_concept,Wind热门概念,不在Wind导出有效热门概念清单中
884762.WI,无人零售指数,wind_concept,Wind热门概念指数,false,29690,true,wind_hot_concept,Wind热门概念,不在Wind导出有效热门概念清单中
884763.WI,除尘指数,wind_concept,Wind热门概念指数,false,29689,true,wind_hot_concept,Wind热门概念,不在Wind导出有效热门概念清单中
884764.WI,危险废物治理指数,wind_concept,Wind热门概念指数,false,29688,true,wind_hot_concept,Wind热门概念,不在Wind导出有效热门概念清单中
884765.WI,环境监测指数,wind_concept,Wind热门概念指数,false,29687,true,wind_hot_concept,Wind热门概念,不在Wind导出有效热门概念清单中
884766.WI,工业母机指数,wind_concept,Wind热门概念指数,true,39686,true,wind_hot_concept,Wind热门概念,
884767.WI,东北振兴指数,wind_concept,Wind热门概念指数,false,29685,true,wind_hot_concept,Wind热门概念,不在Wind导出有效热门概念清单中
884768.WI,集装箱指数,wind_concept,Wind热门概念指数,false,29684,true,wind_hot_concept,Wind热门概念,不在Wind导出有效热门概念清单中
884769.WI,牛羊肉指数,wind_concept,Wind热门概念指数,false,29683,true,wind_hot_concept,Wind热门概念,不在Wind导出有效热门概念清单中
884771.WI,语音识别指数,wind_concept,Wind热门概念指数,false,29682,true,wind_hot_concept,Wind热门概念,不在Wind导出有效热门概念清单中
884772.WI,家禽养殖指数,wind_concept,Wind热门概念指数,false,29681,true,wind_hot_concept,Wind热门概念,不在Wind导出有效热门概念清单中
884773.WI,家庭互联网指数,wind_concept,Wind热门概念指数,false,29680,true,wind_hot_concept,Wind热门概念,不在Wind导出有效热门概念清单中
884774.WI,甲醇指数,wind_concept,Wind热门概念指数,false,29679,true,wind_hot_concept,Wind热门概念,不在Wind导出有效热门概念清单中
884775.WI,流感指数,wind_concept,Wind热门概念指数,true,39685,true,wind_hot_concept,Wind热门概念,
884777.WI,ETC指数,wind_concept,Wind热门概念指数,false,29677,true,wind_hot_concept,Wind热门概念,不在Wind导出有效热门概念清单中
884778.WI,焦煤指数,wind_concept,Wind热门概念指数,false,29676,true,wind_hot_concept,Wind热门概念,不在Wind导出有效热门概念清单中
884779.WI,二手车指数,wind_concept,Wind热门概念指数,false,29675,true,wind_hot_concept,Wind热门概念,不在Wind导出有效热门概念清单中
884780.WI,券商等权指数,wind_concept,Wind热门概念指数,true,39684,true,wind_hot_concept,Wind热门概念,
884781.WI,手机游戏指数,wind_concept,Wind热门概念指数,false,29673,true,wind_hot_concept,Wind热门概念,不在Wind导出有效热门概念清单中
884782.WI,影视指数,wind_concept,Wind热门概念指数,false,29672,true,wind_hot_concept,Wind热门概念,不在Wind导出有效热门概念清单中
884783.WI,土地储备指数,wind_concept,Wind热门概念指数,false,29671,true,wind_hot_concept,Wind热门概念,不在Wind导出有效热门概念清单中
884784.WI,航空指数,wind_concept,Wind热门概念指数,false,29670,true,wind_hot_concept,Wind热门概念,不在Wind导出有效热门概念清单中
884785.WI,锂矿指数,wind_concept,Wind热门概念指数,true,39683,true,wind_hot_concept,Wind热门概念,
884786.WI,铜产业指数,wind_concept,Wind热门概念指数,true,39682,true,wind_hot_concept,Wind热门概念,
884787.WI,TIMU芯片指数,wind_concept,Wind热门概念指数,false,29667,true,wind_hot_concept,Wind热门概念,不在Wind导出有效热门概念清单中
884788.WI,二维码指数,wind_concept,Wind热门概念指数,false,29666,true,wind_hot_concept,Wind热门概念,不在Wind导出有效热门概念清单中
884789.WI,覆铜板指数,wind_concept,Wind热门概念指数,true,39681,true,wind_hot_concept,Wind热门概念,
884790.WI,储能指数,wind_concept,Wind热门概念指数,true,39680,true,wind_hot_concept,Wind热门概念,
884791.WI,城市管网指数,wind_concept,Wind热门概念指数,false,29663,true,wind_hot_concept,Wind热门概念,不在Wind导出有效热门概念清单中
884792.WI,电网混合所有制指数,wind_concept,Wind热门概念指数,false,29662,true,wind_hot_concept,Wind热门概念,不在Wind导出有效热门概念清单中
884793.WI,固废处理指数,wind_concept,Wind热门概念指数,false,29661,true,wind_hot_concept,Wind热门概念,不在Wind导出有效热门概念清单中
884794.WI,抗生素指数,wind_concept,Wind热门概念指数,true,39679,true,wind_hot_concept,Wind热门概念,
884795.WI,大气治理指数,wind_concept,Wind热门概念指数,false,29659,true,wind_hot_concept,Wind热门概念,不在Wind导出有效热门概念清单中
884796.WI,电改指数,wind_concept,Wind热门概念指数,false,29658,true,wind_hot_concept,Wind热门概念,不在Wind导出有效热门概念清单中
884798.WI,智能燃气表指数,wind_concept,Wind热门概念指数,false,29657,true,wind_hot_concept,Wind热门概念,不在Wind导出有效热门概念清单中
884799.WI,电解铝指数,wind_concept,Wind热门概念指数,false,29656,true,wind_hot_concept,Wind热门概念,不在Wind导出有效热门概念清单中
884800.WI,十大军工集团指数,wind_concept,Wind热门概念指数,true,39678,true,wind_hot_concept,Wind热门概念,
884801.WI,航空发动机指数,wind_concept,Wind热门概念指数,false,29654,true,wind_hot_concept,Wind热门概念,不在Wind导出有效热门概念清单中
884802.WI,多晶硅指数,wind_concept,Wind热门概念指数,false,29653,true,wind_hot_concept,Wind热门概念,不在Wind导出有效热门概念清单中
884803.WI,氧化锌指数,wind_concept,Wind热门概念指数,false,29652,true,wind_hot_concept,Wind热门概念,不在Wind导出有效热门概念清单中
884804.WI,电解锰指数,wind_concept,Wind热门概念指数,false,29651,true,wind_hot_concept,Wind热门概念,不在Wind导出有效热门概念清单中
884805.WI,重卡指数,wind_concept,Wind热门概念指数,false,29650,true,wind_hot_concept,Wind热门概念,不在Wind导出有效热门概念清单中
884806.WI,轮胎指数,wind_concept,Wind热门概念指数,false,29649,true,wind_hot_concept,Wind热门概念,不在Wind导出有效热门概念清单中
884808.WI,核级锆材指数,wind_concept,Wind热门概念指数,false,29648,true,wind_hot_concept,Wind热门概念,不在Wind导出有效热门概念清单中
884809.WI,天然气管道指数,wind_concept,Wind热门概念指数,false,29647,true,wind_hot_concept,Wind热门概念,不在Wind导出有效热门概念清单中
884810.WI,足球指数,wind_concept,Wind热门概念指数,false,29646,true,wind_hot_concept,Wind热门概念,不在Wind导出有效热门概念清单中
884811.WI,激光指数,wind_concept,Wind热门概念指数,false,29645,true,wind_hot_concept,Wind热门概念,不在Wind导出有效热门概念清单中
884812.WI,激光武器指数,wind_concept,Wind热门概念指数,false,29644,true,wind_hot_concept,Wind热门概念,不在Wind导出有效热门概念清单中
884813.WI,食药品溯源指数,wind_concept,Wind热门概念指数,false,29643,true,wind_hot_concept,Wind热门概念,不在Wind导出有效热门概念清单中
884814.WI,医疗改革指数,wind_concept,Wind热门概念指数,false,29642,true,wind_hot_concept,Wind热门概念,不在Wind导出有效热门概念清单中
884816.WI,磷酸铁锂电池指数,wind_concept,Wind热门概念指数,true,39677,true,wind_hot_concept,Wind热门概念,
884817.WI,HJT电池指数,wind_concept,Wind热门概念指数,true,39676,true,wind_hot_concept,Wind热门概念,
884818.WI,快递指数,wind_concept,Wind热门概念指数,false,29639,true,wind_hot_concept,Wind热门概念,不在Wind导出有效热门概念清单中
884819.WI,中国版401K指数,wind_concept,Wind热门概念指数,false,29638,true,wind_hot_concept,Wind热门概念,不在Wind导出有效热门概念清单中
884820.WI,生活垃圾处理指数,wind_concept,Wind热门概念指数,false,29637,true,wind_hot_concept,Wind热门概念,不在Wind导出有效热门概念清单中
884821.WI,六氟磷酸锂指数,wind_concept,Wind热门概念指数,false,29636,true,wind_hot_concept,Wind热门概念,不在Wind导出有效热门概念清单中
884822.WI,螺纹钢指数,wind_concept,Wind热门概念指数,false,29635,true,wind_hot_concept,Wind热门概念,不在Wind导出有效热门概念清单中
884823.WI,煤炭指数,wind_concept,Wind热门概念指数,false,29634,true,wind_hot_concept,Wind热门概念,不在Wind导出有效热门概念清单中
884824.WI,石墨烯电池指数,wind_concept,Wind热门概念指数,false,29633,true,wind_hot_concept,Wind热门概念,不在Wind导出有效热门概念清单中
884825.WI,NFC指数,wind_concept,Wind热门概念指数,false,29632,true,wind_hot_concept,Wind热门概念,不在Wind导出有效热门概念清单中
884826.WI,镁指数,wind_concept,Wind热门概念指数,false,29631,true,wind_hot_concept,Wind热门概念,不在Wind导出有效热门概念清单中
884827.WI,民营金融指数,wind_concept,Wind热门概念指数,false,29630,true,wind_hot_concept,Wind热门概念,不在Wind导出有效热门概念清单中
884829.WI,南方电网指数,wind_concept,Wind热门概念指数,false,29629,true,wind_hot_concept,Wind热门概念,不在Wind导出有效热门概念清单中
884830.WI,南海指数,wind_concept,Wind热门概念指数,false,29628,true,wind_hot_concept,Wind热门概念,不在Wind导出有效热门概念清单中
884831.WI,水稻指数,wind_concept,Wind热门概念指数,false,29627,true,wind_hot_concept,Wind热门概念,不在Wind导出有效热门概念清单中
884832.WI,农机指数,wind_concept,Wind热门概念指数,false,29626,true,wind_hot_concept,Wind热门概念,不在Wind导出有效热门概念清单中
884833.WI,折叠屏指数,wind_concept,Wind热门概念指数,false,29625,true,wind_hot_concept,Wind热门概念,不在Wind导出有效热门概念清单中
884834.WI,期货业务指数,wind_concept,Wind热门概念指数,false,29624,true,wind_hot_concept,Wind热门概念,不在Wind导出有效热门概念清单中
884835.WI,汽车制造指数,wind_concept,Wind热门概念指数,false,29623,true,wind_hot_concept,Wind热门概念,不在Wind导出有效热门概念清单中
884836.WI,汽配指数,wind_concept,Wind热门概念指数,false,29622,true,wind_hot_concept,Wind热门概念,不在Wind导出有效热门概念清单中
884838.WI,碳纳米管指数,wind_concept,Wind热门概念指数,false,29621,true,wind_hot_concept,Wind热门概念,不在Wind导出有效热门概念清单中
884839.WI,新型建材指数,wind_concept,Wind热门概念指数,false,29620,true,wind_hot_concept,Wind热门概念,不在Wind导出有效热门概念清单中
884841.WI,铝产业指数,wind_concept,Wind热门概念指数,true,39675,true,wind_hot_concept,Wind热门概念,
884842.WI,轧板指数,wind_concept,Wind热门概念指数,false,29618,true,wind_hot_concept,Wind热门概念,不在Wind导出有效热门概念清单中
884843.WI,人民币升值指数,wind_concept,Wind热门概念指数,false,29617,true,wind_hot_concept,Wind热门概念,不在Wind导出有效热门概念清单中
884844.WI,钾离子电池指数,wind_concept,Wind热门概念指数,false,29616,true,wind_hot_concept,Wind热门概念,不在Wind导出有效热门概念清单中
884845.WI,干细胞指数,wind_concept,Wind热门概念指数,true,39674,true,wind_hot_concept,Wind热门概念,
884847.WI,种业指数,wind_concept,Wind热门概念指数,false,29614,true,wind_hot_concept,Wind热门概念,不在Wind导出有效热门概念清单中
884848.WI,铝空气电池指数,wind_concept,Wind热门概念指数,false,29613,true,wind_hot_concept,Wind热门概念,不在Wind导出有效热门概念清单中
884850.WI,三农指数,wind_concept,Wind热门概念指数,false,29612,true,wind_hot_concept,Wind热门概念,不在Wind导出有效热门概念清单中
884851.WI,ATL电池指数,wind_concept,Wind热门概念指数,false,29611,true,wind_hot_concept,Wind热门概念,不在Wind导出有效热门概念清单中
884852.WI,三元锂电池指数,wind_concept,Wind热门概念指数,false,29610,true,wind_hot_concept,Wind热门概念,不在Wind导出有效热门概念清单中
884853.WI,集体建设用地指数,wind_concept,Wind热门概念指数,false,29609,true,wind_hot_concept,Wind热门概念,不在Wind导出有效热门概念清单中
884854.WI,陕西国资指数,wind_concept,Wind热门概念指数,false,29608,true,wind_hot_concept,Wind热门概念,不在Wind导出有效热门概念清单中
884855.WI,海上风电指数,wind_concept,Wind热门概念指数,false,29607,true,wind_hot_concept,Wind热门概念,不在Wind导出有效热门概念清单中
884857.WI,钨矿指数,wind_concept,Wind热门概念指数,false,29606,true,wind_hot_concept,Wind热门概念,不在Wind导出有效热门概念清单中
884858.WI,恒大指数,wind_concept,Wind热门概念指数,false,29605,true,wind_hot_concept,Wind热门概念,不在Wind导出有效热门概念清单中
884859.WI,LED液晶电视指数,wind_concept,Wind热门概念指数,false,29604,true,wind_hot_concept,Wind热门概念,不在Wind导出有效热门概念清单中
884860.WI,生态环境保护指数,wind_concept,Wind热门概念指数,false,29603,true,wind_hot_concept,Wind热门概念,不在Wind导出有效热门概念清单中
884861.WI,太阳能硅晶电池指数,wind_concept,Wind热门概念指数,false,29602,true,wind_hot_concept,Wind热门概念,不在Wind导出有效热门概念清单中
884862.WI,石墨指数,wind_concept,Wind热门概念指数,false,29601,true,wind_hot_concept,Wind热门概念,不在Wind导出有效热门概念清单中
884863.WI,煤制烯烃指数,wind_concept,Wind热门概念指数,false,29600,true,wind_hot_concept,Wind热门概念,不在Wind导出有效热门概念清单中
884864.WI,视频监控指数,wind_concept,Wind热门概念指数,false,29599,true,wind_hot_concept,Wind热门概念,不在Wind导出有效热门概念清单中
884865.WI,钻井平台指数,wind_concept,Wind热门概念指数,false,29598,true,wind_hot_concept,Wind热门概念,不在Wind导出有效热门概念清单中
884867.WI,环首都经济圈指数,wind_concept,Wind热门概念指数,false,29597,true,wind_hot_concept,Wind热门概念,不在Wind导出有效热门概念清单中
884868.WI,中俄合作指数,wind_concept,Wind热门概念指数,false,29596,true,wind_hot_concept,Wind热门概念,不在Wind导出有效热门概念清单中
884869.WI,锂电正极指数,wind_concept,Wind热门概念指数,true,39673,true,wind_hot_concept,Wind热门概念,
884870.WI,水产指数,wind_concept,Wind热门概念指数,true,39672,true,wind_hot_concept,Wind热门概念,
884871.WI,加密货币指数,wind_concept,Wind热门概念指数,true,39671,true,wind_hot_concept,Wind热门概念,
884872.WI,锌电池指数,wind_concept,Wind热门概念指数,false,29592,true,wind_hot_concept,Wind热门概念,不在Wind导出有效热门概念清单中
884873.WI,移动POS机指数,wind_concept,Wind热门概念指数,false,29591,true,wind_hot_concept,Wind热门概念,不在Wind导出有效热门概念清单中
884874.WI,火电指数,wind_concept,Wind热门概念指数,true,39670,true,wind_hot_concept,Wind热门概念,
884875.WI,锌二氧化锰指数,wind_concept,Wind热门概念指数,false,29589,true,wind_hot_concept,Wind热门概念,不在Wind导出有效热门概念清单中
884876.WI,摄像头指数,wind_concept,Wind热门概念指数,true,39669,true,wind_hot_concept,Wind热门概念,
884877.WI,煤清洁技术指数,wind_concept,Wind热门概念指数,false,29587,true,wind_hot_concept,Wind热门概念,不在Wind导出有效热门概念清单中
884878.WI,半导体产业指数,wind_concept,Wind热门概念指数,true,39668,true,wind_hot_concept,Wind热门概念,
884879.WI,地沟油检测指数,wind_concept,Wind热门概念指数,false,29585,true,wind_hot_concept,Wind热门概念,不在Wind导出有效热门概念清单中
884880.WI,体外诊断指数,wind_concept,Wind热门概念指数,true,39667,true,wind_hot_concept,Wind热门概念,
884881.WI,铁路信息化指数,wind_concept,Wind热门概念指数,false,29583,true,wind_hot_concept,Wind热门概念,不在Wind导出有效热门概念清单中
884882.WI,铁矿石指数,wind_concept,Wind热门概念指数,false,29582,true,wind_hot_concept,Wind热门概念,不在Wind导出有效热门概念清单中
884884.WI,海参指数,wind_concept,Wind热门概念指数,false,29581,true,wind_hot_concept,Wind热门概念,不在Wind导出有效热门概念清单中
884885.WI,微电子指数,wind_concept,Wind热门概念指数,false,29580,true,wind_hot_concept,Wind热门概念,不在Wind导出有效热门概念清单中
884886.WI,混合现实指数,wind_concept,Wind热门概念指数,false,29579,true,wind_hot_concept,Wind热门概念,不在Wind导出有效热门概念清单中
884887.WI,小程序指数,wind_concept,Wind热门概念指数,false,29578,true,wind_hot_concept,Wind热门概念,不在Wind导出有效热门概念清单中
884888.WI,天然气指数,wind_concept,Wind热门概念指数,true,39666,true,wind_hot_concept,Wind热门概念,
884889.WI,船舶指数,wind_concept,Wind热门概念指数,false,29576,true,wind_hot_concept,Wind热门概念,不在Wind导出有效热门概念清单中
884890.WI,农资流通指数,wind_concept,Wind热门概念指数,false,29575,true,wind_hot_concept,Wind热门概念,不在Wind导出有效热门概念清单中
884891.WI,蓄电池指数,wind_concept,Wind热门概念指数,false,29574,true,wind_hot_concept,Wind热门概念,不在Wind导出有效热门概念清单中
884892.WI,特钢指数,wind_concept,Wind热门概念指数,false,29573,true,wind_hot_concept,Wind热门概念,不在Wind导出有效热门概念清单中
884893.WI,储气设施指数,wind_concept,Wind热门概念指数,false,29572,true,wind_hot_concept,Wind热门概念,不在Wind导出有效热门概念清单中
884894.WI,锂电电解液指数,wind_concept,Wind热门概念指数,true,39665,true,wind_hot_concept,Wind热门概念,
884895.WI,AI手机指数,wind_concept,Wind热门概念指数,true,39664,true,wind_hot_concept,Wind热门概念,
884896.WI,三维地图指数,wind_concept,Wind热门概念指数,false,29569,true,wind_hot_concept,Wind热门概念,不在Wind导出有效热门概念清单中
884897.WI,西气东输指数,wind_concept,Wind热门概念指数,false,29568,true,wind_hot_concept,Wind热门概念,不在Wind导出有效热门概念清单中
884898.WI,铅锌矿指数,wind_concept,Wind热门概念指数,false,29567,true,wind_hot_concept,Wind热门概念,不在Wind导出有效热门概念清单中
884900.WI,西安国资指数,wind_concept,Wind热门概念指数,false,29566,true,wind_hot_concept,Wind热门概念,不在Wind导出有效热门概念清单中
884901.WI,手机芯片指数,wind_concept,Wind热门概念指数,false,29565,true,wind_hot_concept,Wind热门概念,不在Wind导出有效热门概念清单中
884902.WI,西藏国资指数,wind_concept,Wind热门概念指数,false,29564,true,wind_hot_concept,Wind热门概念,不在Wind导出有效热门概念清单中
884903.WI,西电东送指数,wind_concept,Wind热门概念指数,false,29563,true,wind_hot_concept,Wind热门概念,不在Wind导出有效热门概念清单中
884904.WI,西沙群岛指数,wind_concept,Wind热门概念指数,false,29562,true,wind_hot_concept,Wind热门概念,不在Wind导出有效热门概念清单中
884906.WI,支付宝指数,wind_concept,Wind热门概念指数,false,29561,true,wind_hot_concept,Wind热门概念,不在Wind导出有效热门概念清单中
884907.WI,险资举牌指数,wind_concept,Wind热门概念指数,false,29560,true,wind_hot_concept,Wind热门概念,不在Wind导出有效热门概念清单中
884908.WI,海上丝绸之路指数,wind_concept,Wind热门概念指数,false,29559,true,wind_hot_concept,Wind热门概念,不在Wind导出有效热门概念清单中
884909.WI,参股消费金融指数,wind_concept,Wind热门概念指数,false,29558,true,wind_hot_concept,Wind热门概念,不在Wind导出有效热门概念清单中
884911.WI,融资租赁指数,wind_concept,Wind热门概念指数,false,29557,true,wind_hot_concept,Wind热门概念,不在Wind导出有效热门概念清单中
884912.WI,海岛监视监测指数,wind_concept,Wind热门概念指数,false,29556,true,wind_hot_concept,Wind热门概念,不在Wind导出有效热门概念清单中
884913.WI,沙尘暴指数,wind_concept,Wind热门概念指数,false,29555,true,wind_hot_concept,Wind热门概念,不在Wind导出有效热门概念清单中
884914.WI,新疆兵团国资指数,wind_concept,Wind热门概念指数,false,29554,true,wind_hot_concept,Wind热门概念,不在Wind导出有效热门概念清单中
884915.WI,信托指数,wind_concept,Wind热门概念指数,false,29553,true,wind_hot_concept,Wind热门概念,不在Wind导出有效热门概念清单中
884917.WI,参股河北企业指数,wind_concept,Wind热门概念指数,false,29552,true,wind_hot_concept,Wind热门概念,不在Wind导出有效热门概念清单中
884918.WI,畜牧业指数,wind_concept,Wind热门概念指数,false,29551,true,wind_hot_concept,Wind热门概念,不在Wind导出有效热门概念清单中
884919.WI,LNG汽车指数,wind_concept,Wind热门概念指数,false,29550,true,wind_hot_concept,Wind热门概念,不在Wind导出有效热门概念清单中
884920.WI,宝武钢铁集团指数,wind_concept,Wind热门概念指数,false,29549,true,wind_hot_concept,Wind热门概念,不在Wind导出有效热门概念清单中
884921.WI,神华集团指数,wind_concept,Wind热门概念指数,false,29548,true,wind_hot_concept,Wind热门概念,不在Wind导出有效热门概念清单中
884922.WI,国家电网指数,wind_concept,Wind热门概念指数,false,29547,true,wind_hot_concept,Wind热门概念,不在Wind导出有效热门概念清单中
884923.WI,中国兵工集团指数,wind_concept,Wind热门概念指数,false,29546,true,wind_hot_concept,Wind热门概念,不在Wind导出有效热门概念清单中
884924.WI,兵装集团指数,wind_concept,Wind热门概念指数,false,29545,true,wind_hot_concept,Wind热门概念,不在Wind导出有效热门概念清单中
884925.WI,中船集团指数,wind_concept,Wind热门概念指数,false,29544,true,wind_hot_concept,Wind热门概念,不在Wind导出有效热门概念清单中
884926.WI,中船重工指数,wind_concept,Wind热门概念指数,false,29543,true,wind_hot_concept,Wind热门概念,不在Wind导出有效热门概念清单中
884928.WI,东航集团指数,wind_concept,Wind热门概念指数,false,29542,true,wind_hot_concept,Wind热门概念,不在Wind导出有效热门概念清单中
884929.WI,国电集团指数,wind_concept,Wind热门概念指数,false,29541,true,wind_hot_concept,Wind热门概念,不在Wind导出有效热门概念清单中
884931.WI,中航系指数,wind_concept,Wind热门概念指数,true,39663,true,wind_hot_concept,Wind热门概念,
884932.WI,中核集团指数,wind_concept,Wind热门概念指数,false,29539,true,wind_hot_concept,Wind热门概念,不在Wind导出有效热门概念清单中
884933.WI,中国黄金指数,wind_concept,Wind热门概念指数,false,29538,true,wind_hot_concept,Wind热门概念,不在Wind导出有效热门概念清单中
884934.WI,中国建材集团指数,wind_concept,Wind热门概念指数,false,29537,true,wind_hot_concept,Wind热门概念,不在Wind导出有效热门概念清单中
884935.WI,中国联通指数,wind_concept,Wind热门概念指数,false,29536,true,wind_hot_concept,Wind热门概念,不在Wind导出有效热门概念清单中
884936.WI,中国铝业指数,wind_concept,Wind热门概念指数,false,29535,true,wind_hot_concept,Wind热门概念,不在Wind导出有效热门概念清单中
884937.WI,南航集团指数,wind_concept,Wind热门概念指数,false,29534,true,wind_hot_concept,Wind热门概念,不在Wind导出有效热门概念清单中
884938.WI,西电集团指数,wind_concept,Wind热门概念指数,false,29533,true,wind_hot_concept,Wind热门概念,不在Wind导出有效热门概念清单中
884939.WI,中国盐业总公司指数,wind_concept,Wind热门概念指数,false,29532,true,wind_hot_concept,Wind热门概念,不在Wind导出有效热门概念清单中
884940.WI,中煤集团指数,wind_concept,Wind热门概念指数,false,29531,true,wind_hot_concept,Wind热门概念,不在Wind导出有效热门概念清单中
884941.WI,电商物流指数,wind_concept,Wind热门概念指数,false,29530,true,wind_hot_concept,Wind热门概念,不在Wind导出有效热门概念清单中
884942.WI,金改指数,wind_concept,Wind热门概念指数,false,29529,true,wind_hot_concept,Wind热门概念,不在Wind导出有效热门概念清单中
884943.WI,广东基建指数,wind_concept,Wind热门概念指数,false,29528,true,wind_hot_concept,Wind热门概念,不在Wind导出有效热门概念清单中
884944.WI,光纤指数,wind_concept,Wind热门概念指数,false,29527,true,wind_hot_concept,Wind热门概念,不在Wind导出有效热门概念清单中
884945.WI,珠宝指数,wind_concept,Wind热门概念指数,false,29526,true,wind_hot_concept,Wind热门概念,不在Wind导出有效热门概念清单中
884946.WI,移动健康指数,wind_concept,Wind热门概念指数,false,29525,true,wind_hot_concept,Wind热门概念,不在Wind导出有效热门概念清单中
884947.WI,家居建材指数,wind_concept,Wind热门概念指数,false,29524,true,wind_hot_concept,Wind热门概念,不在Wind导出有效热门概念清单中
884948.WI,网络视频指数,wind_concept,Wind热门概念指数,false,29523,true,wind_hot_concept,Wind热门概念,不在Wind导出有效热门概念清单中
884949.WI,仪电仪表指数,wind_concept,Wind热门概念指数,false,29522,true,wind_hot_concept,Wind热门概念,不在Wind导出有效热门概念清单中
884950.WI,安邦举牌指数,wind_concept,Wind热门概念指数,false,29521,true,wind_hot_concept,Wind热门概念,不在Wind导出有效热门概念清单中
884951.WI,生物燃料指数,wind_concept,Wind热门概念指数,false,29520,true,wind_hot_concept,Wind热门概念,不在Wind导出有效热门概念清单中
884952.WI,射频识别指数,wind_concept,Wind热门概念指数,false,29519,true,wind_hot_concept,Wind热门概念,不在Wind导出有效热门概念清单中
884953.WI,集成电路指数,wind_concept,Wind热门概念指数,false,29518,true,wind_hot_concept,Wind热门概念,不在Wind导出有效热门概念清单中
884954.WI,焦炭指数,wind_concept,Wind热门概念指数,false,29517,true,wind_hot_concept,Wind热门概念,不在Wind导出有效热门概念清单中
884955.WI,油页岩指数,wind_concept,Wind热门概念指数,false,29516,true,wind_hot_concept,Wind热门概念,不在Wind导出有效热门概念清单中
884956.WI,有色金属指数,wind_concept,Wind热门概念指数,false,29515,true,wind_hot_concept,Wind热门概念,不在Wind导出有效热门概念清单中
884957.WI,余热利用指数,wind_concept,Wind热门概念指数,false,29514,true,wind_hot_concept,Wind热门概念,不在Wind导出有效热门概念清单中
884958.WI,云南国资指数,wind_concept,Wind热门概念指数,false,29513,true,wind_hot_concept,Wind热门概念,不在Wind导出有效热门概念清单中
884959.WI,深海科技指数,wind_concept,Wind热门概念指数,true,39662,true,wind_hot_concept,Wind热门概念,
884960.WI,舰载机指数,wind_concept,Wind热门概念指数,false,29511,true,wind_hot_concept,Wind热门概念,不在Wind导出有效热门概念清单中
884961.WI,炭素指数,wind_concept,Wind热门概念指数,false,29510,true,wind_hot_concept,Wind热门概念,不在Wind导出有效热门概念清单中
884962.WI,金融云指数,wind_concept,Wind热门概念指数,false,29509,true,wind_hot_concept,Wind热门概念,不在Wind导出有效热门概念清单中
884963.WI,动力电池指数,wind_concept,Wind热门概念指数,true,39661,true,wind_hot_concept,Wind热门概念,
884964.WI,陕甘宁指数,wind_concept,Wind热门概念指数,false,29507,true,wind_hot_concept,Wind热门概念,不在Wind导出有效热门概念清单中
884965.WI,世界杯指数,wind_concept,Wind热门概念指数,false,29506,true,wind_hot_concept,Wind热门概念,不在Wind导出有效热门概念清单中
884966.WI,珠三角指数,wind_concept,Wind热门概念指数,false,29505,true,wind_hot_concept,Wind热门概念,不在Wind导出有效热门概念清单中
884968.WI,核电级蒸汽发生器指数,wind_concept,Wind热门概念指数,false,29504,true,wind_hot_concept,Wind热门概念,不在Wind导出有效热门概念清单中
884969.WI,超高清视频指数,wind_concept,Wind热门概念指数,false,29503,true,wind_hot_concept,Wind热门概念,不在Wind导出有效热门概念清单中
884970.WI,河南自贸区指数,wind_concept,Wind热门概念指数,false,29502,true,wind_hot_concept,Wind热门概念,不在Wind导出有效热门概念清单中
884971.WI,新能源客车指数,wind_concept,Wind热门概念指数,false,29501,true,wind_hot_concept,Wind热门概念,不在Wind导出有效热门概念清单中
884972.WI,移动医疗指数,wind_concept,Wind热门概念指数,false,29500,true,wind_hot_concept,Wind热门概念,不在Wind导出有效热门概念清单中
884974.WI,互联网医疗指数,wind_concept,Wind热门概念指数,false,29499,true,wind_hot_concept,Wind热门概念,不在Wind导出有效热门概念清单中
884975.WI,海工装备指数,wind_concept,Wind热门概念指数,false,29498,true,wind_hot_concept,Wind热门概念,不在Wind导出有效热门概念清单中
884977.WI,光伏逆变器指数,wind_concept,Wind热门概念指数,true,39660,true,wind_hot_concept,Wind热门概念,
884978.WI,杭州亚运会指数,wind_concept,Wind热门概念指数,false,29496,true,wind_hot_concept,Wind热门概念,不在Wind导出有效热门概念清单中
884979.WI,矿山智能指数,wind_concept,Wind热门概念指数,false,29495,true,wind_hot_concept,Wind热门概念,不在Wind导出有效热门概念清单中
884980.WI,上海金改指数,wind_concept,Wind热门概念指数,false,29494,true,wind_hot_concept,Wind热门概念,不在Wind导出有效热门概念清单中
884981.WI,中国铁总指数,wind_concept,Wind热门概念指数,false,29493,true,wind_hot_concept,Wind热门概念,不在Wind导出有效热门概念清单中
884982.WI,瓦楞纸箱指数,wind_concept,Wind热门概念指数,false,29492,true,wind_hot_concept,Wind热门概念,不在Wind导出有效热门概念清单中
884983.WI,客车指数,wind_concept,Wind热门概念指数,false,29491,true,wind_hot_concept,Wind热门概念,不在Wind导出有效热门概念清单中
884985.WI,酒店餐饮指数,wind_concept,Wind热门概念指数,false,29490,true,wind_hot_concept,Wind热门概念,不在Wind导出有效热门概念清单中
884986.WI,镁电池指数,wind_concept,Wind热门概念指数,false,29489,true,wind_hot_concept,Wind热门概念,不在Wind导出有效热门概念清单中
884987.WI,操作系统指数,wind_concept,Wind热门概念指数,true,39659,true,wind_hot_concept,Wind热门概念,
884988.WI,凭祥自贸区指数,wind_concept,Wind热门概念指数,false,29487,true,wind_hot_concept,Wind热门概念,不在Wind导出有效热门概念清单中
884989.WI,水利设备指数,wind_concept,Wind热门概念指数,false,29486,true,wind_hot_concept,Wind热门概念,不在Wind导出有效热门概念清单中
884991.WI,中原经济区指数,wind_concept,Wind热门概念指数,false,29485,true,wind_hot_concept,Wind热门概念,不在Wind导出有效热门概念清单中
884992.WI,中字头央企指数,wind_concept,Wind热门概念指数,true,39658,true,wind_hot_concept,Wind热门概念,
884993.WI,重金属治理指数,wind_concept,Wind热门概念指数,false,29483,true,wind_hot_concept,Wind热门概念,不在Wind导出有效热门概念清单中
884994.WI,AMC指数,wind_concept,Wind热门概念指数,false,29482,true,wind_hot_concept,Wind热门概念,不在Wind导出有效热门概念清单中
884995.WI,轨道交通指数,wind_concept,Wind热门概念指数,false,29481,true,wind_hot_concept,Wind热门概念,不在Wind导出有效热门概念清单中
884996.WI,钒钛指数,wind_concept,Wind热门概念指数,false,29480,true,wind_hot_concept,Wind热门概念,不在Wind导出有效热门概念清单中
884997.WI,液晶显示指数,wind_concept,Wind热门概念指数,false,29479,true,wind_hot_concept,Wind热门概念,不在Wind导出有效热门概念清单中
884998.WI,水泥指数,wind_concept,Wind热门概念指数,false,29478,true,wind_hot_concept,Wind热门概念,不在Wind导出有效热门概念清单中
8841000.WI,金融科技指数,wind_concept,Wind热门概念指数,true,39976,true,wind_hot_concept,Wind热门概念,
8841001.WI,ERP软件指数,wind_concept,Wind热门概念指数,false,29476,true,wind_hot_concept,Wind热门概念,不在Wind导出有效热门概念清单中
8841002.WI,乡村振兴指数,wind_concept,Wind热门概念指数,true,39975,true,wind_hot_concept,Wind热门概念,
8841003.WI,万达私有化指数,wind_concept,Wind热门概念指数,false,29474,true,wind_hot_concept,Wind热门概念,不在Wind导出有效热门概念清单中
8841004.WI,腾讯平台指数,wind_concept,Wind热门概念指数,true,39974,true,wind_hot_concept,Wind热门概念,
8841005.WI,吉利集团指数,wind_concept,Wind热门概念指数,false,29472,true,wind_hot_concept,Wind热门概念,不在Wind导出有效热门概念清单中
8841006.WI,电子身份证指数,wind_concept,Wind热门概念指数,false,29471,true,wind_hot_concept,Wind热门概念,不在Wind导出有效热门概念清单中
8841007.WI,华为平台指数,wind_concept,Wind热门概念指数,true,39973,true,wind_hot_concept,Wind热门概念,
8841008.WI,王亚伟指数,wind_concept,Wind热门概念指数,false,29469,true,wind_hot_concept,Wind热门概念,不在Wind导出有效热门概念清单中
8841009.WI,相变存储指数,wind_concept,Wind热门概念指数,false,29468,true,wind_hot_concept,Wind热门概念,不在Wind导出有效热门概念清单中
8841010.WI,物产系指数,wind_concept,Wind热门概念指数,false,29467,true,wind_hot_concept,Wind热门概念,不在Wind导出有效热门概念清单中
8841011.WI,深圳市国资指数,wind_concept,Wind热门概念指数,false,29466,true,wind_hot_concept,Wind热门概念,不在Wind导出有效热门概念清单中
8841012.WI,雄安地热指数,wind_concept,Wind热门概念指数,false,29465,true,wind_hot_concept,Wind热门概念,不在Wind导出有效热门概念清单中
8841013.WI,国产软硬件指数,wind_concept,Wind热门概念指数,true,39972,true,wind_hot_concept,Wind热门概念,
8841014.WI,工业互联网指数,wind_concept,Wind热门概念指数,true,39971,true,wind_hot_concept,Wind热门概念,
8841015.WI,狂犬病指数,wind_concept,Wind热门概念指数,false,29462,true,wind_hot_concept,Wind热门概念,不在Wind导出有效热门概念清单中
8841016.WI,北京市国资指数,wind_concept,Wind热门概念指数,false,29461,true,wind_hot_concept,Wind热门概念,不在Wind导出有效热门概念清单中
8841017.WI,广东省国资指数,wind_concept,Wind热门概念指数,false,29460,true,wind_hot_concept,Wind热门概念,不在Wind导出有效热门概念清单中
8841018.WI,蚂蚁金服指数,wind_concept,Wind热门概念指数,false,29459,true,wind_hot_concept,Wind热门概念,不在Wind导出有效热门概念清单中
8841019.WI,参股宁德时代指数,wind_concept,Wind热门概念指数,false,29458,true,wind_hot_concept,Wind热门概念,不在Wind导出有效热门概念清单中
8841020.WI,富士康产业链指数,wind_concept,Wind热门概念指数,false,29457,true,wind_hot_concept,Wind热门概念,不在Wind导出有效热门概念清单中
8841021.WI,独角兽指数,wind_concept,Wind热门概念指数,false,29456,true,wind_hot_concept,Wind热门概念,不在Wind导出有效热门概念清单中
8841022.WI,全面屏指数,wind_concept,Wind热门概念指数,false,29455,true,wind_hot_concept,Wind热门概念,不在Wind导出有效热门概念清单中
8841023.WI,eSIM卡指数,wind_concept,Wind热门概念指数,false,29454,true,wind_hot_concept,Wind热门概念,不在Wind导出有效热门概念清单中
8841024.WI,国产化创新指数,wind_concept,Wind热门概念指数,true,39970,true,wind_hot_concept,Wind热门概念,
8841025.WI,量子计算机指数,wind_concept,Wind热门概念指数,false,29452,true,wind_hot_concept,Wind热门概念,不在Wind导出有效热门概念清单中
8841026.WI,3D玻璃指数,wind_concept,Wind热门概念指数,false,29451,true,wind_hot_concept,Wind热门概念,不在Wind导出有效热门概念清单中
8841027.WI,炭黑指数,wind_concept,Wind热门概念指数,false,29450,true,wind_hot_concept,Wind热门概念,不在Wind导出有效热门概念清单中
8841028.WI,长三角指数,wind_concept,Wind热门概念指数,false,29449,true,wind_hot_concept,Wind热门概念,不在Wind导出有效热门概念清单中
8841029.WI,抗艾滋病指数,wind_concept,Wind热门概念指数,false,29448,true,wind_hot_concept,Wind热门概念,不在Wind导出有效热门概念清单中
8841030.WI,烧碱指数,wind_concept,Wind热门概念指数,false,29447,true,wind_hot_concept,Wind热门概念,不在Wind导出有效热门概念清单中
8841031.WI,无屏电视指数,wind_concept,Wind热门概念指数,false,29446,true,wind_hot_concept,Wind热门概念,不在Wind导出有效热门概念清单中
8841032.WI,有机硅指数,wind_concept,Wind热门概念指数,false,29445,true,wind_hot_concept,Wind热门概念,不在Wind导出有效热门概念清单中
8841033.WI,钾肥指数,wind_concept,Wind热门概念指数,false,29444,true,wind_hot_concept,Wind热门概念,不在Wind导出有效热门概念清单中
8841034.WI,宁德时代产业链指数,wind_concept,Wind热门概念指数,true,39969,true,wind_hot_concept,Wind热门概念,
8841035.WI,西部水泥指数,wind_concept,Wind热门概念指数,false,29442,true,wind_hot_concept,Wind热门概念,不在Wind导出有效热门概念清单中
8841036.WI,保理业务指数,wind_concept,Wind热门概念指数,false,29441,true,wind_hot_concept,Wind热门概念,不在Wind导出有效热门概念清单中
8841037.WI,萤石指数,wind_concept,Wind热门概念指数,false,29440,true,wind_hot_concept,Wind热门概念,不在Wind导出有效热门概念清单中
8841038.WI,电动物流车指数,wind_concept,Wind热门概念指数,false,29439,true,wind_hot_concept,Wind热门概念,不在Wind导出有效热门概念清单中
8841039.WI,氟化工指数,wind_concept,Wind热门概念指数,true,39968,true,wind_hot_concept,Wind热门概念,
8841040.WI,CAR-T疗法指数,wind_concept,Wind热门概念指数,false,29437,true,wind_hot_concept,Wind热门概念,不在Wind导出有效热门概念清单中
8841041.WI,垃圾分类指数,wind_concept,Wind热门概念指数,false,29436,true,wind_hot_concept,Wind热门概念,不在Wind导出有效热门概念清单中
8841042.WI,玻璃指数,wind_concept,Wind热门概念指数,false,29435,true,wind_hot_concept,Wind热门概念,不在Wind导出有效热门概念清单中
8841043.WI,玻璃纤维指数,wind_concept,Wind热门概念指数,true,39966,true,wind_hot_concept,Wind热门概念,
8841044.WI,啤酒指数,wind_concept,Wind热门概念指数,false,29433,true,wind_hot_concept,Wind热门概念,不在Wind导出有效热门概念清单中
8841045.WI,黄酒指数,wind_concept,Wind热门概念指数,false,29432,true,wind_hot_concept,Wind热门概念,不在Wind导出有效热门概念清单中
8841046.WI,聚碳酸酯指数,wind_concept,Wind热门概念指数,false,29431,true,wind_hot_concept,Wind热门概念,不在Wind导出有效热门概念清单中
8841047.WI,音乐产业指数,wind_concept,Wind热门概念指数,false,29430,true,wind_hot_concept,Wind热门概念,不在Wind导出有效热门概念清单中
8841048.WI,K-12教育指数,wind_concept,Wind热门概念指数,true,39965,true,wind_hot_concept,Wind热门概念,
8841049.WI,创新药指数,wind_concept,Wind热门概念指数,true,39964,true,wind_hot_concept,Wind热门概念,
8841050.WI,智能音箱指数,wind_concept,Wind热门概念指数,true,39963,true,wind_hot_concept,Wind热门概念,
8841051.WI,液态金属指数,wind_concept,Wind热门概念指数,false,29426,true,wind_hot_concept,Wind热门概念,不在Wind导出有效热门概念清单中
8841052.WI,Mini LED指数,wind_concept,Wind热门概念指数,true,39962,true,wind_hot_concept,Wind热门概念,
8841053.WI,QLED指数,wind_concept,Wind热门概念指数,false,29424,true,wind_hot_concept,Wind热门概念,不在Wind导出有效热门概念清单中
8841054.WI,供应链金融指数,wind_concept,Wind热门概念指数,false,29423,true,wind_hot_concept,Wind热门概念,不在Wind导出有效热门概念清单中
8841055.WI,独家药指数,wind_concept,Wind热门概念指数,false,29422,true,wind_hot_concept,Wind热门概念,不在Wind导出有效热门概念清单中
8841056.WI,血液制品指数,wind_concept,Wind热门概念指数,true,39961,true,wind_hot_concept,Wind热门概念,
8841057.WI,血液透析指数,wind_concept,Wind热门概念指数,false,29420,true,wind_hot_concept,Wind热门概念,不在Wind导出有效热门概念清单中
8841058.WI,服务器指数,wind_concept,Wind热门概念指数,true,39960,true,wind_hot_concept,Wind热门概念,
8841062.WI,工业气体指数,wind_concept,Wind热门概念指数,true,39959,true,wind_hot_concept,Wind热门概念,
8841063.WI,氢能指数,wind_concept,Wind热门概念指数,true,39958,true,wind_hot_concept,Wind热门概念,
8841064.WI,数字经济指数,wind_concept,Wind热门概念指数,true,39957,true,wind_hot_concept,Wind热门概念,
8841065.WI,制冷剂指数,wind_concept,Wind热门概念指数,false,29415,true,wind_hot_concept,Wind热门概念,不在Wind导出有效热门概念清单中
8841066.WI,天津市国资指数,wind_concept,Wind热门概念指数,false,29414,true,wind_hot_concept,Wind热门概念,不在Wind导出有效热门概念清单中
8841067.WI,河北省国资指数,wind_concept,Wind热门概念指数,false,29413,true,wind_hot_concept,Wind热门概念,不在Wind导出有效热门概念清单中
8841068.WI,南京市国资指数,wind_concept,Wind热门概念指数,true,39956,true,wind_hot_concept,Wind热门概念,
8841069.WI,江苏省国资指数,wind_concept,Wind热门概念指数,false,29411,true,wind_hot_concept,Wind热门概念,不在Wind导出有效热门概念清单中
8841070.WI,出海贸易指数,wind_concept,Wind热门概念指数,false,29410,true,wind_hot_concept,Wind热门概念,不在Wind导出有效热门概念清单中
8841071.WI,地方国企指数,wind_concept,Wind热门概念指数,false,29409,true,wind_hot_concept,Wind热门概念,不在Wind导出有效热门概念清单中
8841072.WI,反关税指数,wind_concept,Wind热门概念指数,true,39954,true,wind_hot_concept,Wind热门概念,
8841073.WI,机电产品指数,wind_concept,Wind热门概念指数,false,29407,true,wind_hot_concept,Wind热门概念,不在Wind导出有效热门概念清单中
8841074.WI,无感支付指数,wind_concept,Wind热门概念指数,false,29406,true,wind_hot_concept,Wind热门概念,不在Wind导出有效热门概念清单中
8841075.WI,医药连锁指数,wind_concept,Wind热门概念指数,false,29405,true,wind_hot_concept,Wind热门概念,不在Wind导出有效热门概念清单中
8841076.WI,参股药明康德指数,wind_concept,Wind热门概念指数,false,29404,true,wind_hot_concept,Wind热门概念,不在Wind导出有效热门概念清单中
8841077.WI,无缝钢管指数,wind_concept,Wind热门概念指数,false,29403,true,wind_hot_concept,Wind热门概念,不在Wind导出有效热门概念清单中
8841078.WI,苯酚指数,wind_concept,Wind热门概念指数,false,29402,true,wind_hot_concept,Wind热门概念,不在Wind导出有效热门概念清单中
8841079.WI,挖掘机指数,wind_concept,Wind热门概念指数,true,39953,true,wind_hot_concept,Wind热门概念,
8841080.WI,中船系指数,wind_concept,Wind热门概念指数,true,39952,true,wind_hot_concept,Wind热门概念,
8841081.WI,机器视觉指数,wind_concept,Wind热门概念指数,true,39951,true,wind_hot_concept,Wind热门概念,
8841082.WI,盐湖提锂指数,wind_concept,Wind热门概念指数,true,39950,true,wind_hot_concept,Wind热门概念,
8841083.WI,钴矿指数,wind_concept,Wind热门概念指数,true,39949,true,wind_hot_concept,Wind热门概念,
8841084.WI,室内导航指数,wind_concept,Wind热门概念指数,false,29396,true,wind_hot_concept,Wind热门概念,不在Wind导出有效热门概念清单中
8841085.WI,CDR概念指数,wind_concept,Wind热门概念指数,false,29395,true,wind_hot_concept,Wind热门概念,不在Wind导出有效热门概念清单中
8841086.WI,中概股回归指数,wind_concept,Wind热门概念指数,false,29394,true,wind_hot_concept,Wind热门概念,不在Wind导出有效热门概念清单中
8841087.WI,仿制药指数,wind_concept,Wind热门概念指数,true,39948,true,wind_hot_concept,Wind热门概念,
8841088.WI,崇明生态岛指数,wind_concept,Wind热门概念指数,false,29392,true,wind_hot_concept,Wind热门概念,不在Wind导出有效热门概念清单中
8841089.WI,稀土指数,wind_concept,Wind热门概念指数,true,39947,true,wind_hot_concept,Wind热门概念,
8841090.WI,万得预增指数,wind_concept,Wind热门概念指数,true,39946,true,wind_hot_concept,Wind热门概念,
8841091.WI,海南省国资指数,wind_concept,Wind热门概念指数,false,29389,true,wind_hot_concept,Wind热门概念,不在Wind导出有效热门概念清单中
8841092.WI,合资企业指数,wind_concept,Wind热门概念指数,false,29388,true,wind_hot_concept,Wind热门概念,不在Wind导出有效热门概念清单中
8841093.WI,知识产权指数,wind_concept,Wind热门概念指数,false,29387,true,wind_hot_concept,Wind热门概念,不在Wind导出有效热门概念清单中
8841094.WI,金融开放指数,wind_concept,Wind热门概念指数,false,29386,true,wind_hot_concept,Wind热门概念,不在Wind导出有效热门概念清单中
8841095.WI,纯碱指数,wind_concept,Wind热门概念指数,false,29385,true,wind_hot_concept,Wind热门概念,不在Wind导出有效热门概念清单中
8841096.WI,晶圆产业指数,wind_concept,Wind热门概念指数,true,39945,true,wind_hot_concept,Wind热门概念,
8841097.WI,云通信指数,wind_concept,Wind热门概念指数,false,29383,true,wind_hot_concept,Wind热门概念,不在Wind导出有效热门概念清单中
8841098.WI,高送转预期指数,wind_concept,Wind热门概念指数,true,39944,true,wind_hot_concept,Wind热门概念,
8841099.WI,领涨龙头指数,wind_concept,Wind热门概念指数,false,29381,true,wind_hot_concept,Wind热门概念,不在Wind导出有效热门概念清单中
8841100.WI,蔚来汽车指数,wind_concept,Wind热门概念指数,false,29380,true,wind_hot_concept,Wind热门概念,不在Wind导出有效热门概念清单中
8841101.WI,陆股通重仓指数,wind_concept,Wind热门概念指数,false,29379,true,wind_hot_concept,Wind热门概念,不在Wind导出有效热门概念清单中
8841102.WI,波音公司指数,wind_concept,Wind热门概念指数,false,29378,true,wind_hot_concept,Wind热门概念,不在Wind导出有效热门概念清单中
8841103.WI,扭亏指数,wind_concept,Wind热门概念指数,false,29377,true,wind_hot_concept,Wind热门概念,不在Wind导出有效热门概念清单中
8841104.WI,超导指数,wind_concept,Wind热门概念指数,true,39943,true,wind_hot_concept,Wind热门概念,
8841105.WI,大豆指数,wind_concept,Wind热门概念指数,false,29375,true,wind_hot_concept,Wind热门概念,不在Wind导出有效热门概念清单中
8841106.WI,摘帽指数,wind_concept,Wind热门概念指数,false,29374,true,wind_hot_concept,Wind热门概念,不在Wind导出有效热门概念清单中
8841107.WI,次新股指数,wind_concept,Wind热门概念指数,true,39942,true,wind_hot_concept,Wind热门概念,
8841108.WI,棉花指数,wind_concept,Wind热门概念指数,false,29372,true,wind_hot_concept,Wind热门概念,不在Wind导出有效热门概念清单中
8841109.WI,化妆品指数,wind_concept,Wind热门概念指数,false,29371,true,wind_hot_concept,Wind热门概念,不在Wind导出有效热门概念清单中
8841110.WI,油价上调指数,wind_concept,Wind热门概念指数,false,29370,true,wind_hot_concept,Wind热门概念,不在Wind导出有效热门概念清单中
8841111.WI,钢铁电商指数,wind_concept,Wind热门概念指数,false,29369,true,wind_hot_concept,Wind热门概念,不在Wind导出有效热门概念清单中
8841112.WI,沪伦通指数,wind_concept,Wind热门概念指数,false,29368,true,wind_hot_concept,Wind热门概念,不在Wind导出有效热门概念清单中
8841113.WI,电子车牌指数,wind_concept,Wind热门概念指数,false,29367,true,wind_hot_concept,Wind热门概念,不在Wind导出有效热门概念清单中
8841114.WI,超级细菌指数,wind_concept,Wind热门概念指数,false,29366,true,wind_hot_concept,Wind热门概念,不在Wind导出有效热门概念清单中
8841115.WI,冬奥会指数,wind_concept,Wind热门概念指数,false,29365,true,wind_hot_concept,Wind热门概念,不在Wind导出有效热门概念清单中
8841116.WI,重庆自贸区指数,wind_concept,Wind热门概念指数,false,29364,true,wind_hot_concept,Wind热门概念,不在Wind导出有效热门概念清单中
8841117.WI,智慧林业指数,wind_concept,Wind热门概念指数,false,29363,true,wind_hot_concept,Wind热门概念,不在Wind导出有效热门概念清单中
8841118.WI,养老金指数,wind_concept,Wind热门概念指数,false,29362,true,wind_hot_concept,Wind热门概念,不在Wind导出有效热门概念清单中
8841119.WI,四川自贸区指数,wind_concept,Wind热门概念指数,false,29361,true,wind_hot_concept,Wind热门概念,不在Wind导出有效热门概念清单中
8841120.WI,陕西自贸区指数,wind_concept,Wind热门概念指数,false,29360,true,wind_hot_concept,Wind热门概念,不在Wind导出有效热门概念清单中
8841640.WI,硅能源指数,wind_concept,Wind热门概念指数,true,39819,true,wind_hot_concept,Wind热门概念,
8841641.WI,能源出海指数,wind_concept,Wind热门概念指数,true,39818,true,wind_hot_concept,Wind热门概念,
8841642.WI,环氧丙烷指数,wind_concept,Wind热门概念指数,false,29357,true,wind_hot_concept,Wind热门概念,不在Wind导出有效热门概念清单中
8841643.WI,电池回收指数,wind_concept,Wind热门概念指数,true,39817,true,wind_hot_concept,Wind热门概念,
8841644.WI,信创产业指数,wind_concept,Wind热门概念指数,true,39816,true,wind_hot_concept,Wind热门概念,
8841645.WI,跨境支付指数,wind_concept,Wind热门概念指数,true,39815,true,wind_hot_concept,Wind热门概念,
8841646.WI,TMT指数,wind_concept,Wind热门概念指数,false,29353,true,wind_hot_concept,Wind热门概念,不在Wind导出有效热门概念清单中
8841647.WI,工业软件指数,wind_concept,Wind热门概念指数,false,29352,true,wind_hot_concept,Wind热门概念,不在Wind导出有效热门概念清单中
8841648.WI,PVDF指数,wind_concept,Wind热门概念指数,false,29351,true,wind_hot_concept,Wind热门概念,不在Wind导出有效热门概念清单中
8841649.WI,单克隆抗体指数,wind_concept,Wind热门概念指数,false,29350,true,wind_hot_concept,Wind热门概念,不在Wind导出有效热门概念清单中
8841650.WI,雷达指数,wind_concept,Wind热门概念指数,true,39814,true,wind_hot_concept,Wind热门概念,
8841651.WI,数据安全指数,wind_concept,Wind热门概念指数,true,39813,true,wind_hot_concept,Wind热门概念,
8841652.WI,汽车芯片指数,wind_concept,Wind热门概念指数,true,39812,true,wind_hot_concept,Wind热门概念,
8841653.WI,预期提升指数,wind_concept,Wind热门概念指数,true,39811,true,wind_hot_concept,Wind热门概念,
8841654.WI,万得超大盘股指数,wind_concept,Wind热门概念指数,false,29345,true,wind_hot_concept,Wind热门概念,不在Wind导出有效热门概念清单中
8841655.WI,万得中盘股指数,wind_concept,Wind热门概念指数,false,29344,true,wind_hot_concept,Wind热门概念,不在Wind导出有效热门概念清单中
8841656.WI,万得小盘股指数,wind_concept,Wind热门概念指数,false,29343,true,wind_hot_concept,Wind热门概念,不在Wind导出有效热门概念清单中
8841657.WI,WEB3.0指数,wind_concept,Wind热门概念指数,true,39810,true,wind_hot_concept,Wind热门概念,
8841658.WI,医保支付改革指数,wind_concept,Wind热门概念指数,true,39809,true,wind_hot_concept,Wind热门概念,
8841659.WI,自主可控指数,wind_concept,Wind热门概念指数,true,39808,true,wind_hot_concept,Wind热门概念,
8841660.WI,AIGC指数,wind_concept,Wind热门概念指数,true,39806,true,wind_hot_concept,Wind热门概念,
8841662.WI,央企指数,wind_concept,Wind热门概念指数,true,39805,true,wind_hot_concept,Wind热门概念,
8841663.WI,熊去氧胆酸指数,wind_concept,Wind热门概念指数,false,29337,true,wind_hot_concept,Wind热门概念,不在Wind导出有效热门概念清单中
8841664.WI,抗病毒面料指数,wind_concept,Wind热门概念指数,false,29336,true,wind_hot_concept,Wind热门概念,不在Wind导出有效热门概念清单中
8841665.WI,数据要素指数,wind_concept,Wind热门概念指数,true,39804,true,wind_hot_concept,Wind热门概念,
8841666.WI,POE胶膜指数,wind_concept,Wind热门概念指数,false,29334,true,wind_hot_concept,Wind热门概念,不在Wind导出有效热门概念清单中
8841667.WI,直播带货指数,wind_concept,Wind热门概念指数,true,39803,true,wind_hot_concept,Wind热门概念,
8841668.WI,血氧仪指数,wind_concept,Wind热门概念指数,false,29332,true,wind_hot_concept,Wind热门概念,不在Wind导出有效热门概念清单中
8841669.WI,ChatGPT指数,wind_concept,Wind热门概念指数,true,39802,true,wind_hot_concept,Wind热门概念,
8841671.WI,固态电池指数,wind_concept,Wind热门概念指数,true,39801,true,wind_hot_concept,Wind热门概念,
8841672.WI,新经济指数,wind_concept,Wind热门概念指数,false,29329,true,wind_hot_concept,Wind热门概念,不在Wind导出有效热门概念清单中
8841673.WI,老经济指数,wind_concept,Wind热门概念指数,false,29328,true,wind_hot_concept,Wind热门概念,不在Wind导出有效热门概念清单中
8841674.WI,长寿酶(NMN)指数,wind_concept,Wind热门概念指数,false,29327,true,wind_hot_concept,Wind热门概念,不在Wind导出有效热门概念清单中
8841675.WI,换电站指数,wind_concept,Wind热门概念指数,false,29326,true,wind_hot_concept,Wind热门概念,不在Wind导出有效热门概念清单中
8841676.WI,新能源设备指数,wind_concept,Wind热门概念指数,false,29325,true,wind_hot_concept,Wind热门概念,不在Wind导出有效热门概念清单中
8841677.WI,数字水印指数,wind_concept,Wind热门概念指数,false,29324,true,wind_hot_concept,Wind热门概念,不在Wind导出有效热门概念清单中
8841678.WI,AI算力指数,wind_concept,Wind热门概念指数,true,39800,true,wind_hot_concept,Wind热门概念,
8841679.WI,时空大数据指数,wind_concept,Wind热门概念指数,true,39799,true,wind_hot_concept,Wind热门概念,
8841680.WI,6G指数,wind_concept,Wind热门概念指数,true,39798,true,wind_hot_concept,Wind热门概念,
8841681.WI,中特估指数,wind_concept,Wind热门概念指数,true,39797,true,wind_hot_concept,Wind热门概念,
8841682.WI,胶原蛋白指数,wind_concept,Wind热门概念指数,false,29319,true,wind_hot_concept,Wind热门概念,不在Wind导出有效热门概念清单中
8841683.WI,AI应用指数,wind_concept,Wind热门概念指数,true,39796,true,wind_hot_concept,Wind热门概念,
8841689.WI,口腔医疗指数,wind_concept,Wind热门概念指数,false,29317,true,wind_hot_concept,Wind热门概念,不在Wind导出有效热门概念清单中
8841690.WI,中文语料库指数,wind_concept,Wind热门概念指数,true,39794,true,wind_hot_concept,Wind热门概念,
8841691.WI,财通证券金股指数,wind_concept,Wind热门概念指数,false,29315,true,wind_hot_concept,Wind热门概念,不在Wind导出有效热门概念清单中
8841692.WI,民营企业综合指数,wind_concept,Wind热门概念指数,false,29314,true,wind_hot_concept,Wind热门概念,不在Wind导出有效热门概念清单中
8841693.WI,国企综合指数,wind_concept,Wind热门概念指数,false,29313,true,wind_hot_concept,Wind热门概念,不在Wind导出有效热门概念清单中
8841694.WI,央企综合指数,wind_concept,Wind热门概念指数,false,29312,true,wind_hot_concept,Wind热门概念,不在Wind导出有效热门概念清单中
8841695.WI,地方国企综合指数,wind_concept,Wind热门概念指数,false,29311,true,wind_hot_concept,Wind热门概念,不在Wind导出有效热门概念清单中
8841696.WI,金特估指数,wind_concept,Wind热门概念指数,true,39793,true,wind_hot_concept,Wind热门概念,
8841698.WI,一带一路特估指数,wind_concept,Wind热门概念指数,false,29309,true,wind_hot_concept,Wind热门概念,不在Wind导出有效热门概念清单中
8841699.WI,人形机器人指数,wind_concept,Wind热门概念指数,true,39792,true,wind_hot_concept,Wind热门概念,
8841700.WI,脑机接口指数,wind_concept,Wind热门概念指数,true,39790,true,wind_hot_concept,Wind热门概念,
8841701.WI,GPU指数,wind_concept,Wind热门概念指数,true,39789,true,wind_hot_concept,Wind热门概念,
8841702.WI,英伟达产业链指数,wind_concept,Wind热门概念指数,true,39788,true,wind_hot_concept,Wind热门概念,
8841705.WI,锗镓锑墨指数,wind_concept,Wind热门概念指数,true,39787,true,wind_hot_concept,Wind热门概念,
8841708.WI,科改示范企业指数,wind_concept,Wind热门概念指数,false,29303,true,wind_hot_concept,Wind热门概念,不在Wind导出有效热门概念清单中
8841710.WI,城中村改造指数,wind_concept,Wind热门概念指数,true,39786,true,wind_hot_concept,Wind热门概念,
8841711.WI,小鹏汽车产业链指数,wind_concept,Wind热门概念指数,false,29301,true,wind_hot_concept,Wind热门概念,不在Wind导出有效热门概念清单中
8841712.WI,万得全A价格指数,wind_concept,Wind热门概念指数,false,29300,true,wind_hot_concept,Wind热门概念,不在Wind导出有效热门概念清单中
8841718.WI,减肥药指数,wind_concept,Wind热门概念指数,true,39785,true,wind_hot_concept,Wind热门概念,
8841720.WI,PVC地板指数,wind_concept,Wind热门概念指数,false,29298,true,wind_hot_concept,Wind热门概念,不在Wind导出有效热门概念清单中
8841721.WI,SPD指数,wind_concept,Wind热门概念指数,true,39784,true,wind_hot_concept,Wind热门概念,
8841723.WI,全A负动量指数,wind_concept,Wind热门概念指数,false,29296,true,wind_hot_concept,Wind热门概念,不在Wind导出有效热门概念清单中
8841724.WI,食盐指数,wind_concept,Wind热门概念指数,false,29295,true,wind_hot_concept,Wind热门概念,不在Wind导出有效热门概念清单中
8841725.WI,核废水指数,wind_concept,Wind热门概念指数,false,29294,true,wind_hot_concept,Wind热门概念,不在Wind导出有效热门概念清单中
8841726.WI,BC电池指数,wind_concept,Wind热门概念指数,true,39783,true,wind_hot_concept,Wind热门概念,
8841727.WI,代糖指数,wind_concept,Wind热门概念指数,false,29292,true,wind_hot_concept,Wind热门概念,不在Wind导出有效热门概念清单中
8841728.WI,光刻工厂指数,wind_concept,Wind热门概念指数,true,39782,true,wind_hot_concept,Wind热门概念,
8841729.WI,芯片设计指数,wind_concept,Wind热门概念指数,false,29290,true,wind_hot_concept,Wind热门概念,不在Wind导出有效热门概念清单中
8841730.WI,市场情绪指数,wind_concept,Wind热门概念指数,false,29289,true,wind_hot_concept,Wind热门概念,不在Wind导出有效热门概念清单中
8841731.WI,华鲲振宇指数,wind_concept,Wind热门概念指数,true,39781,true,wind_hot_concept,Wind热门概念,
8841732.WI,触板指数,wind_concept,Wind热门概念指数,false,29287,true,wind_hot_concept,Wind热门概念,不在Wind导出有效热门概念清单中
8841733.WI,IPO现场检查指数,wind_concept,Wind热门概念指数,false,29286,true,wind_hot_concept,Wind热门概念,不在Wind导出有效热门概念清单中
8841734.WI,东海证券金股指数,wind_concept,Wind热门概念指数,false,29285,true,wind_hot_concept,Wind热门概念,不在Wind导出有效热门概念清单中
8841735.WI,新疆自贸区指数,wind_concept,Wind热门概念指数,true,39780,true,wind_hot_concept,Wind热门概念,
8841736.WI,阿尔兹海默指数,wind_concept,Wind热门概念指数,false,29283,true,wind_hot_concept,Wind热门概念,不在Wind导出有效热门概念清单中
8841737.WI,小米汽车指数,wind_concept,Wind热门概念指数,true,39779,true,wind_hot_concept,Wind热门概念,
8841738.WI,HBM指数,wind_concept,Wind热门概念指数,true,39778,true,wind_hot_concept,Wind热门概念,
8841739.WI,新型工业化指数,wind_concept,Wind热门概念指数,true,39777,true,wind_hot_concept,Wind热门概念,
8841740.WI,微软合作商指数,wind_concept,Wind热门概念指数,true,39776,true,wind_hot_concept,Wind热门概念,
8841741.WI,希音合作商指数,wind_concept,Wind热门概念指数,false,29278,true,wind_hot_concept,Wind热门概念,不在Wind导出有效热门概念清单中
8841742.WI,短剧游戏指数,wind_concept,Wind热门概念指数,true,39775,true,wind_hot_concept,Wind热门概念,
8841743.WI,拼多多合作商指数,wind_concept,Wind热门概念指数,true,39774,true,wind_hot_concept,Wind热门概念,
8841744.WI,多模态模型指数,wind_concept,Wind热门概念指数,true,39773,true,wind_hot_concept,Wind热门概念,
8841745.WI,AI备案指数,wind_concept,Wind热门概念指数,true,39772,true,wind_hot_concept,Wind热门概念,
8841746.WI,PEEK材料指数,wind_concept,Wind热门概念指数,true,39771,true,wind_hot_concept,Wind热门概念,
8841747.WI,合成生物指数,wind_concept,Wind热门概念指数,true,39770,true,wind_hot_concept,Wind热门概念,
8841748.WI,空中成像指数,wind_concept,Wind热门概念指数,false,29271,true,wind_hot_concept,Wind热门概念,不在Wind导出有效热门概念清单中
8841749.WI,薄膜传感器指数,wind_concept,Wind热门概念指数,false,29270,true,wind_hot_concept,Wind热门概念,不在Wind导出有效热门概念清单中
8841750.WI,低空经济指数,wind_concept,Wind热门概念指数,true,39768,true,wind_hot_concept,Wind热门概念,
8841751.WI,冰雪旅游指数,wind_concept,Wind热门概念指数,true,39767,true,wind_hot_concept,Wind热门概念,
8841752.WI,非基金重仓指数,wind_concept,Wind热门概念指数,false,29267,true,wind_hot_concept,Wind热门概念,不在Wind导出有效热门概念清单中
8841753.WI,非陆股通重仓指数,wind_concept,Wind热门概念指数,false,29266,true,wind_hot_concept,Wind热门概念,不在Wind导出有效热门概念清单中
8841754.WI,一级地产商指数,wind_concept,Wind热门概念指数,true,39766,true,wind_hot_concept,Wind热门概念,
8841755.WI,新质生产力指数,wind_concept,Wind热门概念指数,true,39765,true,wind_hot_concept,Wind热门概念,
8841756.WI,Sora指数,wind_concept,Wind热门概念指数,false,29263,true,wind_hot_concept,Wind热门概念,不在Wind导出有效热门概念清单中
8841757.WI,打板指数,wind_concept,Wind热门概念指数,false,29262,true,wind_hot_concept,Wind热门概念,不在Wind导出有效热门概念清单中
8841758.WI,央企大盘股指数,wind_concept,Wind热门概念指数,false,29261,true,wind_hot_concept,Wind热门概念,不在Wind导出有效热门概念清单中
8841759.WI,央企中盘股指数,wind_concept,Wind热门概念指数,false,29260,true,wind_hot_concept,Wind热门概念,不在Wind导出有效热门概念清单中
8841760.WI,央企小盘股指数,wind_concept,Wind热门概念指数,false,29259,true,wind_hot_concept,Wind热门概念,不在Wind导出有效热门概念清单中
8841761.WI,央企微盘股指数,wind_concept,Wind热门概念指数,false,29258,true,wind_hot_concept,Wind热门概念,不在Wind导出有效热门概念清单中
8841762.WI,央企新型工业化指数,wind_concept,Wind热门概念指数,false,29257,true,wind_hot_concept,Wind热门概念,不在Wind导出有效热门概念清单中
8841763.WI,央企军工指数,wind_concept,Wind热门概念指数,false,29256,true,wind_hot_concept,Wind热门概念,不在Wind导出有效热门概念清单中
8841764.WI,央企电力燃气指数,wind_concept,Wind热门概念指数,false,29255,true,wind_hot_concept,Wind热门概念,不在Wind导出有效热门概念清单中
8841765.WI,央企计算机指数,wind_concept,Wind热门概念指数,false,29254,true,wind_hot_concept,Wind热门概念,不在Wind导出有效热门概念清单中
8841766.WI,央企物流运输指数,wind_concept,Wind热门概念指数,false,29253,true,wind_hot_concept,Wind热门概念,不在Wind导出有效热门概念清单中
8841767.WI,央企基建指数,wind_concept,Wind热门概念指数,false,29252,true,wind_hot_concept,Wind热门概念,不在Wind导出有效热门概念清单中
8841768.WI,央企化工指数,wind_concept,Wind热门概念指数,false,29251,true,wind_hot_concept,Wind热门概念,不在Wind导出有效热门概念清单中
8841769.WI,央企券商保险指数,wind_concept,Wind热门概念指数,false,29250,true,wind_hot_concept,Wind热门概念,不在Wind导出有效热门概念清单中
8841770.WI,央企电力设备指数,wind_concept,Wind热门概念指数,false,29249,true,wind_hot_concept,Wind热门概念,不在Wind导出有效热门概念清单中
8841771.WI,央企汽车指数,wind_concept,Wind热门概念指数,true,39764,true,wind_hot_concept,Wind热门概念,
8841772.WI,央企有色指数,wind_concept,Wind热门概念指数,false,29247,true,wind_hot_concept,Wind热门概念,不在Wind导出有效热门概念清单中
8841773.WI,央企生物科技指数,wind_concept,Wind热门概念指数,false,29246,true,wind_hot_concept,Wind热门概念,不在Wind导出有效热门概念清单中
8841774.WI,央企电子指数,wind_concept,Wind热门概念指数,false,29245,true,wind_hot_concept,Wind热门概念,不在Wind导出有效热门概念清单中
8841775.WI,央企通信指数,wind_concept,Wind热门概念指数,false,29244,true,wind_hot_concept,Wind热门概念,不在Wind导出有效热门概念清单中
8841776.WI,央企石化指数,wind_concept,Wind热门概念指数,false,29243,true,wind_hot_concept,Wind热门概念,不在Wind导出有效热门概念清单中
8841777.WI,央企钢铁指数,wind_concept,Wind热门概念指数,false,29242,true,wind_hot_concept,Wind热门概念,不在Wind导出有效热门概念清单中
8841778.WI,央企旅游指数,wind_concept,Wind热门概念指数,false,29241,true,wind_hot_concept,Wind热门概念,不在Wind导出有效热门概念清单中
8841779.WI,央企建材指数,wind_concept,Wind热门概念指数,false,29240,true,wind_hot_concept,Wind热门概念,不在Wind导出有效热门概念清单中
8841780.WI,央企检测服务指数,wind_concept,Wind热门概念指数,false,29239,true,wind_hot_concept,Wind热门概念,不在Wind导出有效热门概念清单中
8841781.WI,央企房地产指数,wind_concept,Wind热门概念指数,false,29238,true,wind_hot_concept,Wind热门概念,不在Wind导出有效热门概念清单中
8841782.WI,央企传媒指数,wind_concept,Wind热门概念指数,false,29237,true,wind_hot_concept,Wind热门概念,不在Wind导出有效热门概念清单中
8841783.WI,央企农业指数,wind_concept,Wind热门概念指数,false,29236,true,wind_hot_concept,Wind热门概念,不在Wind导出有效热门概念清单中
8841784.WI,央企环保指数,wind_concept,Wind热门概念指数,false,29235,true,wind_hot_concept,Wind热门概念,不在Wind导出有效热门概念清单中
8841785.WI,央企贸易指数,wind_concept,Wind热门概念指数,false,29234,true,wind_hot_concept,Wind热门概念,不在Wind导出有效热门概念清单中
8841786.WI,央企服装零售指数,wind_concept,Wind热门概念指数,false,29233,true,wind_hot_concept,Wind热门概念,不在Wind导出有效热门概念清单中
8841787.WI,央企银行指数,wind_concept,Wind热门概念指数,true,39762,true,wind_hot_concept,Wind热门概念,
8841788.WI,央企煤炭指数,wind_concept,Wind热门概念指数,true,39761,true,wind_hot_concept,Wind热门概念,
8841789.WI,央企轻工指数,wind_concept,Wind热门概念指数,false,29230,true,wind_hot_concept,Wind热门概念,不在Wind导出有效热门概念清单中
8841790.WI,央企饮料指数,wind_concept,Wind热门概念指数,false,29229,true,wind_hot_concept,Wind热门概念,不在Wind导出有效热门概念清单中
8841791.WI,中央汇金系指数,wind_concept,Wind热门概念指数,false,29228,true,wind_hot_concept,Wind热门概念,不在Wind导出有效热门概念清单中
8841792.WI,招商系指数,wind_concept,Wind热门概念指数,false,29227,true,wind_hot_concept,Wind热门概念,不在Wind导出有效热门概念清单中
8841793.WI,国铁集团系指数,wind_concept,Wind热门概念指数,false,29226,true,wind_hot_concept,Wind热门概念,不在Wind导出有效热门概念清单中
8841794.WI,中信通系指数,wind_concept,Wind热门概念指数,false,29225,true,wind_hot_concept,Wind热门概念,不在Wind导出有效热门概念清单中
8841795.WI,中石化系指数,wind_concept,Wind热门概念指数,false,29224,true,wind_hot_concept,Wind热门概念,不在Wind导出有效热门概念清单中
8841796.WI,中国建筑系指数,wind_concept,Wind热门概念指数,false,29223,true,wind_hot_concept,Wind热门概念,不在Wind导出有效热门概念清单中
8841797.WI,中国黄金系指数,wind_concept,Wind热门概念指数,false,29222,true,wind_hot_concept,Wind热门概念,不在Wind导出有效热门概念清单中
8841798.WI,中烟系指数,wind_concept,Wind热门概念指数,false,29221,true,wind_hot_concept,Wind热门概念,不在Wind导出有效热门概念清单中
8841799.WI,中化系指数,wind_concept,Wind热门概念指数,false,29220,true,wind_hot_concept,Wind热门概念,不在Wind导出有效热门概念清单中
8841800.WI,中国能建系指数,wind_concept,Wind热门概念指数,false,29219,true,wind_hot_concept,Wind热门概念,不在Wind导出有效热门概念清单中
8841801.WI,中电建系指数,wind_concept,Wind热门概念指数,false,29218,true,wind_hot_concept,Wind热门概念,不在Wind导出有效热门概念清单中
8841802.WI,中电科技系指数,wind_concept,Wind热门概念指数,false,29217,true,wind_hot_concept,Wind热门概念,不在Wind导出有效热门概念清单中
8841803.WI,航天科技系指数,wind_concept,Wind热门概念指数,false,29216,true,wind_hot_concept,Wind热门概念,不在Wind导出有效热门概念清单中
8841804.WI,华润系指数,wind_concept,Wind热门概念指数,false,29215,true,wind_hot_concept,Wind热门概念,不在Wind导出有效热门概念清单中
8841805.WI,航天科工系指数,wind_concept,Wind热门概念指数,false,29214,true,wind_hot_concept,Wind热门概念,不在Wind导出有效热门概念清单中
8841806.WI,国家能投系指数,wind_concept,Wind热门概念指数,false,29213,true,wind_hot_concept,Wind热门概念,不在Wind导出有效热门概念清单中
8841807.WI,中航工业系指数,wind_concept,Wind热门概念指数,false,29212,true,wind_hot_concept,Wind热门概念,不在Wind导出有效热门概念清单中
8841808.WI,中远海运系指数,wind_concept,Wind热门概念指数,false,29211,true,wind_hot_concept,Wind热门概念,不在Wind导出有效热门概念清单中
8841809.WI,中交建系指数,wind_concept,Wind热门概念指数,false,29210,true,wind_hot_concept,Wind热门概念,不在Wind导出有效热门概念清单中
8841810.WI,航发系指数,wind_concept,Wind热门概念指数,false,29209,true,wind_hot_concept,Wind热门概念,不在Wind导出有效热门概念清单中
8841811.WI,国药系指数,wind_concept,Wind热门概念指数,false,29208,true,wind_hot_concept,Wind热门概念,不在Wind导出有效热门概念清单中
8841812.WI,三峡系指数,wind_concept,Wind热门概念指数,false,29207,true,wind_hot_concept,Wind热门概念,不在Wind导出有效热门概念清单中
8841813.WI,中煤系指数,wind_concept,Wind热门概念指数,false,29206,true,wind_hot_concept,Wind热门概念,不在Wind导出有效热门概念清单中
8841814.WI,新兴际华系指数,wind_concept,Wind热门概念指数,false,29205,true,wind_hot_concept,Wind热门概念,不在Wind导出有效热门概念清单中
8841815.WI,华侨城系指数,wind_concept,Wind热门概念指数,false,29204,true,wind_hot_concept,Wind热门概念,不在Wind导出有效热门概念清单中
8841816.WI,鞍钢系指数,wind_concept,Wind热门概念指数,false,29203,true,wind_hot_concept,Wind热门概念,不在Wind导出有效热门概念清单中
8841817.WI,中科院系指数,wind_concept,Wind热门概念指数,false,29202,true,wind_hot_concept,Wind热门概念,不在Wind导出有效热门概念清单中
8841818.WI,中建材系指数,wind_concept,Wind热门概念指数,false,29201,true,wind_hot_concept,Wind热门概念,不在Wind导出有效热门概念清单中
8841819.WI,兵工系指数,wind_concept,Wind热门概念指数,false,29200,true,wind_hot_concept,Wind热门概念,不在Wind导出有效热门概念清单中
8841820.WI,电气装备系指数,wind_concept,Wind热门概念指数,false,29199,true,wind_hot_concept,Wind热门概念,不在Wind导出有效热门概念清单中
8841821.WI,兵装系指数,wind_concept,Wind热门概念指数,false,29198,true,wind_hot_concept,Wind热门概念,不在Wind导出有效热门概念清单中
8841822.WI,中铝系指数,wind_concept,Wind热门概念指数,false,29197,true,wind_hot_concept,Wind热门概念,不在Wind导出有效热门概念清单中
8841823.WI,华电系指数,wind_concept,Wind热门概念指数,false,29196,true,wind_hot_concept,Wind热门概念,不在Wind导出有效热门概念清单中
8841824.WI,国家电投系指数,wind_concept,Wind热门概念指数,false,29195,true,wind_hot_concept,Wind热门概念,不在Wind导出有效热门概念清单中
8841825.WI,南方电网系指数,wind_concept,Wind热门概念指数,false,29194,true,wind_hot_concept,Wind热门概念,不在Wind导出有效热门概念清单中
8841826.WI,大唐系指数,wind_concept,Wind热门概念指数,false,29193,true,wind_hot_concept,Wind热门概念,不在Wind导出有效热门概念清单中
8841827.WI,中广核系指数,wind_concept,Wind热门概念指数,false,29192,true,wind_hot_concept,Wind热门概念,不在Wind导出有效热门概念清单中
8841828.WI,中化控股系指数,wind_concept,Wind热门概念指数,false,29191,true,wind_hot_concept,Wind热门概念,不在Wind导出有效热门概念清单中
8841829.WI,中电信息系指数,wind_concept,Wind热门概念指数,false,29190,true,wind_hot_concept,Wind热门概念,不在Wind导出有效热门概念清单中
8841830.WI,中海油系指数,wind_concept,Wind热门概念指数,false,29189,true,wind_hot_concept,Wind热门概念,不在Wind导出有效热门概念清单中
8841831.WI,中国物流系指数,wind_concept,Wind热门概念指数,false,29188,true,wind_hot_concept,Wind热门概念,不在Wind导出有效热门概念清单中
8841832.WI,中邮系指数,wind_concept,Wind热门概念指数,false,29187,true,wind_hot_concept,Wind热门概念,不在Wind导出有效热门概念清单中
8841833.WI,中农发系指数,wind_concept,Wind热门概念指数,false,29186,true,wind_hot_concept,Wind热门概念,不在Wind导出有效热门概念清单中
8841834.WI,电信系指数,wind_concept,Wind热门概念指数,false,29185,true,wind_hot_concept,Wind热门概念,不在Wind导出有效热门概念清单中
8841835.WI,保利系指数,wind_concept,Wind热门概念指数,false,29184,true,wind_hot_concept,Wind热门概念,不在Wind导出有效热门概念清单中
8841836.WI,中煤科系指数,wind_concept,Wind热门概念指数,false,29183,true,wind_hot_concept,Wind热门概念,不在Wind导出有效热门概念清单中
8841837.WI,矿冶科技系指数,wind_concept,Wind热门概念指数,false,29182,true,wind_hot_concept,Wind热门概念,不在Wind导出有效热门概念清单中
8841838.WI,东航系指数,wind_concept,Wind热门概念指数,false,29181,true,wind_hot_concept,Wind热门概念,不在Wind导出有效热门概念清单中
8841839.WI,东方资产系指数,wind_concept,Wind热门概念指数,false,29180,true,wind_hot_concept,Wind热门概念,不在Wind导出有效热门概念清单中
8841840.WI,宝武系指数,wind_concept,Wind热门概念指数,false,29179,true,wind_hot_concept,Wind热门概念,不在Wind导出有效热门概念清单中
8841841.WI,中信集团系指数,wind_concept,Wind热门概念指数,false,29178,true,wind_hot_concept,Wind热门概念,不在Wind导出有效热门概念清单中
8841842.WI,国机系指数,wind_concept,Wind热门概念指数,false,29177,true,wind_hot_concept,Wind热门概念,不在Wind导出有效热门概念清单中
8841843.WI,国家电网系指数,wind_concept,Wind热门概念指数,false,29176,true,wind_hot_concept,Wind热门概念,不在Wind导出有效热门概念清单中
8841844.WI,中粮系指数,wind_concept,Wind热门概念指数,false,29175,true,wind_hot_concept,Wind热门概念,不在Wind导出有效热门概念清单中
8841845.WI,中核系指数,wind_concept,Wind热门概念指数,false,29174,true,wind_hot_concept,Wind热门概念,不在Wind导出有效热门概念清单中
8841846.WI,中钢研系指数,wind_concept,Wind热门概念指数,false,29173,true,wind_hot_concept,Wind热门概念,不在Wind导出有效热门概念清单中
8841847.WI,信达系指数,wind_concept,Wind热门概念指数,false,29172,true,wind_hot_concept,Wind热门概念,不在Wind导出有效热门概念清单中
8841848.WI,中通用系指数,wind_concept,Wind热门概念指数,false,29171,true,wind_hot_concept,Wind热门概念,不在Wind导出有效热门概念清单中
8841849.WI,中钢集团系指数,wind_concept,Wind热门概念指数,false,29170,true,wind_hot_concept,Wind热门概念,不在Wind导出有效热门概念清单中
8841850.WI,中色系指数,wind_concept,Wind热门概念指数,false,29169,true,wind_hot_concept,Wind热门概念,不在Wind导出有效热门概念清单中
8841851.WI,东风汽车系指数,wind_concept,Wind热门概念指数,false,29168,true,wind_hot_concept,Wind热门概念,不在Wind导出有效热门概念清单中
8841852.WI,中节能系指数,wind_concept,Wind热门概念指数,false,29167,true,wind_hot_concept,Wind热门概念,不在Wind导出有效热门概念清单中
8841853.WI,华能系指数,wind_concept,Wind热门概念指数,false,29166,true,wind_hot_concept,Wind热门概念,不在Wind导出有效热门概念清单中
8841854.WI,中铁系指数,wind_concept,Wind热门概念指数,false,29165,true,wind_hot_concept,Wind热门概念,不在Wind导出有效热门概念清单中
8841855.WI,中石油系指数,wind_concept,Wind热门概念指数,false,29164,true,wind_hot_concept,Wind热门概念,不在Wind导出有效热门概念清单中
8841856.WI,中车系指数,wind_concept,Wind热门概念指数,false,29163,true,wind_hot_concept,Wind热门概念,不在Wind导出有效热门概念清单中
8841857.WI,机科院系指数,wind_concept,Wind热门概念指数,false,29162,true,wind_hot_concept,Wind热门概念,不在Wind导出有效热门概念清单中
8841858.WI,诚通系指数,wind_concept,Wind热门概念指数,false,29161,true,wind_hot_concept,Wind热门概念,不在Wind导出有效热门概念清单中
8841859.WI,中铁建筑系指数,wind_concept,Wind热门概念指数,false,29160,true,wind_hot_concept,Wind热门概念,不在Wind导出有效热门概念清单中
8841860.WI,有研系指数,wind_concept,Wind热门概念指数,false,29159,true,wind_hot_concept,Wind热门概念,不在Wind导出有效热门概念清单中
8841861.WI,移动系指数,wind_concept,Wind热门概念指数,false,29158,true,wind_hot_concept,Wind热门概念,不在Wind导出有效热门概念清单中
8841862.WI,一汽系指数,wind_concept,Wind热门概念指数,false,29157,true,wind_hot_concept,Wind热门概念,不在Wind导出有效热门概念清单中
8841863.WI,农业农村部系指数,wind_concept,Wind热门概念指数,false,29156,true,wind_hot_concept,Wind热门概念,不在Wind导出有效热门概念清单中
8841864.WI,工程院系指数,wind_concept,Wind热门概念指数,false,29155,true,wind_hot_concept,Wind热门概念,不在Wind导出有效热门概念清单中
8841865.WI,磁电存储指数,wind_concept,Wind热门概念指数,false,29154,true,wind_hot_concept,Wind热门概念,不在Wind导出有效热门概念清单中
8841866.WI,高速铜连接指数,wind_concept,Wind热门概念指数,true,39755,true,wind_hot_concept,Wind热门概念,
8841867.WI,Kimi指数,wind_concept,Wind热门概念指数,true,39754,true,wind_hot_concept,Wind热门概念,
8841868.WI,外资企业指数,wind_concept,Wind热门概念指数,false,29151,true,wind_hot_concept,Wind热门概念,不在Wind导出有效热门概念清单中
8841869.WI,降落伞指数,wind_concept,Wind热门概念指数,false,29150,true,wind_hot_concept,Wind热门概念,不在Wind导出有效热门概念清单中
8841870.WI,车漆指数,wind_concept,Wind热门概念指数,false,29149,true,wind_hot_concept,Wind热门概念,不在Wind导出有效热门概念清单中
8841871.WI,首板非ST指数,wind_concept,Wind热门概念指数,false,29148,true,wind_hot_concept,Wind热门概念,不在Wind导出有效热门概念清单中
8841872.WI,锆产业指数,wind_concept,Wind热门概念指数,false,29147,true,wind_hot_concept,Wind热门概念,不在Wind导出有效热门概念清单中
8841873.WI,飞行汽车指数,wind_concept,Wind热门概念指数,false,29146,true,wind_hot_concept,Wind热门概念,不在Wind导出有效热门概念清单中
8841874.WI,秘塔AI搜索指数,wind_concept,Wind热门概念指数,false,29145,true,wind_hot_concept,Wind热门概念,不在Wind导出有效热门概念清单中
8841875.WI,军工信息化指数,wind_concept,Wind热门概念指数,true,39753,true,wind_hot_concept,Wind热门概念,
8841876.WI,设备更新指数,wind_concept,Wind热门概念指数,true,39752,true,wind_hot_concept,Wind热门概念,
8841877.WI,商业航天指数,wind_concept,Wind热门概念指数,true,39751,true,wind_hot_concept,Wind热门概念,
8841878.WI,首创证券金股指数,wind_concept,Wind热门概念指数,false,29141,true,wind_hot_concept,Wind热门概念,不在Wind导出有效热门概念清单中
8841879.WI,中邮证券金股指数,wind_concept,Wind热门概念指数,false,29140,true,wind_hot_concept,Wind热门概念,不在Wind导出有效热门概念清单中
8841880.WI,国海证券金股指数,wind_concept,Wind热门概念指数,false,29139,true,wind_hot_concept,Wind热门概念,不在Wind导出有效热门概念清单中
8841881.WI,车路云指数,wind_concept,Wind热门概念指数,true,39749,true,wind_hot_concept,Wind热门概念,
8841882.WI,财税数字化指数,wind_concept,Wind热门概念指数,true,39748,true,wind_hot_concept,Wind热门概念,
8841883.WI,智能控制器指数,wind_concept,Wind热门概念指数,false,29136,true,wind_hot_concept,Wind热门概念,不在Wind导出有效热门概念清单中
8841884.WI,华为合作半导体企业指数,wind_concept,Wind热门概念指数,false,29135,true,wind_hot_concept,Wind热门概念,不在Wind导出有效热门概念清单中
8841885.WI,智慧消防指数,wind_concept,Wind热门概念指数,false,29134,true,wind_hot_concept,Wind热门概念,不在Wind导出有效热门概念清单中
8841886.WI,汽车拆解指数,wind_concept,Wind热门概念指数,false,29133,true,wind_hot_concept,Wind热门概念,不在Wind导出有效热门概念清单中
8841887.WI,医药集采指数,wind_concept,Wind热门概念指数,false,29132,true,wind_hot_concept,Wind热门概念,不在Wind导出有效热门概念清单中
8841888.WI,瞪羚企业指数,wind_concept,Wind热门概念指数,false,29131,true,wind_hot_concept,Wind热门概念,不在Wind导出有效热门概念清单中
8841889.WI,数据中心互联指数,wind_concept,Wind热门概念指数,false,29130,true,wind_hot_concept,Wind热门概念,不在Wind导出有效热门概念清单中
8841890.WI,数据资源指数,wind_concept,Wind热门概念指数,false,29129,true,wind_hot_concept,Wind热门概念,不在Wind导出有效热门概念清单中
8841891.WI,贷款回购指数,wind_concept,Wind热门概念指数,false,29128,true,wind_hot_concept,Wind热门概念,不在Wind导出有效热门概念清单中
8841892.WI,光芯片指数,wind_concept,Wind热门概念指数,true,39746,true,wind_hot_concept,Wind热门概念,
8841893.WI,西部大开发指数,wind_concept,Wind热门概念指数,false,29126,true,wind_hot_concept,Wind热门概念,不在Wind导出有效热门概念清单中
8841894.WI,城投概念股指数,wind_concept,Wind热门概念指数,true,39745,true,wind_hot_concept,Wind热门概念,
8841895.WI,农业产业指数,wind_concept,Wind热门概念指数,false,29124,true,wind_hot_concept,Wind热门概念,不在Wind导出有效热门概念清单中
8841896.WI,智谱AI指数,wind_concept,Wind热门概念指数,false,29123,true,wind_hot_concept,Wind热门概念,不在Wind导出有效热门概念清单中
8841897.WI,新质生产力综合指数,wind_concept,Wind热门概念指数,false,29122,true,wind_hot_concept,Wind热门概念,不在Wind导出有效热门概念清单中
8841898.WI,全部A股指数,wind_concept,Wind热门概念指数,false,29121,true,wind_hot_concept,Wind热门概念,不在Wind导出有效热门概念清单中
8841899.WI,高应收账款指数,wind_concept,Wind热门概念指数,false,29120,true,wind_hot_concept,Wind热门概念,不在Wind导出有效热门概念清单中
8841900.WI,首发经济指数,wind_concept,Wind热门概念指数,true,39743,true,wind_hot_concept,Wind热门概念,
8841901.WI,ASIC芯片指数,wind_concept,Wind热门概念指数,true,39742,true,wind_hot_concept,Wind热门概念,
8841902.WI,宇树机器人指数,wind_concept,Wind热门概念指数,true,39741,true,wind_hot_concept,Wind热门概念,
8841903.WI,小红书平台指数,wind_concept,Wind热门概念指数,true,39740,true,wind_hot_concept,Wind热门概念,
8841904.WI,智能体指数,wind_concept,Wind热门概念指数,true,39739,true,wind_hot_concept,Wind热门概念,
8841905.WI,DeepSeek指数,wind_concept,Wind热门概念指数,true,39738,true,wind_hot_concept,Wind热门概念,
8841906.WI,具身智能指数,wind_concept,Wind热门概念指数,true,39737,true,wind_hot_concept,Wind热门概念,
8841907.WI,量子材料指数,wind_concept,Wind热门概念指数,false,29112,true,wind_hot_concept,Wind热门概念,不在Wind导出有效热门概念清单中
8841908.WI,氨基酸指数,wind_concept,Wind热门概念指数,false,29111,true,wind_hot_concept,Wind热门概念,不在Wind导出有效热门概念清单中
8841909.WI,离境退税指数,wind_concept,Wind热门概念指数,true,39736,true,wind_hot_concept,Wind热门概念,
8841910.WI,可能被实施风险警示指数,wind_concept,Wind热门概念指数,false,29109,true,wind_hot_concept,Wind热门概念,不在Wind导出有效热门概念清单中
8841911.WI,供应链服务指数,wind_concept,Wind热门概念指数,true,39734,true,wind_hot_concept,Wind热门概念,
8841912.WI,稳定币指数,wind_concept,Wind热门概念指数,true,39733,true,wind_hot_concept,Wind热门概念,
8841913.WI,添加剂指数,wind_concept,Wind热门概念指数,false,29106,true,wind_hot_concept,Wind热门概念,不在Wind导出有效热门概念清单中
8841914.WI,AI陪伴指数,wind_concept,Wind热门概念指数,false,29105,true,wind_hot_concept,Wind热门概念,不在Wind导出有效热门概念清单中
8841915.WI,雅江水电站指数,wind_concept,Wind热门概念指数,true,39732,true,wind_hot_concept,Wind热门概念,
8841916.WI,反内卷指数,wind_concept,Wind热门概念指数,true,39731,true,wind_hot_concept,Wind热门概念,
8841917.WI,核聚变指数,wind_concept,Wind热门概念指数,true,39730,true,wind_hot_concept,Wind热门概念,
8841918.WI,人工智能+指数,wind_concept,Wind热门概念指数,true,39729,true,wind_hot_concept,Wind热门概念,
8841919.WI,摩尔线程指数,wind_concept,Wind热门概念指数,true,39728,true,wind_hot_concept,Wind热门概念,
8841920.WI,模拟芯片指数,wind_concept,Wind热门概念指数,true,39727,true,wind_hot_concept,Wind热门概念,
8841921.WI,成交额TOP10指数,wind_concept,Wind热门概念指数,false,29098,true,wind_hot_concept,Wind热门概念,不在Wind导出有效热门概念清单中
8841922.WI,深地经济指数,wind_concept,Wind热门概念指数,true,39726,true,wind_hot_concept,Wind热门概念,
8841923.WI,深圳国资改革指数,wind_concept,Wind热门概念指数,true,39725,true,wind_hot_concept,Wind热门概念,
8841924.WI,光电路交换机(OCS)指数,wind_concept,Wind热门概念指数,true,39724,true,wind_hot_concept,Wind热门概念,
8841927.WI,犒赏经济指数,wind_concept,Wind热门概念指数,false,29094,true,wind_hot_concept,Wind热门概念,不在Wind导出有效热门概念清单中
8841928.WI,GEO指数,wind_concept,Wind热门概念指数,false,29093,true,wind_hot_concept,Wind热门概念,不在Wind导出有效热门概念清单中
8841929.WI,太空光伏指数,wind_concept,Wind热门概念指数,true,39723,true,wind_hot_concept,Wind热门概念,
8841930.WI,seedance视频大模型指数,wind_concept,Wind热门概念指数,true,39722,true,wind_hot_concept,Wind热门概念,
8841931.WI,基础大模型指数,wind_concept,Wind热门概念指数,false,29090,true,wind_hot_concept,Wind热门概念,不在Wind导出有效热门概念清单中
8841932.WI,HALO指数,wind_concept,Wind热门概念指数,true,39721,true,wind_hot_concept,Wind热门概念,
8841933.WI,AI AGENT(小龙虾）指数,wind_concept,Wind热门概念指数,true,39720,true,wind_hot_concept,Wind热门概念,
8841934.WI,磷化铟指数,wind_concept,Wind热门概念指数,true,39719,true,wind_hot_concept,Wind热门概念,
8841935.WI,长鑫存储指数,wind_concept,Wind热门概念指数,true,39718,true,wind_hot_concept,Wind热门概念,
8841936.WI,玻璃基板指数,wind_concept,Wind热门概念指数,true,39717,true,wind_hot_concept,Wind热门概念,
8841258.WI,光模块(CPO)指数,wind_concept,Wind热门概念指数,true,39913,true,wind_hot_concept,Wind热门概念,
8841243.WI,超硬材料指数,wind_concept,Wind热门概念指数,true,39919,true,wind_hot_concept,Wind热门概念,
8841321.WI,半导体设备指数,wind_concept,Wind热门概念指数,true,39887,true,wind_hot_concept,Wind热门概念,
8841557.WI,培育钻石指数,wind_concept,Wind热门概念指数,true,39835,true,wind_hot_concept,Wind热门概念,
8841164.WI,电路板指数,wind_concept,Wind热门概念指数,true,39928,true,wind_hot_concept,Wind热门概念,
8841241.WI,存储器指数,wind_concept,Wind热门概念指数,true,39921,true,wind_hot_concept,Wind热门概念,
8841365.WI,医疗服务精选指数,wind_concept,Wind热门概念指数,true,39868,true,wind_hot_concept,Wind热门概念,
8841297.WI,先进封装指数,wind_concept,Wind热门概念指数,true,39896,true,wind_hot_concept,Wind热门概念,
882011.WI,房地产,wind_l1,Wind一级行业指数,true,9981,false,wind_l1,Wind一级,
882008.WI,信息技术,wind_l1,Wind一级行业指数,true,9980,false,wind_l1,Wind一级,
882010.WI,公用事业,wind_l1,Wind一级行业指数,true,9979,false,wind_l1,Wind一级,
882001.WI,能源,wind_l1,Wind一级行业指数,true,9978,false,wind_l1,Wind一级,
882007.WI,金融,wind_l1,Wind一级行业指数,true,9977,false,wind_l1,Wind一级,
882002.WI,材料,wind_l1,Wind一级行业指数,true,9976,false,wind_l1,Wind一级,
882006.WI,医疗保健,wind_l1,Wind一级行业指数,true,9975,false,wind_l1,Wind一级,
882009.WI,通讯服务,wind_l1,Wind一级行业指数,true,9974,false,wind_l1,Wind一级,
882003.WI,工业,wind_l1,Wind一级行业指数,true,9973,false,wind_l1,Wind一级,
882004.WI,可选消费,wind_l1,Wind一级行业指数,true,9972,false,wind_l1,Wind一级,
882005.WI,日常消费,wind_l1,Wind一级行业指数,true,9971,false,wind_l1,Wind一级,
882121.WI,半导体,wind_l2,Wind二级行业指数,true,9970,false,wind_l2,Wind二级,
882115.WI,银行,wind_l2,Wind二级行业指数,true,9969,false,wind_l2,Wind二级,
882105.WI,汽车与零配件,wind_l2,Wind二级行业指数,true,9968,false,wind_l2,Wind二级,
882101.WI,化工,wind_l2,Wind二级行业指数,true,9967,false,wind_l2,Wind二级,
882116.WI,非银金融,wind_l2,Wind二级行业指数,true,9966,false,wind_l2,Wind二级,
882127.WI,有色金属,wind_l2,Wind二级行业指数,true,9965,false,wind_l2,Wind二级,
882124.WI,煤炭Ⅱ,wind_l2,Wind二级行业指数,true,9964,false,wind_l2,Wind二级,
882120.WI,硬件设备,wind_l2,Wind二级行业指数,true,9963,false,wind_l2,Wind二级,
882102.WI,国防军工,wind_l2,Wind二级行业指数,true,9962,false,wind_l2,Wind二级,
882114.WI,医药生物,wind_l2,Wind二级行业指数,true,9961,false,wind_l2,Wind二级,
882119.WI,软件服务,wind_l2,Wind二级行业指数,true,9960,false,wind_l2,Wind二级,
882111.WI,食品饮料,wind_l2,Wind二级行业指数,true,9959,false,wind_l2,Wind二级,
882108.WI,传媒,wind_l2,Wind二级行业指数,true,9958,false,wind_l2,Wind二级,
882100.WI,石油石化,wind_l2,Wind二级行业指数,true,9957,false,wind_l2,Wind二级,
882104.WI,交通运输,wind_l2,Wind二级行业指数,true,9956,false,wind_l2,Wind二级,
882123.WI,公用事业Ⅱ,wind_l2,Wind二级行业指数,true,9955,false,wind_l2,Wind二级,
882131.WI,机械,wind_l2,Wind二级行业指数,true,9954,false,wind_l2,Wind二级,
882130.WI,电气设备,wind_l2,Wind二级行业指数,true,9953,false,wind_l2,Wind二级,
882133.WI,环保Ⅱ,wind_l2,Wind二级行业指数,true,9952,false,wind_l2,Wind二级,
882125.WI,建材Ⅱ,wind_l2,Wind二级行业指数,true,9951,false,wind_l2,Wind二级,
882129.WI,建筑,wind_l2,Wind二级行业指数,true,9950,false,wind_l2,Wind二级,
882109.WI,可选消费零售,wind_l2,Wind二级行业指数,true,9949,false,wind_l2,Wind二级,
882126.WI,钢铁Ⅱ,wind_l2,Wind二级行业指数,true,9948,false,wind_l2,Wind二级,
882128.WI,造纸与包装,wind_l2,Wind二级行业指数,true,9947,false,wind_l2,Wind二级,
882113.WI,医疗设备与服务,wind_l2,Wind二级行业指数,true,9946,false,wind_l2,Wind二级,
882110.WI,日常消费零售,wind_l2,Wind二级行业指数,true,9945,false,wind_l2,Wind二级,
882136.WI,房地产Ⅱ,wind_l2,Wind二级行业指数,true,9944,false,wind_l2,Wind二级,
882103.WI,企业服务,wind_l2,Wind二级行业指数,true,9943,false,wind_l2,Wind二级,
882107.WI,消费者服务,wind_l2,Wind二级行业指数,true,9942,false,wind_l2,Wind二级,
882132.WI,工业贸易与综合,wind_l2,Wind二级行业指数,true,9941,false,wind_l2,Wind二级,
882122.WI,电信服务,wind_l2,Wind二级行业指数,true,9940,false,wind_l2,Wind二级,
882112.WI,家庭用品,wind_l2,Wind二级行业指数,true,9939,false,wind_l2,Wind二级,
882106.WI,耐用消费品,wind_l2,Wind二级行业指数,true,9938,false,wind_l2,Wind二级,
882134.WI,家电Ⅱ,wind_l2,Wind二级行业指数,true,9937,false,wind_l2,Wind二级,
882135.WI,纺织服装Ⅱ,wind_l2,Wind二级行业指数,true,9936,false,wind_l2,Wind二级,
882200.WI,能源设备与服务,wind_l3,Wind三级行业指数,true,9935,false,wind_l3,Wind三级,
882201.WI,石油天然气,wind_l3,Wind三级行业指数,true,9934,false,wind_l3,Wind三级,
882202.WI,基础化工,wind_l3,Wind三级行业指数,true,9933,false,wind_l3,Wind三级,
882203.WI,建材Ⅲ,wind_l3,Wind三级行业指数,true,9932,false,wind_l3,Wind三级,
882204.WI,容器与包装Ⅲ,wind_l3,Wind三级行业指数,true,9931,false,wind_l3,Wind三级,
882206.WI,纸与林业产品,wind_l3,Wind三级行业指数,true,9930,false,wind_l3,Wind三级,
882207.WI,航空航天与国防Ⅲ,wind_l3,Wind三级行业指数,true,9929,false,wind_l3,Wind三级,
882208.WI,建筑产品Ⅲ,wind_l3,Wind三级行业指数,true,9928,false,wind_l3,Wind三级,
882209.WI,建筑与工程Ⅲ,wind_l3,Wind三级行业指数,true,9927,false,wind_l3,Wind三级,
882210.WI,电气设备Ⅲ,wind_l3,Wind三级行业指数,true,9926,false,wind_l3,Wind三级,
882211.WI,工业集团Ⅲ,wind_l3,Wind三级行业指数,true,9925,false,wind_l3,Wind三级,
882212.WI,机械Ⅲ,wind_l3,Wind三级行业指数,true,9924,false,wind_l3,Wind三级,
882213.WI,贸易公司与经销商Ⅲ,wind_l3,Wind三级行业指数,true,9923,false,wind_l3,Wind三级,
882214.WI,商业服务与用品,wind_l3,Wind三级行业指数,true,9922,false,wind_l3,Wind三级,
882215.WI,航空运输,wind_l3,Wind三级行业指数,true,9921,false,wind_l3,Wind三级,
882216.WI,航空客运Ⅲ,wind_l3,Wind三级行业指数,true,9920,false,wind_l3,Wind三级,
882217.WI,海上运输Ⅲ,wind_l3,Wind三级行业指数,true,9919,false,wind_l3,Wind三级,
882218.WI,铁路公路运输,wind_l3,Wind三级行业指数,true,9918,false,wind_l3,Wind三级,
882219.WI,交通基础设施,wind_l3,Wind三级行业指数,true,9917,false,wind_l3,Wind三级,
882220.WI,汽车零配件,wind_l3,Wind三级行业指数,true,9916,false,wind_l3,Wind三级,
882221.WI,汽车,wind_l3,Wind三级行业指数,true,9915,false,wind_l3,Wind三级,
882222.WI,家庭耐用消费品,wind_l3,Wind三级行业指数,true,9914,false,wind_l3,Wind三级,
882223.WI,休闲用品Ⅲ,wind_l3,Wind三级行业指数,true,9913,false,wind_l3,Wind三级,
882224.WI,纺织服装Ⅲ,wind_l3,Wind三级行业指数,true,9912,false,wind_l3,Wind三级,
882225.WI,酒店、餐馆与休闲,wind_l3,Wind三级行业指数,true,9911,false,wind_l3,Wind三级,
882226.WI,媒体,wind_l3,Wind三级行业指数,true,9910,false,wind_l3,Wind三级,
882227.WI,经销商Ⅲ,wind_l3,Wind三级行业指数,true,9909,false,wind_l3,Wind三级,
882229.WI,多品类零售Ⅲ,wind_l3,Wind三级行业指数,true,9908,false,wind_l3,Wind三级,
882230.WI,专营零售,wind_l3,Wind三级行业指数,true,9907,false,wind_l3,Wind三级,
882231.WI,日常消费品经销与零售,wind_l3,Wind三级行业指数,true,9906,false,wind_l3,Wind三级,
882232.WI,饮料,wind_l3,Wind三级行业指数,true,9905,false,wind_l3,Wind三级,
882233.WI,食品,wind_l3,Wind三级行业指数,true,9904,false,wind_l3,Wind三级,
882234.WI,烟草Ⅲ,wind_l3,Wind三级行业指数,true,9903,false,wind_l3,Wind三级,
882235.WI,居家用品Ⅲ,wind_l3,Wind三级行业指数,true,9902,false,wind_l3,Wind三级,
882236.WI,美容护理Ⅲ,wind_l3,Wind三级行业指数,true,9901,false,wind_l3,Wind三级,
882237.WI,医疗保健设备与用品,wind_l3,Wind三级行业指数,true,9900,false,wind_l3,Wind三级,
882238.WI,医疗保健提供商与服务,wind_l3,Wind三级行业指数,true,9899,false,wind_l3,Wind三级,
882239.WI,生物科技Ⅲ,wind_l3,Wind三级行业指数,true,9898,false,wind_l3,Wind三级,
882240.WI,制药,wind_l3,Wind三级行业指数,true,9897,false,wind_l3,Wind三级,
882241.WI,商业银行,wind_l3,Wind三级行业指数,true,9896,false,wind_l3,Wind三级,
882243.WI,金融服务,wind_l3,Wind三级行业指数,true,9895,false,wind_l3,Wind三级,
882245.WI,资本市场,wind_l3,Wind三级行业指数,true,9894,false,wind_l3,Wind三级,
882246.WI,保险,wind_l3,Wind三级行业指数,true,9893,false,wind_l3,Wind三级,
882247.WI,房地产管理和开发,wind_l3,Wind三级行业指数,true,9892,false,wind_l3,Wind三级,
882249.WI,信息技术服务,wind_l3,Wind三级行业指数,true,9891,false,wind_l3,Wind三级,
882250.WI,软件,wind_l3,Wind三级行业指数,true,9890,false,wind_l3,Wind三级,
882251.WI,通信设备Ⅲ,wind_l3,Wind三级行业指数,true,9889,false,wind_l3,Wind三级,
882252.WI,电脑与外围设备,wind_l3,Wind三级行业指数,true,9888,false,wind_l3,Wind三级,
882253.WI,电子设备、仪器和元件,wind_l3,Wind三级行业指数,true,9887,false,wind_l3,Wind三级,
882255.WI,半导体材料与设备,wind_l3,Wind三级行业指数,true,9886,false,wind_l3,Wind三级,
882258.WI,电力,wind_l3,Wind三级行业指数,true,9885,false,wind_l3,Wind三级,
882259.WI,燃气Ⅲ,wind_l3,Wind三级行业指数,true,9884,false,wind_l3,Wind三级,
882260.WI,复合型公用事业Ⅲ,wind_l3,Wind三级行业指数,true,9883,false,wind_l3,Wind三级,
882261.WI,水务Ⅲ,wind_l3,Wind三级行业指数,true,9882,false,wind_l3,Wind三级,
882262.WI,综合消费者服务,wind_l3,Wind三级行业指数,true,9881,false,wind_l3,Wind三级,
882264.WI,生命科学工具和服务Ⅲ指数,wind_l3,Wind三级行业指数,true,9880,false,wind_l3,Wind三级,
882267.WI,专业服务指数,wind_l3,Wind三级行业指数,true,9879,false,wind_l3,Wind三级,
882268.WI,娱乐,wind_l3,Wind三级行业指数,true,9878,false,wind_l3,Wind三级,
882269.WI,互动媒体与服务Ⅲ,wind_l3,Wind三级行业指数,true,9877,false,wind_l3,Wind三级,
882270.WI,煤炭Ⅲ,wind_l3,Wind三级行业指数,true,9876,false,wind_l3,Wind三级,
882271.WI,农用化工,wind_l3,Wind三级行业指数,true,9875,false,wind_l3,Wind三级,
882272.WI,多元化工Ⅲ,wind_l3,Wind三级行业指数,true,9874,false,wind_l3,Wind三级,
882273.WI,钢铁Ⅲ,wind_l3,Wind三级行业指数,true,9873,false,wind_l3,Wind三级,
882274.WI,贵金属,wind_l3,Wind三级行业指数,true,9872,false,wind_l3,Wind三级,
882275.WI,其他金属与采矿,wind_l3,Wind三级行业指数,true,9871,false,wind_l3,Wind三级,
882276.WI,环保Ⅲ,wind_l3,Wind三级行业指数,true,9870,false,wind_l3,Wind三级,
882277.WI,家电Ⅲ,wind_l3,Wind三级行业指数,true,9869,false,wind_l3,Wind三级,
882279.WI,半导体产品,wind_l3,Wind三级行业指数,true,9868,false,wind_l3,Wind三级,
882288.WI,房地产服务Ⅲ,wind_l3,Wind三级行业指数,true,9867,false,wind_l3,Wind三级,
882400.WI,石油天然气钻井,wind_l4,Wind四级行业指数,true,9866,false,wind_l4,Wind四级,
882401.WI,石油天然气设备与服务,wind_l4,Wind四级行业指数,true,9865,false,wind_l4,Wind四级,
882402.WI,综合性石油天然气,wind_l4,Wind四级行业指数,true,9864,false,wind_l4,Wind四级,
882403.WI,石油天然气勘探与生产,wind_l4,Wind四级行业指数,true,9863,false,wind_l4,Wind四级,
882404.WI,石油天然气炼制和销售,wind_l4,Wind四级行业指数,true,9862,false,wind_l4,Wind四级,
882405.WI,商品化工,wind_l4,Wind四级行业指数,true,9861,false,wind_l4,Wind四级,
882406.WI,其他多元化工,wind_l4,Wind四级行业指数,true,9860,false,wind_l4,Wind四级,
882407.WI,化肥与农用药剂,wind_l4,Wind四级行业指数,true,9859,false,wind_l4,Wind四级,
882408.WI,工业气体,wind_l4,Wind四级行业指数,true,9858,false,wind_l4,Wind四级,
882409.WI,特种化工,wind_l4,Wind四级行业指数,true,9857,false,wind_l4,Wind四级,
882410.WI,建材Ⅳ,wind_l4,Wind四级行业指数,true,9856,false,wind_l4,Wind四级,
882411.WI,金属及玻璃容器,wind_l4,Wind四级行业指数,true,9855,false,wind_l4,Wind四级,
882412.WI,纸包装,wind_l4,Wind四级行业指数,true,9854,false,wind_l4,Wind四级,
882413.WI,铝,wind_l4,Wind四级行业指数,true,9853,false,wind_l4,Wind四级,
882414.WI,金属非金属,wind_l4,Wind四级行业指数,true,9852,false,wind_l4,Wind四级,
882415.WI,黄金,wind_l4,Wind四级行业指数,true,9851,false,wind_l4,Wind四级,
882416.WI,贵金属与矿石,wind_l4,Wind四级行业指数,true,9850,false,wind_l4,Wind四级,
882417.WI,钢铁Ⅳ,wind_l4,Wind四级行业指数,true,9849,false,wind_l4,Wind四级,
882418.WI,林业产品,wind_l4,Wind四级行业指数,true,9848,false,wind_l4,Wind四级,
882419.WI,纸制品,wind_l4,Wind四级行业指数,true,9847,false,wind_l4,Wind四级,
882420.WI,航天航空与国防Ⅳ,wind_l4,Wind四级行业指数,true,9846,false,wind_l4,Wind四级,
882421.WI,建筑产品Ⅳ,wind_l4,Wind四级行业指数,true,9845,false,wind_l4,Wind四级,
882422.WI,建筑与工程Ⅳ,wind_l4,Wind四级行业指数,true,9844,false,wind_l4,Wind四级,
882423.WI,电气部件与设备,wind_l4,Wind四级行业指数,true,9843,false,wind_l4,Wind四级,
882424.WI,重型电气设备,wind_l4,Wind四级行业指数,true,9842,false,wind_l4,Wind四级,
882425.WI,工业集团Ⅳ,wind_l4,Wind四级行业指数,true,9841,false,wind_l4,Wind四级,
882426.WI,建筑机械与重型卡车,wind_l4,Wind四级行业指数,true,9840,false,wind_l4,Wind四级,
882427.WI,工业机械,wind_l4,Wind四级行业指数,true,9839,false,wind_l4,Wind四级,
882428.WI,贸易公司与经销商Ⅳ,wind_l4,Wind四级行业指数,true,9838,false,wind_l4,Wind四级,
882429.WI,商业印刷,wind_l4,Wind四级行业指数,true,9837,false,wind_l4,Wind四级,
882430.WI,各种商业与职业服务,wind_l4,Wind四级行业指数,true,9836,false,wind_l4,Wind四级,
882431.WI,人力资源与就业服务,wind_l4,Wind四级行业指数,true,9835,false,wind_l4,Wind四级,
882432.WI,环境与设施服务指数,wind_l4,Wind四级行业指数,true,9834,false,wind_l4,Wind四级,
882433.WI,办公服务与用品,wind_l4,Wind四级行业指数,true,9833,false,wind_l4,Wind四级,
882434.WI,航空货运与物流,wind_l4,Wind四级行业指数,true,9832,false,wind_l4,Wind四级,
882435.WI,航空客运Ⅳ,wind_l4,Wind四级行业指数,true,9831,false,wind_l4,Wind四级,
882436.WI,海上运输Ⅳ,wind_l4,Wind四级行业指数,true,9830,false,wind_l4,Wind四级,
882437.WI,铁路运输,wind_l4,Wind四级行业指数,true,9829,false,wind_l4,Wind四级,
882438.WI,地面货运,wind_l4,Wind四级行业指数,true,9828,false,wind_l4,Wind四级,
882439.WI,机场服务,wind_l4,Wind四级行业指数,true,9827,false,wind_l4,Wind四级,
882440.WI,公路与铁路,wind_l4,Wind四级行业指数,true,9826,false,wind_l4,Wind四级,
882441.WI,海港与服务,wind_l4,Wind四级行业指数,true,9825,false,wind_l4,Wind四级,
882442.WI,汽车零配件与设备,wind_l4,Wind四级行业指数,true,9824,false,wind_l4,Wind四级,
882443.WI,轮胎与橡胶,wind_l4,Wind四级行业指数,true,9823,false,wind_l4,Wind四级,
882444.WI,汽车制造,wind_l4,Wind四级行业指数,true,9822,false,wind_l4,Wind四级,
882445.WI,摩托车制造,wind_l4,Wind四级行业指数,true,9821,false,wind_l4,Wind四级,
882446.WI,消费电子产品,wind_l4,Wind四级行业指数,true,9820,false,wind_l4,Wind四级,
882447.WI,家庭装饰品,wind_l4,Wind四级行业指数,true,9819,false,wind_l4,Wind四级,
882448.WI,住宅建筑,wind_l4,Wind四级行业指数,true,9818,false,wind_l4,Wind四级,
882449.WI,家用电器,wind_l4,Wind四级行业指数,true,9817,false,wind_l4,Wind四级,
882450.WI,家用器具与特殊消费品,wind_l4,Wind四级行业指数,true,9816,false,wind_l4,Wind四级,
882451.WI,休闲用品Ⅳ,wind_l4,Wind四级行业指数,true,9815,false,wind_l4,Wind四级,
882453.WI,服装、服饰与奢侈品,wind_l4,Wind四级行业指数,true,9814,false,wind_l4,Wind四级,
882454.WI,鞋类,wind_l4,Wind四级行业指数,true,9813,false,wind_l4,Wind四级,
882455.WI,纺织品,wind_l4,Wind四级行业指数,true,9812,false,wind_l4,Wind四级,
882456.WI,赌场与赌博,wind_l4,Wind四级行业指数,true,9811,false,wind_l4,Wind四级,
882457.WI,酒店、度假村与豪华游轮,wind_l4,Wind四级行业指数,true,9810,false,wind_l4,Wind四级,
882458.WI,休闲设施,wind_l4,Wind四级行业指数,true,9809,false,wind_l4,Wind四级,
882459.WI,餐馆,wind_l4,Wind四级行业指数,true,9808,false,wind_l4,Wind四级,
882460.WI,广告,wind_l4,Wind四级行业指数,true,9807,false,wind_l4,Wind四级,
882461.WI,有线和卫星电视,wind_l4,Wind四级行业指数,true,9806,false,wind_l4,Wind四级,
882462.WI,电影和娱乐,wind_l4,Wind四级行业指数,true,9805,false,wind_l4,Wind四级,
882463.WI,出版,wind_l4,Wind四级行业指数,true,9804,false,wind_l4,Wind四级,
882464.WI,经销商Ⅳ,wind_l4,Wind四级行业指数,true,9803,false,wind_l4,Wind四级,
882469.WI,服装零售,wind_l4,Wind四级行业指数,true,9802,false,wind_l4,Wind四级,
882470.WI,电脑与电子产品零售,wind_l4,Wind四级行业指数,true,9801,false,wind_l4,Wind四级,
882471.WI,家庭装潢零售,wind_l4,Wind四级行业指数,true,9800,false,wind_l4,Wind四级,
882472.WI,其他专卖店,wind_l4,Wind四级行业指数,true,9799,false,wind_l4,Wind四级,
882473.WI,药品零售,wind_l4,Wind四级行业指数,true,9798,false,wind_l4,Wind四级,
882474.WI,食品分销商,wind_l4,Wind四级行业指数,true,9797,false,wind_l4,Wind四级,
882475.WI,食品零售,wind_l4,Wind四级行业指数,true,9796,false,wind_l4,Wind四级,
882476.WI,大卖场与超市,wind_l4,Wind四级行业指数,true,9795,false,wind_l4,Wind四级,
882477.WI,啤酒,wind_l4,Wind四级行业指数,true,9794,false,wind_l4,Wind四级,
882478.WI,白酒与葡萄酒,wind_l4,Wind四级行业指数,true,9793,false,wind_l4,Wind四级,
882479.WI,软饮料,wind_l4,Wind四级行业指数,true,9792,false,wind_l4,Wind四级,
882480.WI,农产品,wind_l4,Wind四级行业指数,true,9791,false,wind_l4,Wind四级,
882481.WI,食品加工与肉类,wind_l4,Wind四级行业指数,true,9790,false,wind_l4,Wind四级,
882482.WI,烟草Ⅳ,wind_l4,Wind四级行业指数,true,9789,false,wind_l4,Wind四级,
882483.WI,居家用品Ⅳ,wind_l4,Wind四级行业指数,true,9788,false,wind_l4,Wind四级,
882484.WI,美容护理Ⅳ,wind_l4,Wind四级行业指数,true,9787,false,wind_l4,Wind四级,
882485.WI,医疗保健设备,wind_l4,Wind四级行业指数,true,9786,false,wind_l4,Wind四级,
882486.WI,医疗保健用品指数,wind_l4,Wind四级行业指数,true,9785,false,wind_l4,Wind四级,
882487.WI,保健护理产品经销商,wind_l4,Wind四级行业指数,true,9784,false,wind_l4,Wind四级,
882488.WI,保健护理服务,wind_l4,Wind四级行业指数,true,9783,false,wind_l4,Wind四级,
882489.WI,保健护理设施,wind_l4,Wind四级行业指数,true,9782,false,wind_l4,Wind四级,
882490.WI,管理型保健护理,wind_l4,Wind四级行业指数,true,9781,false,wind_l4,Wind四级,
882491.WI,生物科技Ⅳ,wind_l4,Wind四级行业指数,true,9780,false,wind_l4,Wind四级,
882492.WI,西药,wind_l4,Wind四级行业指数,true,9779,false,wind_l4,Wind四级,
882493.WI,多元化银行,wind_l4,Wind四级行业指数,true,9778,false,wind_l4,Wind四级,
882494.WI,区域性银行,wind_l4,Wind四级行业指数,true,9777,false,wind_l4,Wind四级,
882495.WI,互助储蓄与抵押信贷金融服务指数,wind_l4,Wind四级行业指数,true,9776,false,wind_l4,Wind四级,
882496.WI,多元金融服务,wind_l4,Wind四级行业指数,true,9775,false,wind_l4,Wind四级,
882498.WI,特殊金融服务,wind_l4,Wind四级行业指数,true,9774,false,wind_l4,Wind四级,
882499.WI,消费信贷Ⅳ,wind_l4,Wind四级行业指数,true,9773,false,wind_l4,Wind四级,
882500.WI,资产管理与托管银行,wind_l4,Wind四级行业指数,true,9772,false,wind_l4,Wind四级,
882501.WI,投资银行业与经纪业,wind_l4,Wind四级行业指数,true,9771,false,wind_l4,Wind四级,
882502.WI,综合性资本市场,wind_l4,Wind四级行业指数,true,9770,false,wind_l4,Wind四级,
882503.WI,保险经纪商,wind_l4,Wind四级行业指数,true,9769,false,wind_l4,Wind四级,
882504.WI,人寿与健康保险,wind_l4,Wind四级行业指数,true,9768,false,wind_l4,Wind四级,
882505.WI,多元化保险,wind_l4,Wind四级行业指数,true,9767,false,wind_l4,Wind四级,
882507.WI,再保险,wind_l4,Wind四级行业指数,true,9766,false,wind_l4,Wind四级,
882508.WI,房地产投资信托公司,wind_l4,Wind四级行业指数,true,9765,false,wind_l4,Wind四级,
882509.WI,房地产开发,wind_l4,Wind四级行业指数,true,9764,false,wind_l4,Wind四级,
882511.WI,信息科技咨询与其它服务,wind_l4,Wind四级行业指数,true,9763,false,wind_l4,Wind四级,
882512.WI,数据处理与外包服务,wind_l4,Wind四级行业指数,true,9762,false,wind_l4,Wind四级,
882513.WI,应用软件,wind_l4,Wind四级行业指数,true,9761,false,wind_l4,Wind四级,
882514.WI,系统软件,wind_l4,Wind四级行业指数,true,9760,false,wind_l4,Wind四级,
882516.WI,通信设备Ⅳ,wind_l4,Wind四级行业指数,true,9759,false,wind_l4,Wind四级,
882519.WI,电子设备和仪器,wind_l4,Wind四级行业指数,true,9758,false,wind_l4,Wind四级,
882520.WI,电子制造服务,wind_l4,Wind四级行业指数,true,9757,false,wind_l4,Wind四级,
882521.WI,技术产品经销商,wind_l4,Wind四级行业指数,true,9756,false,wind_l4,Wind四级,
882523.WI,半导体材料与设备,wind_l4,Wind四级行业指数,true,9755,false,wind_l4,Wind四级,
882525.WI,非传统电信运营商,wind_l4,Wind四级行业指数,true,9754,false,wind_l4,Wind四级,
882526.WI,综合电信业务,wind_l4,Wind四级行业指数,true,9753,false,wind_l4,Wind四级,
882527.WI,无线电信业务Ⅳ,wind_l4,Wind四级行业指数,true,9752,false,wind_l4,Wind四级,
882528.WI,电力公用事业,wind_l4,Wind四级行业指数,true,9751,false,wind_l4,Wind四级,
882529.WI,燃气Ⅳ,wind_l4,Wind四级行业指数,true,9750,false,wind_l4,Wind四级,
882530.WI,复合型公用事业Ⅳ,wind_l4,Wind四级行业指数,true,9749,false,wind_l4,Wind四级,
882531.WI,水务Ⅳ,wind_l4,Wind四级行业指数,true,9748,false,wind_l4,Wind四级,
882591.WI,调查和咨询服务指数,wind_l4,Wind四级行业指数,true,9747,false,wind_l4,Wind四级,
882593.WI,房地产经营公司指数,wind_l4,Wind四级行业指数,true,9746,false,wind_l4,Wind四级,
882595.WI,房地产服务Ⅳ,wind_l4,Wind四级行业指数,true,9745,false,wind_l4,Wind四级,
882596.WI,电子元件,wind_l4,Wind四级行业指数,true,9744,false,wind_l4,Wind四级,
882597.WI,白银指数,wind_l4,Wind四级行业指数,true,9743,false,wind_l4,Wind四级,
882598.WI,农用农业机械指数,wind_l4,Wind四级行业指数,true,9742,false,wind_l4,Wind四级,
882601.WI,新能源发电业者指数,wind_l4,Wind四级行业指数,true,9741,false,wind_l4,Wind四级,
882602.WI,互动家庭娱乐,wind_l4,Wind四级行业指数,true,9740,false,wind_l4,Wind四级,
882603.WI,互动媒体与服务IV,wind_l4,Wind四级行业指数,true,9739,false,wind_l4,Wind四级,
882604.WI,铜指数,wind_l4,Wind四级行业指数,true,9738,false,wind_l4,Wind四级,
882605.WI,国防装备,wind_l4,Wind四级行业指数,true,9737,false,wind_l4,Wind四级,
882606.WI,光伏设备,wind_l4,Wind四级行业指数,true,9736,false,wind_l4,Wind四级,
882607.WI,环保装备,wind_l4,Wind四级行业指数,true,9735,false,wind_l4,Wind四级,
882608.WI,地面客运,wind_l4,Wind四级行业指数,true,9734,false,wind_l4,Wind四级,
882609.WI,多品类零售Ⅳ,wind_l4,Wind四级行业指数,true,9733,false,wind_l4,Wind四级,
882613.WI,互联网服务与基础架构,wind_l4,Wind四级行业指数,true,9732,false,wind_l4,Wind四级,
882614.WI,电脑硬件、储存设备及电脑周边,wind_l4,Wind四级行业指数,true,9731,false,wind_l4,Wind四级,
882615.WI,集成电路,wind_l4,Wind四级行业指数,true,9730,false,wind_l4,Wind四级,
882616.WI,分立器件,wind_l4,Wind四级行业指数,true,9729,false,wind_l4,Wind四级,
801010.SI,农林牧渔,sw_l1,申万一级行业指数,true,9728,false,sw_l1,申万一级,
801030.SI,基础化工,sw_l1,申万一级行业指数,true,9727,false,sw_l1,申万一级,
801040.SI,钢铁,sw_l1,申万一级行业指数,true,9726,false,sw_l1,申万一级,
801050.SI,有色金属,sw_l1,申万一级行业指数,true,9725,false,sw_l1,申万一级,
801080.SI,电子,sw_l1,申万一级行业指数,true,9724,false,sw_l1,申万一级,
801880.SI,汽车,sw_l1,申万一级行业指数,true,9723,false,sw_l1,申万一级,
801110.SI,家用电器,sw_l1,申万一级行业指数,true,9722,false,sw_l1,申万一级,
801120.SI,食品饮料,sw_l1,申万一级行业指数,true,9721,false,sw_l1,申万一级,
801130.SI,纺织服饰,sw_l1,申万一级行业指数,true,9720,false,sw_l1,申万一级,
801140.SI,轻工制造,sw_l1,申万一级行业指数,true,9719,false,sw_l1,申万一级,
801150.SI,医药生物,sw_l1,申万一级行业指数,true,9718,false,sw_l1,申万一级,
801160.SI,公用事业,sw_l1,申万一级行业指数,true,9717,false,sw_l1,申万一级,
801170.SI,交通运输,sw_l1,申万一级行业指数,true,9716,false,sw_l1,申万一级,
801180.SI,房地产,sw_l1,申万一级行业指数,true,9715,false,sw_l1,申万一级,
801200.SI,商贸零售,sw_l1,申万一级行业指数,true,9714,false,sw_l1,申万一级,
801210.SI,社会服务,sw_l1,申万一级行业指数,true,9713,false,sw_l1,申万一级,
801780.SI,银行,sw_l1,申万一级行业指数,true,9712,false,sw_l1,申万一级,
801790.SI,非银金融,sw_l1,申万一级行业指数,true,9711,false,sw_l1,申万一级,
801230.SI,综合,sw_l1,申万一级行业指数,true,9710,false,sw_l1,申万一级,
801710.SI,建筑材料,sw_l1,申万一级行业指数,true,9709,false,sw_l1,申万一级,
801720.SI,建筑装饰,sw_l1,申万一级行业指数,true,9708,false,sw_l1,申万一级,
801730.SI,电力设备,sw_l1,申万一级行业指数,true,9707,false,sw_l1,申万一级,
801890.SI,机械设备,sw_l1,申万一级行业指数,true,9706,false,sw_l1,申万一级,
801740.SI,国防军工,sw_l1,申万一级行业指数,true,9705,false,sw_l1,申万一级,
801750.SI,计算机,sw_l1,申万一级行业指数,true,9704,false,sw_l1,申万一级,
801760.SI,传媒,sw_l1,申万一级行业指数,true,9703,false,sw_l1,申万一级,
801770.SI,通信,sw_l1,申万一级行业指数,true,9702,false,sw_l1,申万一级,
801950.SI,煤炭,sw_l1,申万一级行业指数,true,9701,false,sw_l1,申万一级,
801960.SI,石油石化,sw_l1,申万一级行业指数,true,9700,false,sw_l1,申万一级,
801970.SI,环保,sw_l1,申万一级行业指数,true,9699,false,sw_l1,申万一级,
801980.SI,美容护理,sw_l1,申万一级行业指数,true,9698,false,sw_l1,申万一级,
801016.SI,种植业,sw_l2,申万二级行业指数,true,9697,false,sw_l2,申万二级,
801015.SI,渔业,sw_l2,申万二级行业指数,true,9696,false,sw_l2,申万二级,
801011.SI,林业Ⅱ,sw_l2,申万二级行业指数,true,9695,false,sw_l2,申万二级,
801014.SI,饲料,sw_l2,申万二级行业指数,true,9694,false,sw_l2,申万二级,
801012.SI,农产品加工,sw_l2,申万二级行业指数,true,9693,false,sw_l2,申万二级,
801017.SI,养殖业,sw_l2,申万二级行业指数,true,9692,false,sw_l2,申万二级,
801018.SI,动物保健Ⅱ,sw_l2,申万二级行业指数,true,9691,false,sw_l2,申万二级,
801019.SI,农业综合Ⅱ,sw_l2,申万二级行业指数,true,9690,false,sw_l2,申万二级,
801033.SI,化学原料,sw_l2,申万二级行业指数,true,9689,false,sw_l2,申万二级,
801034.SI,化学制品,sw_l2,申万二级行业指数,true,9688,false,sw_l2,申万二级,
801032.SI,化学纤维,sw_l2,申万二级行业指数,true,9687,false,sw_l2,申万二级,
801036.SI,塑料,sw_l2,申万二级行业指数,true,9686,false,sw_l2,申万二级,
801037.SI,橡胶,sw_l2,申万二级行业指数,true,9685,false,sw_l2,申万二级,
801038.SI,农化制品,sw_l2,申万二级行业指数,true,9684,false,sw_l2,申万二级,
801039.SI,非金属材料Ⅱ,sw_l2,申万二级行业指数,true,9683,false,sw_l2,申万二级,
801043.SI,冶钢原料,sw_l2,申万二级行业指数,true,9682,false,sw_l2,申万二级,
801044.SI,普钢,sw_l2,申万二级行业指数,true,9681,false,sw_l2,申万二级,
801045.SI,特钢Ⅱ,sw_l2,申万二级行业指数,true,9680,false,sw_l2,申万二级,
801051.SI,金属新材料,sw_l2,申万二级行业指数,true,9679,false,sw_l2,申万二级,
801055.SI,工业金属,sw_l2,申万二级行业指数,true,9678,false,sw_l2,申万二级,
801053.SI,贵金属,sw_l2,申万二级行业指数,true,9677,false,sw_l2,申万二级,
801054.SI,小金属,sw_l2,申万二级行业指数,true,9676,false,sw_l2,申万二级,
801056.SI,能源金属,sw_l2,申万二级行业指数,true,9675,false,sw_l2,申万二级,
801081.SI,半导体,sw_l2,申万二级行业指数,true,9674,false,sw_l2,申万二级,
801083.SI,元件,sw_l2,申万二级行业指数,true,9673,false,sw_l2,申万二级,
801084.SI,光学光电子,sw_l2,申万二级行业指数,true,9672,false,sw_l2,申万二级,
801082.SI,其他电子Ⅱ,sw_l2,申万二级行业指数,true,9671,false,sw_l2,申万二级,
801085.SI,消费电子,sw_l2,申万二级行业指数,true,9670,false,sw_l2,申万二级,
801086.SI,电子化学品Ⅱ,sw_l2,申万二级行业指数,true,9669,false,sw_l2,申万二级,
801093.SI,汽车零部件,sw_l2,申万二级行业指数,true,9668,false,sw_l2,申万二级,
801092.SI,汽车服务,sw_l2,申万二级行业指数,true,9667,false,sw_l2,申万二级,
801881.SI,摩托车及其他,sw_l2,申万二级行业指数,true,9666,false,sw_l2,申万二级,
801095.SI,乘用车,sw_l2,申万二级行业指数,true,9665,false,sw_l2,申万二级,
801096.SI,商用车,sw_l2,申万二级行业指数,true,9664,false,sw_l2,申万二级,
801111.SI,白色家电,sw_l2,申万二级行业指数,true,9663,false,sw_l2,申万二级,
801112.SI,黑色家电,sw_l2,申万二级行业指数,true,9662,false,sw_l2,申万二级,
801113.SI,小家电,sw_l2,申万二级行业指数,true,9661,false,sw_l2,申万二级,
801114.SI,厨卫电器,sw_l2,申万二级行业指数,true,9660,false,sw_l2,申万二级,
801115.SI,照明设备Ⅱ,sw_l2,申万二级行业指数,true,9659,false,sw_l2,申万二级,
801116.SI,家电零部件Ⅱ,sw_l2,申万二级行业指数,true,9658,false,sw_l2,申万二级,
801117.SI,其他家电Ⅱ,sw_l2,申万二级行业指数,true,9657,false,sw_l2,申万二级,
801124.SI,食品加工,sw_l2,申万二级行业指数,true,9656,false,sw_l2,申万二级,
801125.SI,白酒Ⅱ,sw_l2,申万二级行业指数,true,9655,false,sw_l2,申万二级,
801126.SI,非白酒,sw_l2,申万二级行业指数,true,9654,false,sw_l2,申万二级,
801127.SI,饮料乳品,sw_l2,申万二级行业指数,true,9653,false,sw_l2,申万二级,
801128.SI,休闲食品,sw_l2,申万二级行业指数,true,9652,false,sw_l2,申万二级,
801129.SI,调味发酵品Ⅱ,sw_l2,申万二级行业指数,true,9651,false,sw_l2,申万二级,
801131.SI,纺织制造,sw_l2,申万二级行业指数,true,9650,false,sw_l2,申万二级,
801132.SI,服装家纺,sw_l2,申万二级行业指数,true,9649,false,sw_l2,申万二级,
801133.SI,饰品,sw_l2,申万二级行业指数,true,9648,false,sw_l2,申万二级,
801143.SI,造纸,sw_l2,申万二级行业指数,true,9647,false,sw_l2,申万二级,
801141.SI,包装印刷,sw_l2,申万二级行业指数,true,9646,false,sw_l2,申万二级,
801142.SI,家居用品,sw_l2,申万二级行业指数,true,9645,false,sw_l2,申万二级,
801145.SI,文娱用品,sw_l2,申万二级行业指数,true,9644,false,sw_l2,申万二级,
801151.SI,化学制药,sw_l2,申万二级行业指数,true,9643,false,sw_l2,申万二级,
801155.SI,中药Ⅱ,sw_l2,申万二级行业指数,true,9642,false,sw_l2,申万二级,
801152.SI,生物制品,sw_l2,申万二级行业指数,true,9641,false,sw_l2,申万二级,
801154.SI,医药商业,sw_l2,申万二级行业指数,true,9640,false,sw_l2,申万二级,
801153.SI,医疗器械,sw_l2,申万二级行业指数,true,9639,false,sw_l2,申万二级,
801156.SI,医疗服务,sw_l2,申万二级行业指数,true,9638,false,sw_l2,申万二级,
801161.SI,电力,sw_l2,申万二级行业指数,true,9637,false,sw_l2,申万二级,
801163.SI,燃气Ⅱ,sw_l2,申万二级行业指数,true,9636,false,sw_l2,申万二级,
801178.SI,物流,sw_l2,申万二级行业指数,true,9635,false,sw_l2,申万二级,
801179.SI,铁路公路,sw_l2,申万二级行业指数,true,9634,false,sw_l2,申万二级,
801991.SI,航空机场,sw_l2,申万二级行业指数,true,9633,false,sw_l2,申万二级,
801992.SI,航运港口,sw_l2,申万二级行业指数,true,9632,false,sw_l2,申万二级,
801181.SI,房地产开发,sw_l2,申万二级行业指数,true,9631,false,sw_l2,申万二级,
801183.SI,房地产服务,sw_l2,申万二级行业指数,true,9630,false,sw_l2,申万二级,
801202.SI,贸易Ⅱ,sw_l2,申万二级行业指数,true,9629,false,sw_l2,申万二级,
801203.SI,一般零售,sw_l2,申万二级行业指数,true,9628,false,sw_l2,申万二级,
801204.SI,专业连锁Ⅱ,sw_l2,申万二级行业指数,true,9627,false,sw_l2,申万二级,
801206.SI,互联网电商,sw_l2,申万二级行业指数,true,9626,false,sw_l2,申万二级,
801207.SI,旅游零售Ⅱ,sw_l2,申万二级行业指数,true,9625,false,sw_l2,申万二级,
801216.SI,体育Ⅱ,sw_l2,申万二级行业指数,true,9624,false,sw_l2,申万二级,
801218.SI,专业服务,sw_l2,申万二级行业指数,true,9623,false,sw_l2,申万二级,
801219.SI,酒店餐饮,sw_l2,申万二级行业指数,true,9622,false,sw_l2,申万二级,
801993.SI,旅游及景区,sw_l2,申万二级行业指数,true,9621,false,sw_l2,申万二级,
801994.SI,教育,sw_l2,申万二级行业指数,true,9620,false,sw_l2,申万二级,
801782.SI,国有大型银行Ⅱ,sw_l2,申万二级行业指数,true,9619,false,sw_l2,申万二级,
801783.SI,股份制银行Ⅱ,sw_l2,申万二级行业指数,true,9618,false,sw_l2,申万二级,
801784.SI,城商行Ⅱ,sw_l2,申万二级行业指数,true,9617,false,sw_l2,申万二级,
801785.SI,农商行Ⅱ,sw_l2,申万二级行业指数,true,9616,false,sw_l2,申万二级,
801193.SI,证券Ⅱ,sw_l2,申万二级行业指数,true,9615,false,sw_l2,申万二级,
801194.SI,保险Ⅱ,sw_l2,申万二级行业指数,true,9614,false,sw_l2,申万二级,
801191.SI,多元金融,sw_l2,申万二级行业指数,true,9613,false,sw_l2,申万二级,
801231.SI,综合Ⅱ,sw_l2,申万二级行业指数,true,9612,false,sw_l2,申万二级,
801711.SI,水泥,sw_l2,申万二级行业指数,true,9611,false,sw_l2,申万二级,
801712.SI,玻璃玻纤,sw_l2,申万二级行业指数,true,9610,false,sw_l2,申万二级,
801713.SI,装修建材,sw_l2,申万二级行业指数,true,9609,false,sw_l2,申万二级,
801721.SI,房屋建设Ⅱ,sw_l2,申万二级行业指数,true,9608,false,sw_l2,申万二级,
801722.SI,装修装饰Ⅱ,sw_l2,申万二级行业指数,true,9607,false,sw_l2,申万二级,
801723.SI,基础建设,sw_l2,申万二级行业指数,true,9606,false,sw_l2,申万二级,
801724.SI,专业工程,sw_l2,申万二级行业指数,true,9605,false,sw_l2,申万二级,
801726.SI,工程咨询服务Ⅱ,sw_l2,申万二级行业指数,true,9604,false,sw_l2,申万二级,
801731.SI,电机Ⅱ,sw_l2,申万二级行业指数,true,9603,false,sw_l2,申万二级,
801733.SI,其他电源设备Ⅱ,sw_l2,申万二级行业指数,true,9602,false,sw_l2,申万二级,
801735.SI,光伏设备,sw_l2,申万二级行业指数,true,9601,false,sw_l2,申万二级,
801736.SI,风电设备,sw_l2,申万二级行业指数,true,9600,false,sw_l2,申万二级,
801737.SI,电池,sw_l2,申万二级行业指数,true,9599,false,sw_l2,申万二级,
801738.SI,电网设备,sw_l2,申万二级行业指数,true,9598,false,sw_l2,申万二级,
801072.SI,通用设备,sw_l2,申万二级行业指数,true,9597,false,sw_l2,申万二级,
801074.SI,专用设备,sw_l2,申万二级行业指数,true,9596,false,sw_l2,申万二级,
801076.SI,轨交设备Ⅱ,sw_l2,申万二级行业指数,true,9595,false,sw_l2,申万二级,
801077.SI,工程机械,sw_l2,申万二级行业指数,true,9594,false,sw_l2,申万二级,
801078.SI,自动化设备,sw_l2,申万二级行业指数,true,9593,false,sw_l2,申万二级,
801741.SI,航天装备Ⅱ,sw_l2,申万二级行业指数,true,9592,false,sw_l2,申万二级,
801742.SI,航空装备Ⅱ,sw_l2,申万二级行业指数,true,9591,false,sw_l2,申万二级,
801743.SI,地面兵装Ⅱ,sw_l2,申万二级行业指数,true,9590,false,sw_l2,申万二级,
801744.SI,航海装备Ⅱ,sw_l2,申万二级行业指数,true,9589,false,sw_l2,申万二级,
801745.SI,军工电子Ⅱ,sw_l2,申万二级行业指数,true,9588,false,sw_l2,申万二级,
801101.SI,计算机设备,sw_l2,申万二级行业指数,true,9587,false,sw_l2,申万二级,
801103.SI,IT服务Ⅱ,sw_l2,申万二级行业指数,true,9586,false,sw_l2,申万二级,
801104.SI,软件开发,sw_l2,申万二级行业指数,true,9585,false,sw_l2,申万二级,
801764.SI,游戏Ⅱ,sw_l2,申万二级行业指数,true,9584,false,sw_l2,申万二级,
801765.SI,广告营销,sw_l2,申万二级行业指数,true,9583,false,sw_l2,申万二级,
801766.SI,影视院线,sw_l2,申万二级行业指数,true,9582,false,sw_l2,申万二级,
801767.SI,数字媒体,sw_l2,申万二级行业指数,true,9581,false,sw_l2,申万二级,
801769.SI,出版,sw_l2,申万二级行业指数,true,9580,false,sw_l2,申万二级,
801995.SI,电视广播Ⅱ,sw_l2,申万二级行业指数,true,9579,false,sw_l2,申万二级,
801223.SI,通信服务,sw_l2,申万二级行业指数,true,9578,false,sw_l2,申万二级,
801102.SI,通信设备,sw_l2,申万二级行业指数,true,9577,false,sw_l2,申万二级,
801951.SI,煤炭开采,sw_l2,申万二级行业指数,true,9576,false,sw_l2,申万二级,
801952.SI,焦炭Ⅱ,sw_l2,申万二级行业指数,true,9575,false,sw_l2,申万二级,
801961.SI,油气开采Ⅱ,sw_l2,申万二级行业指数,true,9574,false,sw_l2,申万二级,
801962.SI,油服工程,sw_l2,申万二级行业指数,true,9573,false,sw_l2,申万二级,
801963.SI,炼化及贸易,sw_l2,申万二级行业指数,true,9572,false,sw_l2,申万二级,
801971.SI,环境治理,sw_l2,申万二级行业指数,true,9571,false,sw_l2,申万二级,
801972.SI,环保设备Ⅱ,sw_l2,申万二级行业指数,true,9570,false,sw_l2,申万二级,
801981.SI,个护用品,sw_l2,申万二级行业指数,true,9569,false,sw_l2,申万二级,
801982.SI,化妆品,sw_l2,申万二级行业指数,true,9568,false,sw_l2,申万二级,
801983.SI,医疗美容,sw_l2,申万二级行业指数,true,9567,false,sw_l2,申万二级,
850111.SI,种子,sw_l3,申万三级行业指数,true,9566,false,sw_l3,申万三级,
850112.SI,粮食种植,sw_l3,申万三级行业指数,true,9565,false,sw_l3,申万三级,
850113.SI,其他种植业,sw_l3,申万三级行业指数,true,9564,false,sw_l3,申万三级,
850114.SI,食用菌,sw_l3,申万三级行业指数,true,9563,false,sw_l3,申万三级,
850121.SI,海洋捕捞,sw_l3,申万三级行业指数,true,9562,false,sw_l3,申万三级,
850122.SI,水产养殖,sw_l3,申万三级行业指数,true,9561,false,sw_l3,申万三级,
850131.SI,林业Ⅲ,sw_l3,申万三级行业指数,true,9560,false,sw_l3,申万三级,
850142.SI,畜禽饲料,sw_l3,申万三级行业指数,true,9559,false,sw_l3,申万三级,
850143.SI,水产饲料,sw_l3,申万三级行业指数,true,9558,false,sw_l3,申万三级,
850144.SI,宠物食品,sw_l3,申万三级行业指数,true,9557,false,sw_l3,申万三级,
850151.SI,果蔬加工,sw_l3,申万三级行业指数,true,9556,false,sw_l3,申万三级,
850152.SI,粮油加工,sw_l3,申万三级行业指数,true,9555,false,sw_l3,申万三级,
850154.SI,其他农产品加工,sw_l3,申万三级行业指数,true,9554,false,sw_l3,申万三级,
850172.SI,生猪养殖,sw_l3,申万三级行业指数,true,9553,false,sw_l3,申万三级,
850173.SI,肉鸡养殖,sw_l3,申万三级行业指数,true,9552,false,sw_l3,申万三级,
850174.SI,其他养殖,sw_l3,申万三级行业指数,true,9551,false,sw_l3,申万三级,
850181.SI,动物保健Ⅲ,sw_l3,申万三级行业指数,true,9550,false,sw_l3,申万三级,
850191.SI,农业综合Ⅲ,sw_l3,申万三级行业指数,true,9549,false,sw_l3,申万三级,
850321.SI,纯碱,sw_l3,申万三级行业指数,true,9548,false,sw_l3,申万三级,
850322.SI,氯碱,sw_l3,申万三级行业指数,true,9547,false,sw_l3,申万三级,
850323.SI,无机盐,sw_l3,申万三级行业指数,true,9546,false,sw_l3,申万三级,
850324.SI,其他化学原料,sw_l3,申万三级行业指数,true,9545,false,sw_l3,申万三级,
850325.SI,煤化工,sw_l3,申万三级行业指数,true,9544,false,sw_l3,申万三级,
850326.SI,钛白粉,sw_l3,申万三级行业指数,true,9543,false,sw_l3,申万三级,
850335.SI,涂料油墨,sw_l3,申万三级行业指数,true,9542,false,sw_l3,申万三级,
850337.SI,民爆制品,sw_l3,申万三级行业指数,true,9541,false,sw_l3,申万三级,
850338.SI,纺织化学制品,sw_l3,申万三级行业指数,true,9540,false,sw_l3,申万三级,
850339.SI,其他化学制品,sw_l3,申万三级行业指数,true,9539,false,sw_l3,申万三级,
850382.SI,氟化工,sw_l3,申万三级行业指数,true,9538,false,sw_l3,申万三级,
850372.SI,聚氨酯,sw_l3,申万三级行业指数,true,9537,false,sw_l3,申万三级,
850135.SI,食品及饲料添加剂,sw_l3,申万三级行业指数,true,9536,false,sw_l3,申万三级,
850136.SI,有机硅,sw_l3,申万三级行业指数,true,9535,false,sw_l3,申万三级,
850137.SI,胶黏剂及胶带,sw_l3,申万三级行业指数,true,9534,false,sw_l3,申万三级,
850341.SI,涤纶,sw_l3,申万三级行业指数,true,9533,false,sw_l3,申万三级,
850343.SI,粘胶,sw_l3,申万三级行业指数,true,9532,false,sw_l3,申万三级,
850344.SI,其他化学纤维,sw_l3,申万三级行业指数,true,9531,false,sw_l3,申万三级,
850345.SI,氨纶,sw_l3,申万三级行业指数,true,9530,false,sw_l3,申万三级,
850346.SI,锦纶,sw_l3,申万三级行业指数,true,9529,false,sw_l3,申万三级,
850351.SI,其他塑料制品,sw_l3,申万三级行业指数,true,9528,false,sw_l3,申万三级,
850353.SI,改性塑料,sw_l3,申万三级行业指数,true,9527,false,sw_l3,申万三级,
850354.SI,合成树脂,sw_l3,申万三级行业指数,true,9526,false,sw_l3,申万三级,
850355.SI,膜材料,sw_l3,申万三级行业指数,true,9525,false,sw_l3,申万三级,
850362.SI,其他橡胶制品,sw_l3,申万三级行业指数,true,9524,false,sw_l3,申万三级,
850363.SI,炭黑,sw_l3,申万三级行业指数,true,9523,false,sw_l3,申万三级,
850364.SI,橡胶助剂,sw_l3,申万三级行业指数,true,9522,false,sw_l3,申万三级,
850331.SI,氮肥,sw_l3,申万三级行业指数,true,9521,false,sw_l3,申万三级,
850332.SI,磷肥及磷化工,sw_l3,申万三级行业指数,true,9520,false,sw_l3,申万三级,
850333.SI,农药,sw_l3,申万三级行业指数,true,9519,false,sw_l3,申万三级,
850336.SI,钾肥,sw_l3,申万三级行业指数,true,9518,false,sw_l3,申万三级,
850381.SI,复合肥,sw_l3,申万三级行业指数,true,9517,false,sw_l3,申万三级,
850523.SI,非金属材料Ⅲ,sw_l3,申万三级行业指数,true,9516,false,sw_l3,申万三级,
850431.SI,铁矿石,sw_l3,申万三级行业指数,true,9515,false,sw_l3,申万三级,
850432.SI,冶钢辅料,sw_l3,申万三级行业指数,true,9514,false,sw_l3,申万三级,
850441.SI,长材,sw_l3,申万三级行业指数,true,9513,false,sw_l3,申万三级,
850442.SI,板材,sw_l3,申万三级行业指数,true,9512,false,sw_l3,申万三级,
850443.SI,钢铁管材,sw_l3,申万三级行业指数,true,9511,false,sw_l3,申万三级,
850521.SI,其他金属新材料,sw_l3,申万三级行业指数,true,9510,false,sw_l3,申万三级,
850522.SI,磁性材料,sw_l3,申万三级行业指数,true,9509,false,sw_l3,申万三级,
850551.SI,铝,sw_l3,申万三级行业指数,true,9508,false,sw_l3,申万三级,
850552.SI,铜,sw_l3,申万三级行业指数,true,9507,false,sw_l3,申万三级,
850553.SI,铅锌,sw_l3,申万三级行业指数,true,9506,false,sw_l3,申万三级,
850531.SI,黄金,sw_l3,申万三级行业指数,true,9505,false,sw_l3,申万三级,
850532.SI,白银,sw_l3,申万三级行业指数,true,9504,false,sw_l3,申万三级,
850541.SI,稀土,sw_l3,申万三级行业指数,true,9503,false,sw_l3,申万三级,
850542.SI,钨,sw_l3,申万三级行业指数,true,9502,false,sw_l3,申万三级,
850544.SI,其他小金属,sw_l3,申万三级行业指数,true,9501,false,sw_l3,申万三级,
850545.SI,钼,sw_l3,申万三级行业指数,true,9500,false,sw_l3,申万三级,
850561.SI,钴,sw_l3,申万三级行业指数,true,9499,false,sw_l3,申万三级,
850562.SI,镍,sw_l3,申万三级行业指数,true,9498,false,sw_l3,申万三级,
850543.SI,锂,sw_l3,申万三级行业指数,true,9497,false,sw_l3,申万三级,
850812.SI,分立器件,sw_l3,申万三级行业指数,true,9496,false,sw_l3,申万三级,
850813.SI,半导体材料,sw_l3,申万三级行业指数,true,9495,false,sw_l3,申万三级,
850814.SI,数字芯片设计,sw_l3,申万三级行业指数,true,9494,false,sw_l3,申万三级,
850815.SI,模拟芯片设计,sw_l3,申万三级行业指数,true,9493,false,sw_l3,申万三级,
850816.SI,集成电路制造,sw_l3,申万三级行业指数,true,9492,false,sw_l3,申万三级,
850817.SI,集成电路封测,sw_l3,申万三级行业指数,true,9491,false,sw_l3,申万三级,
850818.SI,半导体设备,sw_l3,申万三级行业指数,true,9490,false,sw_l3,申万三级,
850822.SI,印制电路板,sw_l3,申万三级行业指数,true,9489,false,sw_l3,申万三级,
850823.SI,被动元件,sw_l3,申万三级行业指数,true,9488,false,sw_l3,申万三级,
850831.SI,面板,sw_l3,申万三级行业指数,true,9487,false,sw_l3,申万三级,
850832.SI,LED,sw_l3,申万三级行业指数,true,9486,false,sw_l3,申万三级,
850833.SI,光学元件,sw_l3,申万三级行业指数,true,9485,false,sw_l3,申万三级,
850841.SI,其他电子Ⅲ,sw_l3,申万三级行业指数,true,9484,false,sw_l3,申万三级,
850853.SI,品牌消费电子,sw_l3,申万三级行业指数,true,9483,false,sw_l3,申万三级,
850854.SI,消费电子零部件及组装,sw_l3,申万三级行业指数,true,9482,false,sw_l3,申万三级,
850861.SI,电子化学品Ⅲ,sw_l3,申万三级行业指数,true,9481,false,sw_l3,申万三级,
850922.SI,车身附件及饰件,sw_l3,申万三级行业指数,true,9480,false,sw_l3,申万三级,
850923.SI,底盘与发动机系统,sw_l3,申万三级行业指数,true,9479,false,sw_l3,申万三级,
850924.SI,轮胎轮毂,sw_l3,申万三级行业指数,true,9478,false,sw_l3,申万三级,
850925.SI,其他汽车零部件,sw_l3,申万三级行业指数,true,9477,false,sw_l3,申万三级,
850926.SI,汽车电子电气系统,sw_l3,申万三级行业指数,true,9476,false,sw_l3,申万三级,
850232.SI,汽车经销商,sw_l3,申万三级行业指数,true,9475,false,sw_l3,申万三级,
850233.SI,汽车综合服务,sw_l3,申万三级行业指数,true,9474,false,sw_l3,申万三级,
858811.SI,其他运输设备,sw_l3,申万三级行业指数,true,9473,false,sw_l3,申万三级,
858812.SI,摩托车,sw_l3,申万三级行业指数,true,9472,false,sw_l3,申万三级,
850951.SI,电动乘用车,sw_l3,申万三级行业指数,true,9471,false,sw_l3,申万三级,
850952.SI,综合乘用车,sw_l3,申万三级行业指数,true,9470,false,sw_l3,申万三级,
850912.SI,商用载货车,sw_l3,申万三级行业指数,true,9469,false,sw_l3,申万三级,
850913.SI,商用载客车,sw_l3,申万三级行业指数,true,9468,false,sw_l3,申万三级,
851112.SI,空调,sw_l3,申万三级行业指数,true,9467,false,sw_l3,申万三级,
851116.SI,冰洗,sw_l3,申万三级行业指数,true,9466,false,sw_l3,申万三级,
851121.SI,彩电,sw_l3,申万三级行业指数,true,9465,false,sw_l3,申万三级,
851122.SI,其他黑色家电,sw_l3,申万三级行业指数,true,9464,false,sw_l3,申万三级,
851131.SI,厨房小家电,sw_l3,申万三级行业指数,true,9463,false,sw_l3,申万三级,
851132.SI,清洁小家电,sw_l3,申万三级行业指数,true,9462,false,sw_l3,申万三级,
851133.SI,个护小家电,sw_l3,申万三级行业指数,true,9461,false,sw_l3,申万三级,
851141.SI,厨房电器,sw_l3,申万三级行业指数,true,9460,false,sw_l3,申万三级,
851142.SI,卫浴电器,sw_l3,申万三级行业指数,true,9459,false,sw_l3,申万三级,
851151.SI,照明设备Ⅲ,sw_l3,申万三级行业指数,true,9458,false,sw_l3,申万三级,
851161.SI,家电零部件Ⅲ,sw_l3,申万三级行业指数,true,9457,false,sw_l3,申万三级,
851171.SI,其他家电Ⅲ,sw_l3,申万三级行业指数,true,9456,false,sw_l3,申万三级,
851241.SI,肉制品,sw_l3,申万三级行业指数,true,9455,false,sw_l3,申万三级,
851246.SI,预加工食品,sw_l3,申万三级行业指数,true,9454,false,sw_l3,申万三级,
851247.SI,保健品,sw_l3,申万三级行业指数,true,9453,false,sw_l3,申万三级,
851251.SI,白酒Ⅲ,sw_l3,申万三级行业指数,true,9452,false,sw_l3,申万三级,
851232.SI,啤酒,sw_l3,申万三级行业指数,true,9451,false,sw_l3,申万三级,
851233.SI,其他酒类,sw_l3,申万三级行业指数,true,9450,false,sw_l3,申万三级,
851271.SI,软饮料,sw_l3,申万三级行业指数,true,9449,false,sw_l3,申万三级,
851243.SI,乳品,sw_l3,申万三级行业指数,true,9448,false,sw_l3,申万三级,
851281.SI,零食,sw_l3,申万三级行业指数,true,9447,false,sw_l3,申万三级,
851282.SI,烘焙食品,sw_l3,申万三级行业指数,true,9446,false,sw_l3,申万三级,
851283.SI,熟食,sw_l3,申万三级行业指数,true,9445,false,sw_l3,申万三级,
851242.SI,调味发酵品Ⅲ,sw_l3,申万三级行业指数,true,9444,false,sw_l3,申万三级,
851312.SI,棉纺,sw_l3,申万三级行业指数,true,9443,false,sw_l3,申万三级,
851314.SI,印染,sw_l3,申万三级行业指数,true,9442,false,sw_l3,申万三级,
851315.SI,辅料,sw_l3,申万三级行业指数,true,9441,false,sw_l3,申万三级,
851316.SI,其他纺织,sw_l3,申万三级行业指数,true,9440,false,sw_l3,申万三级,
851317.SI,纺织鞋类制造,sw_l3,申万三级行业指数,true,9439,false,sw_l3,申万三级,
851325.SI,鞋帽及其他,sw_l3,申万三级行业指数,true,9438,false,sw_l3,申万三级,
851326.SI,家纺,sw_l3,申万三级行业指数,true,9437,false,sw_l3,申万三级,
851328.SI,运动服装,sw_l3,申万三级行业指数,true,9436,false,sw_l3,申万三级,
851329.SI,非运动服装,sw_l3,申万三级行业指数,true,9435,false,sw_l3,申万三级,
851331.SI,钟表珠宝,sw_l3,申万三级行业指数,true,9434,false,sw_l3,申万三级,
851333.SI,其他饰品,sw_l3,申万三级行业指数,true,9433,false,sw_l3,申万三级,
851412.SI,大宗用纸,sw_l3,申万三级行业指数,true,9432,false,sw_l3,申万三级,
851413.SI,特种纸,sw_l3,申万三级行业指数,true,9431,false,sw_l3,申万三级,
851422.SI,印刷,sw_l3,申万三级行业指数,true,9430,false,sw_l3,申万三级,
851423.SI,金属包装,sw_l3,申万三级行业指数,true,9429,false,sw_l3,申万三级,
851424.SI,塑料包装,sw_l3,申万三级行业指数,true,9428,false,sw_l3,申万三级,
851425.SI,纸包装,sw_l3,申万三级行业指数,true,9427,false,sw_l3,申万三级,
851426.SI,综合包装,sw_l3,申万三级行业指数,true,9426,false,sw_l3,申万三级,
851436.SI,瓷砖地板,sw_l3,申万三级行业指数,true,9425,false,sw_l3,申万三级,
851437.SI,成品家居,sw_l3,申万三级行业指数,true,9424,false,sw_l3,申万三级,
851438.SI,定制家居,sw_l3,申万三级行业指数,true,9423,false,sw_l3,申万三级,
851439.SI,卫浴制品,sw_l3,申万三级行业指数,true,9422,false,sw_l3,申万三级,
851491.SI,其他家居用品,sw_l3,申万三级行业指数,true,9421,false,sw_l3,申万三级,
851451.SI,文化用品,sw_l3,申万三级行业指数,true,9420,false,sw_l3,申万三级,
851452.SI,娱乐用品,sw_l3,申万三级行业指数,true,9419,false,sw_l3,申万三级,
851511.SI,原料药,sw_l3,申万三级行业指数,true,9418,false,sw_l3,申万三级,
851512.SI,化学制剂,sw_l3,申万三级行业指数,true,9417,false,sw_l3,申万三级,
851521.SI,中药Ⅲ,sw_l3,申万三级行业指数,true,9416,false,sw_l3,申万三级,
851522.SI,血液制品,sw_l3,申万三级行业指数,true,9415,false,sw_l3,申万三级,
851523.SI,疫苗,sw_l3,申万三级行业指数,true,9414,false,sw_l3,申万三级,
851524.SI,其他生物制品,sw_l3,申万三级行业指数,true,9413,false,sw_l3,申万三级,
851542.SI,医药流通,sw_l3,申万三级行业指数,true,9412,false,sw_l3,申万三级,
851543.SI,线下药店,sw_l3,申万三级行业指数,true,9411,false,sw_l3,申万三级,
851532.SI,医疗设备,sw_l3,申万三级行业指数,true,9410,false,sw_l3,申万三级,
851533.SI,医疗耗材,sw_l3,申万三级行业指数,true,9409,false,sw_l3,申万三级,
851534.SI,体外诊断,sw_l3,申万三级行业指数,true,9408,false,sw_l3,申万三级,
851562.SI,诊断服务,sw_l3,申万三级行业指数,true,9407,false,sw_l3,申万三级,
851563.SI,医疗研发外包,sw_l3,申万三级行业指数,true,9406,false,sw_l3,申万三级,
851564.SI,医院,sw_l3,申万三级行业指数,true,9405,false,sw_l3,申万三级,
851565.SI,其他医疗服务,sw_l3,申万三级行业指数,true,9404,false,sw_l3,申万三级,
851611.SI,火力发电,sw_l3,申万三级行业指数,true,9403,false,sw_l3,申万三级,
851612.SI,水力发电,sw_l3,申万三级行业指数,true,9402,false,sw_l3,申万三级,
851614.SI,热力服务,sw_l3,申万三级行业指数,true,9401,false,sw_l3,申万三级,
851616.SI,光伏发电,sw_l3,申万三级行业指数,true,9400,false,sw_l3,申万三级,
851617.SI,风力发电,sw_l3,申万三级行业指数,true,9399,false,sw_l3,申万三级,
851618.SI,核力发电,sw_l3,申万三级行业指数,true,9398,false,sw_l3,申万三级,
851619.SI,其他能源发电,sw_l3,申万三级行业指数,true,9397,false,sw_l3,申万三级,
851610.SI,电能综合服务,sw_l3,申万三级行业指数,true,9396,false,sw_l3,申万三级,
851631.SI,燃气Ⅲ,sw_l3,申万三级行业指数,true,9395,false,sw_l3,申万三级,
851782.SI,原材料供应链服务,sw_l3,申万三级行业指数,true,9394,false,sw_l3,申万三级,
851783.SI,中间产品及消费品供应链服务,sw_l3,申万三级行业指数,true,9393,false,sw_l3,申万三级,
851784.SI,快递,sw_l3,申万三级行业指数,true,9392,false,sw_l3,申万三级,
851785.SI,跨境物流,sw_l3,申万三级行业指数,true,9391,false,sw_l3,申万三级,
851786.SI,仓储物流,sw_l3,申万三级行业指数,true,9390,false,sw_l3,申万三级,
851787.SI,公路货运,sw_l3,申万三级行业指数,true,9389,false,sw_l3,申万三级,
851731.SI,高速公路,sw_l3,申万三级行业指数,true,9388,false,sw_l3,申万三级,
851721.SI,公交,sw_l3,申万三级行业指数,true,9387,false,sw_l3,申万三级,
851771.SI,铁路运输,sw_l3,申万三级行业指数,true,9386,false,sw_l3,申万三级,
851741.SI,航空运输,sw_l3,申万三级行业指数,true,9385,false,sw_l3,申万三级,
851751.SI,机场,sw_l3,申万三级行业指数,true,9384,false,sw_l3,申万三级,
851761.SI,航运,sw_l3,申万三级行业指数,true,9383,false,sw_l3,申万三级,
851711.SI,港口,sw_l3,申万三级行业指数,true,9382,false,sw_l3,申万三级,
851811.SI,住宅开发,sw_l3,申万三级行业指数,true,9381,false,sw_l3,申万三级,
851812.SI,商业地产,sw_l3,申万三级行业指数,true,9380,false,sw_l3,申万三级,
851813.SI,产业地产,sw_l3,申万三级行业指数,true,9379,false,sw_l3,申万三级,
851831.SI,物业管理,sw_l3,申万三级行业指数,true,9378,false,sw_l3,申万三级,
851832.SI,房产租赁经纪,sw_l3,申万三级行业指数,true,9377,false,sw_l3,申万三级,
851833.SI,房地产综合服务,sw_l3,申万三级行业指数,true,9376,false,sw_l3,申万三级,
852021.SI,贸易Ⅲ,sw_l3,申万三级行业指数,true,9375,false,sw_l3,申万三级,
852031.SI,百货,sw_l3,申万三级行业指数,true,9374,false,sw_l3,申万三级,
852032.SI,超市,sw_l3,申万三级行业指数,true,9373,false,sw_l3,申万三级,
852033.SI,多业态零售,sw_l3,申万三级行业指数,true,9372,false,sw_l3,申万三级,
852034.SI,商业物业经营,sw_l3,申万三级行业指数,true,9371,false,sw_l3,申万三级,
852041.SI,专业连锁Ⅲ,sw_l3,申万三级行业指数,true,9370,false,sw_l3,申万三级,
852061.SI,综合电商,sw_l3,申万三级行业指数,true,9369,false,sw_l3,申万三级,
852062.SI,跨境电商,sw_l3,申万三级行业指数,true,9368,false,sw_l3,申万三级,
852063.SI,电商服务,sw_l3,申万三级行业指数,true,9367,false,sw_l3,申万三级,
852071.SI,旅游零售Ⅲ,sw_l3,申万三级行业指数,true,9366,false,sw_l3,申万三级,
852161.SI,体育Ⅲ,sw_l3,申万三级行业指数,true,9365,false,sw_l3,申万三级,
852181.SI,人力资源服务,sw_l3,申万三级行业指数,true,9364,false,sw_l3,申万三级,
852182.SI,检测服务,sw_l3,申万三级行业指数,true,9363,false,sw_l3,申万三级,
852183.SI,会展服务,sw_l3,申万三级行业指数,true,9362,false,sw_l3,申万三级,
852184.SI,其他专业服务,sw_l3,申万三级行业指数,true,9361,false,sw_l3,申万三级,
852121.SI,酒店,sw_l3,申万三级行业指数,true,9360,false,sw_l3,申万三级,
852141.SI,餐饮,sw_l3,申万三级行业指数,true,9359,false,sw_l3,申万三级,
852111.SI,人工景区,sw_l3,申万三级行业指数,true,9358,false,sw_l3,申万三级,
852112.SI,自然景区,sw_l3,申万三级行业指数,true,9357,false,sw_l3,申万三级,
852131.SI,旅游综合,sw_l3,申万三级行业指数,true,9356,false,sw_l3,申万三级,
859851.SI,学历教育,sw_l3,申万三级行业指数,true,9355,false,sw_l3,申万三级,
859852.SI,培训教育,sw_l3,申万三级行业指数,true,9354,false,sw_l3,申万三级,
859853.SI,教育运营及其他,sw_l3,申万三级行业指数,true,9353,false,sw_l3,申万三级,
857821.SI,国有大型银行Ⅲ,sw_l3,申万三级行业指数,true,9352,false,sw_l3,申万三级,
857831.SI,股份制银行Ⅲ,sw_l3,申万三级行业指数,true,9351,false,sw_l3,申万三级,
857841.SI,城商行Ⅲ,sw_l3,申万三级行业指数,true,9350,false,sw_l3,申万三级,
857851.SI,农商行Ⅲ,sw_l3,申万三级行业指数,true,9349,false,sw_l3,申万三级,
851931.SI,证券Ⅲ,sw_l3,申万三级行业指数,true,9348,false,sw_l3,申万三级,
851941.SI,保险Ⅲ,sw_l3,申万三级行业指数,true,9347,false,sw_l3,申万三级,
851922.SI,金融控股,sw_l3,申万三级行业指数,true,9346,false,sw_l3,申万三级,
851923.SI,期货,sw_l3,申万三级行业指数,true,9345,false,sw_l3,申万三级,
851924.SI,信托,sw_l3,申万三级行业指数,true,9344,false,sw_l3,申万三级,
851925.SI,租赁,sw_l3,申万三级行业指数,true,9343,false,sw_l3,申万三级,
851926.SI,金融信息服务,sw_l3,申万三级行业指数,true,9342,false,sw_l3,申万三级,
851927.SI,资产管理,sw_l3,申万三级行业指数,true,9341,false,sw_l3,申万三级,
851928.SI,其他多元金融,sw_l3,申万三级行业指数,true,9340,false,sw_l3,申万三级,
852311.SI,综合Ⅲ,sw_l3,申万三级行业指数,true,9339,false,sw_l3,申万三级,
857111.SI,水泥制造,sw_l3,申万三级行业指数,true,9338,false,sw_l3,申万三级,
857112.SI,水泥制品,sw_l3,申万三级行业指数,true,9337,false,sw_l3,申万三级,
857121.SI,玻璃制造,sw_l3,申万三级行业指数,true,9336,false,sw_l3,申万三级,
857122.SI,玻纤制造,sw_l3,申万三级行业指数,true,9335,false,sw_l3,申万三级,
850615.SI,耐火材料,sw_l3,申万三级行业指数,true,9334,false,sw_l3,申万三级,
850616.SI,管材,sw_l3,申万三级行业指数,true,9333,false,sw_l3,申万三级,
850614.SI,其他建材,sw_l3,申万三级行业指数,true,9332,false,sw_l3,申万三级,
850617.SI,防水材料,sw_l3,申万三级行业指数,true,9331,false,sw_l3,申万三级,
850618.SI,涂料,sw_l3,申万三级行业指数,true,9330,false,sw_l3,申万三级,
850623.SI,房屋建设Ⅲ,sw_l3,申万三级行业指数,true,9329,false,sw_l3,申万三级,
857221.SI,装修装饰Ⅲ,sw_l3,申万三级行业指数,true,9328,false,sw_l3,申万三级,
857236.SI,基建市政工程,sw_l3,申万三级行业指数,true,9327,false,sw_l3,申万三级,
857251.SI,园林工程,sw_l3,申万三级行业指数,true,9326,false,sw_l3,申万三级,
857241.SI,钢结构,sw_l3,申万三级行业指数,true,9325,false,sw_l3,申万三级,
857242.SI,化学工程,sw_l3,申万三级行业指数,true,9324,false,sw_l3,申万三级,
857243.SI,国际工程,sw_l3,申万三级行业指数,true,9323,false,sw_l3,申万三级,
857244.SI,其他专业工程,sw_l3,申万三级行业指数,true,9322,false,sw_l3,申万三级,
857261.SI,工程咨询服务Ⅲ,sw_l3,申万三级行业指数,true,9321,false,sw_l3,申万三级,
850741.SI,电机Ⅲ,sw_l3,申万三级行业指数,true,9320,false,sw_l3,申万三级,
857331.SI,综合电力设备商,sw_l3,申万三级行业指数,true,9319,false,sw_l3,申万三级,
857334.SI,火电设备,sw_l3,申万三级行业指数,true,9318,false,sw_l3,申万三级,
857336.SI,其他电源设备Ⅲ,sw_l3,申万三级行业指数,true,9317,false,sw_l3,申万三级,
857351.SI,硅料硅片,sw_l3,申万三级行业指数,true,9316,false,sw_l3,申万三级,
857352.SI,光伏电池组件,sw_l3,申万三级行业指数,true,9315,false,sw_l3,申万三级,
857353.SI,逆变器,sw_l3,申万三级行业指数,true,9314,false,sw_l3,申万三级,
857354.SI,光伏辅材,sw_l3,申万三级行业指数,true,9313,false,sw_l3,申万三级,
857355.SI,光伏加工设备,sw_l3,申万三级行业指数,true,9312,false,sw_l3,申万三级,
857361.SI,风电整机,sw_l3,申万三级行业指数,true,9311,false,sw_l3,申万三级,
857362.SI,风电零部件,sw_l3,申万三级行业指数,true,9310,false,sw_l3,申万三级,
857371.SI,锂电池,sw_l3,申万三级行业指数,true,9309,false,sw_l3,申万三级,
857372.SI,电池化学品,sw_l3,申万三级行业指数,true,9308,false,sw_l3,申万三级,
857373.SI,锂电专用设备,sw_l3,申万三级行业指数,true,9307,false,sw_l3,申万三级,
857374.SI,燃料电池,sw_l3,申万三级行业指数,true,9306,false,sw_l3,申万三级,
857375.SI,蓄电池及其他电池,sw_l3,申万三级行业指数,true,9305,false,sw_l3,申万三级,
857381.SI,输变电设备,sw_l3,申万三级行业指数,true,9304,false,sw_l3,申万三级,
857382.SI,配电设备,sw_l3,申万三级行业指数,true,9303,false,sw_l3,申万三级,
857321.SI,电网自动化设备,sw_l3,申万三级行业指数,true,9302,false,sw_l3,申万三级,
857323.SI,电工仪器仪表,sw_l3,申万三级行业指数,true,9301,false,sw_l3,申万三级,
857344.SI,线缆部件及其他,sw_l3,申万三级行业指数,true,9300,false,sw_l3,申万三级,
850711.SI,机床工具,sw_l3,申万三级行业指数,true,9299,false,sw_l3,申万三级,
850713.SI,磨具磨料,sw_l3,申万三级行业指数,true,9298,false,sw_l3,申万三级,
850715.SI,制冷空调设备,sw_l3,申万三级行业指数,true,9297,false,sw_l3,申万三级,
850716.SI,其他通用设备,sw_l3,申万三级行业指数,true,9296,false,sw_l3,申万三级,
850731.SI,仪器仪表,sw_l3,申万三级行业指数,true,9295,false,sw_l3,申万三级,
850751.SI,金属制品,sw_l3,申万三级行业指数,true,9294,false,sw_l3,申万三级,
850725.SI,能源及重型设备,sw_l3,申万三级行业指数,true,9293,false,sw_l3,申万三级,
850728.SI,楼宇设备,sw_l3,申万三级行业指数,true,9292,false,sw_l3,申万三级,
850721.SI,纺织服装设备,sw_l3,申万三级行业指数,true,9291,false,sw_l3,申万三级,
850723.SI,农用机械,sw_l3,申万三级行业指数,true,9290,false,sw_l3,申万三级,
850726.SI,印刷包装机械,sw_l3,申万三级行业指数,true,9289,false,sw_l3,申万三级,
850727.SI,其他专用设备,sw_l3,申万三级行业指数,true,9288,false,sw_l3,申万三级,
850936.SI,轨交设备Ⅲ,sw_l3,申万三级行业指数,true,9287,false,sw_l3,申万三级,
850771.SI,工程机械整机,sw_l3,申万三级行业指数,true,9286,false,sw_l3,申万三级,
850772.SI,工程机械器件,sw_l3,申万三级行业指数,true,9285,false,sw_l3,申万三级,
850781.SI,机器人,sw_l3,申万三级行业指数,true,9284,false,sw_l3,申万三级,
850782.SI,工控设备,sw_l3,申万三级行业指数,true,9283,false,sw_l3,申万三级,
850783.SI,激光设备,sw_l3,申万三级行业指数,true,9282,false,sw_l3,申万三级,
850784.SI,其他自动化设备,sw_l3,申万三级行业指数,true,9281,false,sw_l3,申万三级,
857411.SI,航天装备Ⅲ,sw_l3,申万三级行业指数,true,9280,false,sw_l3,申万三级,
857421.SI,航空装备Ⅲ,sw_l3,申万三级行业指数,true,9279,false,sw_l3,申万三级,
857431.SI,地面兵装Ⅲ,sw_l3,申万三级行业指数,true,9278,false,sw_l3,申万三级,
850935.SI,航海装备Ⅲ,sw_l3,申万三级行业指数,true,9277,false,sw_l3,申万三级,
857451.SI,军工电子Ⅲ,sw_l3,申万三级行业指数,true,9276,false,sw_l3,申万三级,
850702.SI,安防设备,sw_l3,申万三级行业指数,true,9275,false,sw_l3,申万三级,
850703.SI,其他计算机设备,sw_l3,申万三级行业指数,true,9274,false,sw_l3,申万三级,
852226.SI,IT服务Ⅲ,sw_l3,申万三级行业指数,true,9273,false,sw_l3,申万三级,
851041.SI,垂直应用软件,sw_l3,申万三级行业指数,true,9272,false,sw_l3,申万三级,
851042.SI,横向通用软件,sw_l3,申万三级行业指数,true,9271,false,sw_l3,申万三级,
857641.SI,游戏Ⅲ,sw_l3,申万三级行业指数,true,9270,false,sw_l3,申万三级,
857651.SI,营销代理,sw_l3,申万三级行业指数,true,9269,false,sw_l3,申万三级,
857652.SI,广告媒体,sw_l3,申万三级行业指数,true,9268,false,sw_l3,申万三级,
857661.SI,影视动漫制作,sw_l3,申万三级行业指数,true,9267,false,sw_l3,申万三级,
857662.SI,院线,sw_l3,申万三级行业指数,true,9266,false,sw_l3,申万三级,
857671.SI,视频媒体,sw_l3,申万三级行业指数,true,9265,false,sw_l3,申万三级,
857673.SI,图片媒体,sw_l3,申万三级行业指数,true,9264,false,sw_l3,申万三级,
857674.SI,门户网站,sw_l3,申万三级行业指数,true,9263,false,sw_l3,申万三级,
857675.SI,文字媒体,sw_l3,申万三级行业指数,true,9262,false,sw_l3,申万三级,
857676.SI,其他数字媒体,sw_l3,申万三级行业指数,true,9261,false,sw_l3,申万三级,
857691.SI,教育出版,sw_l3,申万三级行业指数,true,9260,false,sw_l3,申万三级,
857692.SI,大众出版,sw_l3,申万三级行业指数,true,9259,false,sw_l3,申万三级,
859951.SI,电视广播Ⅲ,sw_l3,申万三级行业指数,true,9258,false,sw_l3,申万三级,
852212.SI,电信运营商,sw_l3,申万三级行业指数,true,9257,false,sw_l3,申万三级,
852213.SI,通信工程及服务,sw_l3,申万三级行业指数,true,9256,false,sw_l3,申万三级,
852214.SI,通信应用增值服务,sw_l3,申万三级行业指数,true,9255,false,sw_l3,申万三级,
851024.SI,通信网络设备及器件,sw_l3,申万三级行业指数,true,9254,false,sw_l3,申万三级,
851025.SI,通信线缆及配套,sw_l3,申万三级行业指数,true,9253,false,sw_l3,申万三级,
851026.SI,通信终端及配件,sw_l3,申万三级行业指数,true,9252,false,sw_l3,申万三级,
851027.SI,其他通信设备,sw_l3,申万三级行业指数,true,9251,false,sw_l3,申万三级,
859511.SI,动力煤,sw_l3,申万三级行业指数,true,9250,false,sw_l3,申万三级,
859512.SI,焦煤,sw_l3,申万三级行业指数,true,9249,false,sw_l3,申万三级,
859521.SI,焦炭Ⅲ,sw_l3,申万三级行业指数,true,9248,false,sw_l3,申万三级,
859611.SI,油气开采Ⅲ,sw_l3,申万三级行业指数,true,9247,false,sw_l3,申万三级,
859621.SI,油田服务,sw_l3,申万三级行业指数,true,9246,false,sw_l3,申万三级,
859622.SI,油气及炼化工程,sw_l3,申万三级行业指数,true,9245,false,sw_l3,申万三级,
859631.SI,炼油化工,sw_l3,申万三级行业指数,true,9244,false,sw_l3,申万三级,
859632.SI,油品石化贸易,sw_l3,申万三级行业指数,true,9243,false,sw_l3,申万三级,
859633.SI,其他石化,sw_l3,申万三级行业指数,true,9242,false,sw_l3,申万三级,
859711.SI,大气治理,sw_l3,申万三级行业指数,true,9241,false,sw_l3,申万三级,
859712.SI,水务及水治理,sw_l3,申万三级行业指数,true,9240,false,sw_l3,申万三级,
859713.SI,固废治理,sw_l3,申万三级行业指数,true,9239,false,sw_l3,申万三级,
859714.SI,综合环境治理,sw_l3,申万三级行业指数,true,9238,false,sw_l3,申万三级,
859721.SI,环保设备Ⅲ,sw_l3,申万三级行业指数,true,9237,false,sw_l3,申万三级,
859811.SI,生活用纸,sw_l3,申万三级行业指数,true,9236,false,sw_l3,申万三级,
859812.SI,洗护用品,sw_l3,申万三级行业指数,true,9235,false,sw_l3,申万三级,
859821.SI,化妆品制造及其他,sw_l3,申万三级行业指数,true,9234,false,sw_l3,申万三级,
859822.SI,品牌化妆品,sw_l3,申万三级行业指数,true,9233,false,sw_l3,申万三级,
859831.SI,医美耗材,sw_l3,申万三级行业指数,true,9232,false,sw_l3,申万三级,
859832.SI,医美服务,sw_l3,申万三级行业指数,true,9231,false,sw_l3,申万三级,
CI005001.WI,石油石化,citic_l1,中信一级行业指数,true,9230,false,citic_l1,中信一级,
CI005002.WI,煤炭,citic_l1,中信一级行业指数,true,9229,false,citic_l1,中信一级,
CI005003.WI,有色金属,citic_l1,中信一级行业指数,true,9228,false,citic_l1,中信一级,
CI005004.WI,电力及公用事业,citic_l1,中信一级行业指数,true,9227,false,citic_l1,中信一级,
CI005005.WI,钢铁,citic_l1,中信一级行业指数,true,9226,false,citic_l1,中信一级,
CI005006.WI,基础化工,citic_l1,中信一级行业指数,true,9225,false,citic_l1,中信一级,
CI005007.WI,建筑,citic_l1,中信一级行业指数,true,9224,false,citic_l1,中信一级,
CI005008.WI,建材,citic_l1,中信一级行业指数,true,9223,false,citic_l1,中信一级,
CI005009.WI,轻工制造,citic_l1,中信一级行业指数,true,9222,false,citic_l1,中信一级,
CI005010.WI,机械,citic_l1,中信一级行业指数,true,9221,false,citic_l1,中信一级,
CI005011.WI,电力设备及新能源,citic_l1,中信一级行业指数,true,9220,false,citic_l1,中信一级,
CI005012.WI,国防军工,citic_l1,中信一级行业指数,true,9219,false,citic_l1,中信一级,
CI005013.WI,汽车,citic_l1,中信一级行业指数,true,9218,false,citic_l1,中信一级,
CI005014.WI,商贸零售,citic_l1,中信一级行业指数,true,9217,false,citic_l1,中信一级,
CI005015.WI,消费者服务,citic_l1,中信一级行业指数,true,9216,false,citic_l1,中信一级,
CI005016.WI,家电,citic_l1,中信一级行业指数,true,9215,false,citic_l1,中信一级,
CI005017.WI,纺织服装,citic_l1,中信一级行业指数,true,9214,false,citic_l1,中信一级,
CI005018.WI,医药,citic_l1,中信一级行业指数,true,9213,false,citic_l1,中信一级,
CI005019.WI,食品饮料,citic_l1,中信一级行业指数,true,9212,false,citic_l1,中信一级,
CI005020.WI,农林牧渔,citic_l1,中信一级行业指数,true,9211,false,citic_l1,中信一级,
CI005021.WI,银行,citic_l1,中信一级行业指数,true,9210,false,citic_l1,中信一级,
CI005022.WI,非银行金融,citic_l1,中信一级行业指数,true,9209,false,citic_l1,中信一级,
CI005023.WI,房地产,citic_l1,中信一级行业指数,true,9208,false,citic_l1,中信一级,
CI005024.WI,交通运输,citic_l1,中信一级行业指数,true,9207,false,citic_l1,中信一级,
CI005025.WI,电子,citic_l1,中信一级行业指数,true,9206,false,citic_l1,中信一级,
CI005026.WI,通信,citic_l1,中信一级行业指数,true,9205,false,citic_l1,中信一级,
CI005027.WI,计算机,citic_l1,中信一级行业指数,true,9204,false,citic_l1,中信一级,
CI005028.WI,传媒,citic_l1,中信一级行业指数,true,9203,false,citic_l1,中信一级,
CI005029.WI,综合,citic_l1,中信一级行业指数,true,9202,false,citic_l1,中信一级,
CI005030.WI,综合金融,citic_l1,中信一级行业指数,true,9201,false,citic_l1,中信一级,
CI005101.WI,石油开采Ⅱ,citic_l2,中信二级行业指数,true,9200,false,citic_l2,中信二级,
CI005102.WI,石油化工,citic_l2,中信二级行业指数,true,9199,false,citic_l2,中信二级,
CI005104.WI,煤炭开采洗选,citic_l2,中信二级行业指数,true,9198,false,citic_l2,中信二级,
CI005105.WI,煤炭化工,citic_l2,中信二级行业指数,true,9197,false,citic_l2,中信二级,
CI005106.WI,贵金属,citic_l2,中信二级行业指数,true,9196,false,citic_l2,中信二级,
CI005107.WI,工业金属,citic_l2,中信二级行业指数,true,9195,false,citic_l2,中信二级,
CI005109.WI,发电及电网,citic_l2,中信二级行业指数,true,9194,false,citic_l2,中信二级,
CI005110.WI,环保及公用事业,citic_l2,中信二级行业指数,true,9193,false,citic_l2,中信二级,
CI005111.WI,普钢,citic_l2,中信二级行业指数,true,9192,false,citic_l2,中信二级,
CI005113.WI,农用化工,citic_l2,中信二级行业指数,true,9191,false,citic_l2,中信二级,
CI005117.WI,建筑施工,citic_l2,中信二级行业指数,true,9190,false,citic_l2,中信二级,
CI005122.WI,造纸Ⅱ,citic_l2,中信二级行业指数,true,9189,false,citic_l2,中信二级,
CI005124.WI,工程机械Ⅱ,citic_l2,中信二级行业指数,true,9188,false,citic_l2,中信二级,
CI005127.WI,运输设备,citic_l2,中信二级行业指数,true,9187,false,citic_l2,中信二级,
CI005129.WI,金属制品Ⅱ,citic_l2,中信二级行业指数,true,9186,false,citic_l2,中信二级,
CI005133.WI,航空航天,citic_l2,中信二级行业指数,true,9185,false,citic_l2,中信二级,
CI005134.WI,兵器兵装Ⅱ,citic_l2,中信二级行业指数,true,9184,false,citic_l2,中信二级,
CI005135.WI,其他军工Ⅱ,citic_l2,中信二级行业指数,true,9183,false,citic_l2,中信二级,
CI005136.WI,乘用车Ⅱ,citic_l2,中信二级行业指数,true,9182,false,citic_l2,中信二级,
CI005137.WI,商用车,citic_l2,中信二级行业指数,true,9181,false,citic_l2,中信二级,
CI005138.WI,汽车零部件Ⅱ,citic_l2,中信二级行业指数,true,9180,false,citic_l2,中信二级,
CI005139.WI,汽车销售及服务Ⅱ,citic_l2,中信二级行业指数,true,9179,false,citic_l2,中信二级,
CI005140.WI,摩托车及其他Ⅱ,citic_l2,中信二级行业指数,true,9178,false,citic_l2,中信二级,
CI005143.WI,旅游及休闲,citic_l2,中信二级行业指数,true,9177,false,citic_l2,中信二级,
CI005144.WI,酒店及餐饮,citic_l2,中信二级行业指数,true,9176,false,citic_l2,中信二级,
CI005145.WI,白色家电Ⅱ,citic_l2,中信二级行业指数,true,9175,false,citic_l2,中信二级,
CI005146.WI,黑色家电Ⅱ,citic_l2,中信二级行业指数,true,9174,false,citic_l2,中信二级,
CI005152.WI,化学制药,citic_l2,中信二级行业指数,true,9173,false,citic_l2,中信二级,
CI005153.WI,中药生产,citic_l2,中信二级行业指数,true,9172,false,citic_l2,中信二级,
CI005154.WI,生物医药Ⅱ,citic_l2,中信二级行业指数,true,9171,false,citic_l2,中信二级,
CI005155.WI,其他医药医疗,citic_l2,中信二级行业指数,true,9170,false,citic_l2,中信二级,
CI005156.WI,酒类,citic_l2,中信二级行业指数,true,9169,false,citic_l2,中信二级,
CI005160.WI,畜牧业,citic_l2,中信二级行业指数,true,9168,false,citic_l2,中信二级,
CI005162.WI,渔业,citic_l2,中信二级行业指数,true,9167,false,citic_l2,中信二级,
CI005163.WI,国有大型银行Ⅱ,citic_l2,中信二级行业指数,true,9166,false,citic_l2,中信二级,
CI005164.WI,全国性股份制银行Ⅱ,citic_l2,中信二级行业指数,true,9165,false,citic_l2,中信二级,
CI005165.WI,证券Ⅱ,citic_l2,中信二级行业指数,true,9164,false,citic_l2,中信二级,
CI005166.WI,保险Ⅱ,citic_l2,中信二级行业指数,true,9163,false,citic_l2,中信二级,
CI005168.WI,房地产开发和运营,citic_l2,中信二级行业指数,true,9162,false,citic_l2,中信二级,
CI005170.WI,公路铁路,citic_l2,中信二级行业指数,true,9161,false,citic_l2,中信二级,
CI005171.WI,物流,citic_l2,中信二级行业指数,true,9160,false,citic_l2,中信二级,
CI005172.WI,航运港口,citic_l2,中信二级行业指数,true,9159,false,citic_l2,中信二级,
CI005173.WI,航空机场,citic_l2,中信二级行业指数,true,9158,false,citic_l2,中信二级,
CI005178.WI,综合Ⅱ,citic_l2,中信二级行业指数,true,9157,false,citic_l2,中信二级,
CI005181.WI,通信设备,citic_l2,中信二级行业指数,true,9156,false,citic_l2,中信二级,
CI005185.WI,纺织制造,citic_l2,中信二级行业指数,true,9155,false,citic_l2,中信二级,
CI005187.WI,油服工程,citic_l2,中信二级行业指数,true,9154,false,citic_l2,中信二级,
CI005188.WI,稀有金属,citic_l2,中信二级行业指数,true,9153,false,citic_l2,中信二级,
CI005189.WI,其他钢铁,citic_l2,中信二级行业指数,true,9152,false,citic_l2,中信二级,
CI005190.WI,特材,citic_l2,中信二级行业指数,true,9151,false,citic_l2,中信二级,
CI005191.WI,化学纤维,citic_l2,中信二级行业指数,true,9150,false,citic_l2,中信二级,
CI005192.WI,化学原料,citic_l2,中信二级行业指数,true,9149,false,citic_l2,中信二级,
CI005193.WI,其他化学制品Ⅱ,citic_l2,中信二级行业指数,true,9148,false,citic_l2,中信二级,
CI005194.WI,塑料及制品,citic_l2,中信二级行业指数,true,9147,false,citic_l2,中信二级,
CI005195.WI,橡胶及制品,citic_l2,中信二级行业指数,true,9146,false,citic_l2,中信二级,
CI005196.WI,建筑装修Ⅱ,citic_l2,中信二级行业指数,true,9145,false,citic_l2,中信二级,
CI005197.WI,建筑设计及服务Ⅱ,citic_l2,中信二级行业指数,true,9144,false,citic_l2,中信二级,
CI005198.WI,结构材料,citic_l2,中信二级行业指数,true,9143,false,citic_l2,中信二级,
CI005199.WI,装饰材料,citic_l2,中信二级行业指数,true,9142,false,citic_l2,中信二级,
CI005201.WI,石油开采Ⅲ,citic_l3,中信三级行业指数,true,9141,false,citic_l3,中信三级,
CI005202.WI,炼油,citic_l3,中信三级行业指数,true,9140,false,citic_l3,中信三级,
CI005205.WI,油品销售及仓储,citic_l3,中信三级行业指数,true,9139,false,citic_l3,中信三级,
CI005206.WI,其他石化,citic_l3,中信三级行业指数,true,9138,false,citic_l3,中信三级,
CI005208.WI,动力煤,citic_l3,中信三级行业指数,true,9137,false,citic_l3,中信三级,
CI005210.WI,炼焦煤,citic_l3,中信三级行业指数,true,9136,false,citic_l3,中信三级,
CI005211.WI,焦炭,citic_l3,中信三级行业指数,true,9135,false,citic_l3,中信三级,
CI005212.WI,其他煤化工,citic_l3,中信三级行业指数,true,9134,false,citic_l3,中信三级,
CI005213.WI,黄金,citic_l3,中信三级行业指数,true,9133,false,citic_l3,中信三级,
CI005214.WI,铜,citic_l3,中信三级行业指数,true,9132,false,citic_l3,中信三级,
CI005215.WI,铅锌,citic_l3,中信三级行业指数,true,9131,false,citic_l3,中信三级,
CI005218.WI,铝,citic_l3,中信三级行业指数,true,9130,false,citic_l3,中信三级,
CI005220.WI,火电,citic_l3,中信三级行业指数,true,9129,false,citic_l3,中信三级,
CI005221.WI,水电,citic_l3,中信三级行业指数,true,9128,false,citic_l3,中信三级,
CI005226.WI,燃气,citic_l3,中信三级行业指数,true,9127,false,citic_l3,中信三级,
CI005227.WI,供热或其他,citic_l3,中信三级行业指数,true,9126,false,citic_l3,中信三级,
CI005229.WI,板材,citic_l3,中信三级行业指数,true,9125,false,citic_l3,中信三级,
CI005230.WI,特钢,citic_l3,中信三级行业指数,true,9124,false,citic_l3,中信三级,
CI005231.WI,铁矿石,citic_l3,中信三级行业指数,true,9123,false,citic_l3,中信三级,
CI005234.WI,钾肥,citic_l3,中信三级行业指数,true,9122,false,citic_l3,中信三级,
CI005237.WI,农药,citic_l3,中信三级行业指数,true,9121,false,citic_l3,中信三级,
CI005238.WI,涤纶,citic_l3,中信三级行业指数,true,9120,false,citic_l3,中信三级,
CI005240.WI,氨纶,citic_l3,中信三级行业指数,true,9119,false,citic_l3,中信三级,
CI005242.WI,绵纶,citic_l3,中信三级行业指数,true,9118,false,citic_l3,中信三级,
CI005247.WI,氟化工,citic_l3,中信三级行业指数,true,9117,false,citic_l3,中信三级,
CI005248.WI,有机硅,citic_l3,中信三级行业指数,true,9116,false,citic_l3,中信三级,
CI005250.WI,聚氨酯,citic_l3,中信三级行业指数,true,9115,false,citic_l3,中信三级,
CI005252.WI,日用化学品,citic_l3,中信三级行业指数,true,9114,false,citic_l3,中信三级,
CI005253.WI,民爆用品,citic_l3,中信三级行业指数,true,9113,false,citic_l3,中信三级,
CI005255.WI,印染化学品,citic_l3,中信三级行业指数,true,9112,false,citic_l3,中信三级,
CI005259.WI,水泥,citic_l3,中信三级行业指数,true,9111,false,citic_l3,中信三级,
CI005261.WI,陶瓷,citic_l3,中信三级行业指数,true,9110,false,citic_l3,中信三级,
CI005263.WI,造纸Ⅲ,citic_l3,中信三级行业指数,true,9109,false,citic_l3,中信三级,
CI005267.WI,工程机械Ⅲ,citic_l3,中信三级行业指数,true,9108,false,citic_l3,中信三级,
CI005271.WI,锅炉设备,citic_l3,中信三级行业指数,true,9107,false,citic_l3,中信三级,
CI005276.WI,铁路交通设备,citic_l3,中信三级行业指数,true,9106,false,citic_l3,中信三级,
CI005277.WI,船舶制造,citic_l3,中信三级行业指数,true,9105,false,citic_l3,中信三级,
CI005280.WI,金属制品Ⅲ,citic_l3,中信三级行业指数,true,9104,false,citic_l3,中信三级,
CI005284.WI,风电,citic_l3,中信三级行业指数,true,9103,false,citic_l3,中信三级,
CI005286.WI,太阳能,citic_l3,中信三级行业指数,true,9102,false,citic_l3,中信三级,
CI005287.WI,航空军工,citic_l3,中信三级行业指数,true,9101,false,citic_l3,中信三级,
CI005288.WI,航天军工,citic_l3,中信三级行业指数,true,9100,false,citic_l3,中信三级,
CI005289.WI,兵器兵装Ⅲ,citic_l3,中信三级行业指数,true,9099,false,citic_l3,中信三级,
CI005290.WI,其他军工Ⅲ,citic_l3,中信三级行业指数,true,9098,false,citic_l3,中信三级,
CI005291.WI,乘用车Ⅲ,citic_l3,中信三级行业指数,true,9097,false,citic_l3,中信三级,
CI005292.WI,卡车,citic_l3,中信三级行业指数,true,9096,false,citic_l3,中信三级,
CI005293.WI,客车,citic_l3,中信三级行业指数,true,9095,false,citic_l3,中信三级,
CI005294.WI,专用汽车,citic_l3,中信三级行业指数,true,9094,false,citic_l3,中信三级,
CI005295.WI,汽车零部件Ⅲ,citic_l3,中信三级行业指数,true,9093,false,citic_l3,中信三级,
CI005297.WI,摩托车及其他Ⅲ,citic_l3,中信三级行业指数,true,9092,false,citic_l3,中信三级,
CI005299.WI,超市及便利店,citic_l3,中信三级行业指数,true,9091,false,citic_l3,中信三级,
CI005302.WI,景区,citic_l3,中信三级行业指数,true,9090,false,citic_l3,中信三级,
CI005304.WI,酒店,citic_l3,中信三级行业指数,true,9089,false,citic_l3,中信三级,
CI005305.WI,餐饮,citic_l3,中信三级行业指数,true,9088,false,citic_l3,中信三级,
CI005306.WI,白色家电Ⅲ,citic_l3,中信三级行业指数,true,9087,false,citic_l3,中信三级,
CI005307.WI,黑色家电Ⅲ,citic_l3,中信三级行业指数,true,9086,false,citic_l3,中信三级,
CI005309.WI,照明电工,citic_l3,中信三级行业指数,true,9085,false,citic_l3,中信三级,
CI005316.WI,化学原料药,citic_l3,中信三级行业指数,true,9084,false,citic_l3,中信三级,
CI005317.WI,化学制剂,citic_l3,中信三级行业指数,true,9083,false,citic_l3,中信三级,
CI005318.WI,中药饮片,citic_l3,中信三级行业指数,true,9082,false,citic_l3,中信三级,
CI005319.WI,中成药,citic_l3,中信三级行业指数,true,9081,false,citic_l3,中信三级,
CI005320.WI,生物医药Ⅲ,citic_l3,中信三级行业指数,true,9080,false,citic_l3,中信三级,
CI005321.WI,医药流通,citic_l3,中信三级行业指数,true,9079,false,citic_l3,中信三级,
CI005322.WI,医疗器械,citic_l3,中信三级行业指数,true,9078,false,citic_l3,中信三级,
CI005323.WI,医疗服务,citic_l3,中信三级行业指数,true,9077,false,citic_l3,中信三级,
CI005324.WI,白酒,citic_l3,中信三级行业指数,true,9076,false,citic_l3,中信三级,
CI005325.WI,啤酒,citic_l3,中信三级行业指数,true,9075,false,citic_l3,中信三级,
CI005328.WI,非乳饮料,citic_l3,中信三级行业指数,true,9074,false,citic_l3,中信三级,
CI005330.WI,调味品,citic_l3,中信三级行业指数,true,9073,false,citic_l3,中信三级,
CI005331.WI,乳制品,citic_l3,中信三级行业指数,true,9072,false,citic_l3,中信三级,
CI005333.WI,种业,citic_l3,中信三级行业指数,true,9071,false,citic_l3,中信三级,
CI005337.WI,动物疫苗及兽药,citic_l3,中信三级行业指数,true,9070,false,citic_l3,中信三级,
CI005340.WI,水产养殖,citic_l3,中信三级行业指数,true,9069,false,citic_l3,中信三级,
CI005341.WI,水产捕捞,citic_l3,中信三级行业指数,true,9068,false,citic_l3,中信三级,
CI005342.WI,国有大型银行Ⅲ,citic_l3,中信三级行业指数,true,9067,false,citic_l3,中信三级,
CI005343.WI,全国性股份制银行Ⅲ,citic_l3,中信三级行业指数,true,9066,false,citic_l3,中信三级,
CI005344.WI,城商行,citic_l3,中信三级行业指数,true,9065,false,citic_l3,中信三级,
CI005345.WI,证券Ⅲ,citic_l3,中信三级行业指数,true,9064,false,citic_l3,中信三级,
CI005346.WI,保险Ⅲ,citic_l3,中信三级行业指数,true,9063,false,citic_l3,中信三级,
CI005347.WI,信托,citic_l3,中信三级行业指数,true,9062,false,citic_l3,中信三级,
CI005349.WI,住宅物业开发,citic_l3,中信三级行业指数,true,9061,false,citic_l3,中信三级,
CI005350.WI,非住宅物业开发和运营,citic_l3,中信三级行业指数,true,9060,false,citic_l3,中信三级,
CI005351.WI,园区综合开发,citic_l3,中信三级行业指数,true,9059,false,citic_l3,中信三级,
CI005353.WI,公路,citic_l3,中信三级行业指数,true,9058,false,citic_l3,中信三级,
CI005354.WI,铁路,citic_l3,中信三级行业指数,true,9057,false,citic_l3,中信三级,
CI005355.WI,公交,citic_l3,中信三级行业指数,true,9056,false,citic_l3,中信三级,
CI005357.WI,航运,citic_l3,中信三级行业指数,true,9055,false,citic_l3,中信三级,
CI005358.WI,港口,citic_l3,中信三级行业指数,true,9054,false,citic_l3,中信三级,
CI005359.WI,航空,citic_l3,中信三级行业指数,true,9053,false,citic_l3,中信三级,
CI005360.WI,机场,citic_l3,中信三级行业指数,true,9052,false,citic_l3,中信三级,
CI005369.WI,出版,citic_l3,中信三级行业指数,true,9051,false,citic_l3,中信三级,
CI005374.WI,综合Ⅲ,citic_l3,中信三级行业指数,true,9050,false,citic_l3,中信三级,
CI005381.WI,线缆,citic_l3,中信三级行业指数,true,9049,false,citic_l3,中信三级,
CI005386.WI,棉纺制品,citic_l3,中信三级行业指数,true,9048,false,citic_l3,中信三级,
CI005387.WI,非棉纺织品,citic_l3,中信三级行业指数,true,9047,false,citic_l3,中信三级,
CI005388.WI,印染,citic_l3,中信三级行业指数,true,9046,false,citic_l3,中信三级,
CI005393.WI,体育及户外品牌,citic_l3,中信三级行业指数,true,9045,false,citic_l3,中信三级,
CI005394.WI,家纺,citic_l3,中信三级行业指数,true,9044,false,citic_l3,中信三级,
CI005396.WI,油田服务,citic_l3,中信三级行业指数,true,9043,false,citic_l3,中信三级,
CI005397.WI,工程服务,citic_l3,中信三级行业指数,true,9042,false,citic_l3,中信三级,
CI005398.WI,无烟煤,citic_l3,中信三级行业指数,true,9041,false,citic_l3,中信三级,
CI005399.WI,稀土及磁性材料,citic_l3,中信三级行业指数,true,9040,false,citic_l3,中信三级,
CI005400.WI,镍钴锡锑,citic_l3,中信三级行业指数,true,9039,false,citic_l3,中信三级,
CI005401.WI,钨,citic_l3,中信三级行业指数,true,9038,false,citic_l3,中信三级,
CI005402.WI,锂,citic_l3,中信三级行业指数,true,9037,false,citic_l3,中信三级,
CI005403.WI,其他稀有金属,citic_l3,中信三级行业指数,true,9036,false,citic_l3,中信三级,
CI005404.WI,其他发电,citic_l3,中信三级行业指数,true,9035,false,citic_l3,中信三级,
CI005405.WI,电网,citic_l3,中信三级行业指数,true,9034,false,citic_l3,中信三级,
CI005406.WI,环保及水务,citic_l3,中信三级行业指数,true,9033,false,citic_l3,中信三级,
CI005407.WI,长材,citic_l3,中信三级行业指数,true,9032,false,citic_l3,中信三级,
CI005408.WI,贸易流通,citic_l3,中信三级行业指数,true,9031,false,citic_l3,中信三级,
CI005409.WI,钢铁耗材,citic_l3,中信三级行业指数,true,9030,false,citic_l3,中信三级,
CI005410.WI,氮肥,citic_l3,中信三级行业指数,true,9029,false,citic_l3,中信三级,
CI005411.WI,复合肥,citic_l3,中信三级行业指数,true,9028,false,citic_l3,中信三级,
CI005412.WI,磷肥及磷化工,citic_l3,中信三级行业指数,true,9027,false,citic_l3,中信三级,
CI005413.WI,粘胶,citic_l3,中信三级行业指数,true,9026,false,citic_l3,中信三级,
CI005414.WI,碳纤维,citic_l3,中信三级行业指数,true,9025,false,citic_l3,中信三级,
CI005415.WI,纯碱,citic_l3,中信三级行业指数,true,9024,false,citic_l3,中信三级,
CI005416.WI,氯碱,citic_l3,中信三级行业指数,true,9023,false,citic_l3,中信三级,
CI005417.WI,无机盐,citic_l3,中信三级行业指数,true,9022,false,citic_l3,中信三级,
CI005418.WI,其他化学原料,citic_l3,中信三级行业指数,true,9021,false,citic_l3,中信三级,
CI005419.WI,钛白粉,citic_l3,中信三级行业指数,true,9020,false,citic_l3,中信三级,
CI005420.WI,锂电化学品,citic_l3,中信三级行业指数,true,9019,false,citic_l3,中信三级,
CI005421.WI,涂料油墨颜料,citic_l3,中信三级行业指数,true,9018,false,citic_l3,中信三级,
CI005422.WI,橡胶助剂,citic_l3,中信三级行业指数,true,9017,false,citic_l3,中信三级,
CI005423.WI,其他化学制品Ⅲ,citic_l3,中信三级行业指数,true,9016,false,citic_l3,中信三级,
CI005424.WI,食品及饲料添加剂,citic_l3,中信三级行业指数,true,9015,false,citic_l3,中信三级,
CI005425.WI,电子化学品,citic_l3,中信三级行业指数,true,9014,false,citic_l3,中信三级,
CI005426.WI,改性塑料,citic_l3,中信三级行业指数,true,9013,false,citic_l3,中信三级,
CI005427.WI,合成树脂,citic_l3,中信三级行业指数,true,9012,false,citic_l3,中信三级,
CI005428.WI,膜材料,citic_l3,中信三级行业指数,true,9011,false,citic_l3,中信三级,
CI005429.WI,其他塑料制品,citic_l3,中信三级行业指数,true,9010,false,citic_l3,中信三级,
CI005430.WI,轮胎,citic_l3,中信三级行业指数,true,9009,false,citic_l3,中信三级,
CI005431.WI,橡胶制品,citic_l3,中信三级行业指数,true,9008,false,citic_l3,中信三级,
CI005432.WI,房建建设,citic_l3,中信三级行业指数,true,9007,false,citic_l3,中信三级,
CI005433.WI,基建建设,citic_l3,中信三级行业指数,true,9006,false,citic_l3,中信三级,
CI005434.WI,园林工程,citic_l3,中信三级行业指数,true,9005,false,citic_l3,中信三级,
CI005435.WI,专业工程及其他,citic_l3,中信三级行业指数,true,9004,false,citic_l3,中信三级,
CI005436.WI,建筑装修Ⅲ,citic_l3,中信三级行业指数,true,9003,false,citic_l3,中信三级,
CI005437.WI,建筑设计及服务Ⅲ,citic_l3,中信三级行业指数,true,9002,false,citic_l3,中信三级,
CI005438.WI,玻璃,citic_l3,中信三级行业指数,true,9001,false,citic_l3,中信三级,
CI005439.WI,其他结构材料,citic_l3,中信三级行业指数,true,9000,false,citic_l3,中信三级,
CI005440.WI,其他装饰材料,citic_l3,中信三级行业指数,true,8999,false,citic_l3,中信三级,
CI005441.WI,玻璃纤维,citic_l3,中信三级行业指数,true,8998,false,citic_l3,中信三级,
CI005442.WI,其他专用材料,citic_l3,中信三级行业指数,true,8997,false,citic_l3,中信三级,
CI005443.WI,印刷,citic_l3,中信三级行业指数,true,8996,false,citic_l3,中信三级,
CI005444.WI,纸包装,citic_l3,中信三级行业指数,true,8995,false,citic_l3,中信三级,
CI005445.WI,金属包装,citic_l3,中信三级行业指数,true,8994,false,citic_l3,中信三级,
CI005446.WI,其他包装,citic_l3,中信三级行业指数,true,8993,false,citic_l3,中信三级,
CI005447.WI,家具,citic_l3,中信三级行业指数,true,8992,false,citic_l3,中信三级,
CI005448.WI,其他家居,citic_l3,中信三级行业指数,true,8991,false,citic_l3,中信三级,
CI005449.WI,文娱轻工Ⅲ,citic_l3,中信三级行业指数,true,8990,false,citic_l3,中信三级,
CI005450.WI,其他轻工Ⅲ,citic_l3,中信三级行业指数,true,8989,false,citic_l3,中信三级,
CI005451.WI,叉车,citic_l3,中信三级行业指数,true,8988,false,citic_l3,中信三级,
CI005452.WI,电梯,citic_l3,中信三级行业指数,true,8987,false,citic_l3,中信三级,
CI005453.WI,高空作业车,citic_l3,中信三级行业指数,true,8986,false,citic_l3,中信三级,
CI005454.WI,矿山冶金机械,citic_l3,中信三级行业指数,true,8985,false,citic_l3,中信三级,
CI005455.WI,纺织服装机械,citic_l3,中信三级行业指数,true,8984,false,citic_l3,中信三级,
CI005456.WI,其他专用机械,citic_l3,中信三级行业指数,true,8983,false,citic_l3,中信三级,
CI005457.WI,油气装备,citic_l3,中信三级行业指数,true,8982,false,citic_l3,中信三级,
CI005458.WI,核电设备,citic_l3,中信三级行业指数,true,8981,false,citic_l3,中信三级,
CI005459.WI,光伏设备,citic_l3,中信三级行业指数,true,8980,false,citic_l3,中信三级,
CI005460.WI,3C设备,citic_l3,中信三级行业指数,true,8979,false,citic_l3,中信三级,
CI005461.WI,锂电设备,citic_l3,中信三级行业指数,true,8978,false,citic_l3,中信三级,
CI005462.WI,机床设备,citic_l3,中信三级行业指数,true,8977,false,citic_l3,中信三级,
CI005463.WI,起重运输设备,citic_l3,中信三级行业指数,true,8976,false,citic_l3,中信三级,
CI005464.WI,基础件,citic_l3,中信三级行业指数,true,8975,false,citic_l3,中信三级,
CI005465.WI,其他通用机械,citic_l3,中信三级行业指数,true,8974,false,citic_l3,中信三级,
CI005466.WI,工业机器人及工控系统,citic_l3,中信三级行业指数,true,8973,false,citic_l3,中信三级,
CI005467.WI,服务机器人,citic_l3,中信三级行业指数,true,8972,false,citic_l3,中信三级,
CI005468.WI,塑料加工机械,citic_l3,中信三级行业指数,true,8971,false,citic_l3,中信三级,
CI005469.WI,激光加工设备,citic_l3,中信三级行业指数,true,8970,false,citic_l3,中信三级,
CI005470.WI,其他运输设备,citic_l3,中信三级行业指数,true,8969,false,citic_l3,中信三级,
CI005471.WI,仪器仪表Ⅲ,citic_l3,中信三级行业指数,true,8968,false,citic_l3,中信三级,
CI005472.WI,输变电设备,citic_l3,中信三级行业指数,true,8967,false,citic_l3,中信三级,
CI005473.WI,配电设备,citic_l3,中信三级行业指数,true,8966,false,citic_l3,中信三级,
CI005474.WI,电力电子及自动化,citic_l3,中信三级行业指数,true,8965,false,citic_l3,中信三级,
CI005475.WI,电机,citic_l3,中信三级行业指数,true,8964,false,citic_l3,中信三级,
CI005476.WI,核电,citic_l3,中信三级行业指数,true,8963,false,citic_l3,中信三级,
CI005477.WI,储能,citic_l3,中信三级行业指数,true,8962,false,citic_l3,中信三级,
CI005478.WI,综合能源设备,citic_l3,中信三级行业指数,true,8961,false,citic_l3,中信三级,
CI005479.WI,锂电池,citic_l3,中信三级行业指数,true,8960,false,citic_l3,中信三级,
CI005480.WI,燃料电池,citic_l3,中信三级行业指数,true,8959,false,citic_l3,中信三级,
CI005481.WI,车用电机电控,citic_l3,中信三级行业指数,true,8958,false,citic_l3,中信三级,
CI005482.WI,电池综合服务,citic_l3,中信三级行业指数,true,8957,false,citic_l3,中信三级,
CI005483.WI,百货,citic_l3,中信三级行业指数,true,8956,false,citic_l3,中信三级,
CI005484.WI,综合业态,citic_l3,中信三级行业指数,true,8955,false,citic_l3,中信三级,
CI005485.WI,贸易Ⅲ,citic_l3,中信三级行业指数,true,8954,false,citic_l3,中信三级,
CI005486.WI,家电3C,citic_l3,中信三级行业指数,true,8953,false,citic_l3,中信三级,
CI005487.WI,珠宝首饰及钟表,citic_l3,中信三级行业指数,true,8952,false,citic_l3,中信三级,
CI005488.WI,医疗美容,citic_l3,中信三级行业指数,true,8951,false,citic_l3,中信三级,
CI005489.WI,其他连锁,citic_l3,中信三级行业指数,true,8950,false,citic_l3,中信三级,
CI005490.WI,电商及服务Ⅲ,citic_l3,中信三级行业指数,true,8949,false,citic_l3,中信三级,
CI005491.WI,专业市场经营Ⅲ,citic_l3,中信三级行业指数,true,8948,false,citic_l3,中信三级,
CI005492.WI,旅游服务,citic_l3,中信三级行业指数,true,8947,false,citic_l3,中信三级,
CI005493.WI,旅游零售,citic_l3,中信三级行业指数,true,8946,false,citic_l3,中信三级,
CI005494.WI,休闲综合,citic_l3,中信三级行业指数,true,8945,false,citic_l3,中信三级,
CI005496.WI,K12基础教育,citic_l3,中信三级行业指数,true,8944,false,citic_l3,中信三级,
CI005497.WI,K12培训,citic_l3,中信三级行业指数,true,8943,false,citic_l3,中信三级,
CI005498.WI,高等及职业教育,citic_l3,中信三级行业指数,true,8942,false,citic_l3,中信三级,
CI005499.WI,教育信息化及在线教育,citic_l3,中信三级行业指数,true,8941,false,citic_l3,中信三级,
CI005501.WI,人力资源服务,citic_l3,中信三级行业指数,true,8940,false,citic_l3,中信三级,
CI005502.WI,服务综合,citic_l3,中信三级行业指数,true,8939,false,citic_l3,中信三级,
CI005503.WI,小家电Ⅲ,citic_l3,中信三级行业指数,true,8938,false,citic_l3,中信三级,
CI005504.WI,其他家电,citic_l3,中信三级行业指数,true,8937,false,citic_l3,中信三级,
CI005505.WI,厨房电器Ⅲ,citic_l3,中信三级行业指数,true,8936,false,citic_l3,中信三级,
CI005506.WI,其他纺织,citic_l3,中信三级行业指数,true,8935,false,citic_l3,中信三级,
CI005507.WI,中高端成人品牌服饰,citic_l3,中信三级行业指数,true,8934,false,citic_l3,中信三级,
CI005508.WI,大众成人品牌服饰,citic_l3,中信三级行业指数,true,8933,false,citic_l3,中信三级,
CI005509.WI,儿童品牌,citic_l3,中信三级行业指数,true,8932,false,citic_l3,中信三级,
CI005510.WI,功能性服饰,citic_l3,中信三级行业指数,true,8931,false,citic_l3,中信三级,
CI005511.WI,其他时尚品,citic_l3,中信三级行业指数,true,8930,false,citic_l3,中信三级,
CI005512.WI,其他酒,citic_l3,中信三级行业指数,true,8929,false,citic_l3,中信三级,
CI005513.WI,肉制品,citic_l3,中信三级行业指数,true,8928,false,citic_l3,中信三级,
CI005514.WI,其他食品,citic_l3,中信三级行业指数,true,8927,false,citic_l3,中信三级,
CI005515.WI,休闲食品,citic_l3,中信三级行业指数,true,8926,false,citic_l3,中信三级,
CI005516.WI,速冻食品,citic_l3,中信三级行业指数,true,8925,false,citic_l3,中信三级,
CI005517.WI,种植,citic_l3,中信三级行业指数,true,8924,false,citic_l3,中信三级,
CI005518.WI,饲料加工,citic_l3,中信三级行业指数,true,8923,false,citic_l3,中信三级,
CI005519.WI,畜牧养殖,citic_l3,中信三级行业指数,true,8922,false,citic_l3,中信三级,
CI005520.WI,林木及加工,citic_l3,中信三级行业指数,true,8921,false,citic_l3,中信三级,
CI005522.WI,农产品加工Ⅲ,citic_l3,中信三级行业指数,true,8920,false,citic_l3,中信三级,
CI005523.WI,宠物食品,citic_l3,中信三级行业指数,true,8919,false,citic_l3,中信三级,
CI005524.WI,农商行,citic_l3,中信三级行业指数,true,8918,false,citic_l3,中信三级,
CI005525.WI,其他非银金融,citic_l3,中信三级行业指数,true,8917,false,citic_l3,中信三级,
CI005526.WI,租赁,citic_l3,中信三级行业指数,true,8916,false,citic_l3,中信三级,
CI005528.WI,物业经纪服务,citic_l3,中信三级行业指数,true,8915,false,citic_l3,中信三级,
CI005529.WI,物业管理服务,citic_l3,中信三级行业指数,true,8914,false,citic_l3,中信三级,
CI005530.WI,资产管理Ⅲ,citic_l3,中信三级行业指数,true,8913,false,citic_l3,中信三级,
CI005531.WI,多领域控股Ⅲ,citic_l3,中信三级行业指数,true,8912,false,citic_l3,中信三级,
CI005533.WI,数字金融服务,citic_l3,中信三级行业指数,true,8911,false,citic_l3,中信三级,
CI005536.WI,物流综合,citic_l3,中信三级行业指数,true,8910,false,citic_l3,中信三级,
CI005537.WI,快递,citic_l3,中信三级行业指数,true,8909,false,citic_l3,中信三级,
CI005538.WI,集成电路,citic_l3,中信三级行业指数,true,8908,false,citic_l3,中信三级,
CI005539.WI,分立器件,citic_l3,中信三级行业指数,true,8907,false,citic_l3,中信三级,
CI005540.WI,半导体材料,citic_l3,中信三级行业指数,true,8906,false,citic_l3,中信三级,
CI005541.WI,半导体设备,citic_l3,中信三级行业指数,true,8905,false,citic_l3,中信三级,
CI005542.WI,PCB,citic_l3,中信三级行业指数,true,8904,false,citic_l3,中信三级,
CI005543.WI,被动元件,citic_l3,中信三级行业指数,true,8903,false,citic_l3,中信三级,
CI005544.WI,安防,citic_l3,中信三级行业指数,true,8902,false,citic_l3,中信三级,
CI005545.WI,LED,citic_l3,中信三级行业指数,true,8901,false,citic_l3,中信三级,
CI005546.WI,面板,citic_l3,中信三级行业指数,true,8900,false,citic_l3,中信三级,
CI005547.WI,显示零组,citic_l3,中信三级行业指数,true,8899,false,citic_l3,中信三级,
CI005548.WI,消费电子组件,citic_l3,中信三级行业指数,true,8898,false,citic_l3,中信三级,
CI005549.WI,消费电子设备,citic_l3,中信三级行业指数,true,8897,false,citic_l3,中信三级,
CI005550.WI,其他电子零组件Ⅲ,citic_l3,中信三级行业指数,true,8896,false,citic_l3,中信三级,
CI005551.WI,电信运营Ⅲ,citic_l3,中信三级行业指数,true,8895,false,citic_l3,中信三级,
CI005552.WI,动力设备,citic_l3,中信三级行业指数,true,8894,false,citic_l3,中信三级,
CI005553.WI,其他通信设备,citic_l3,中信三级行业指数,true,8893,false,citic_l3,中信三级,
CI005554.WI,通信终端及配件,citic_l3,中信三级行业指数,true,8892,false,citic_l3,中信三级,
CI005555.WI,网络接配及塔设,citic_l3,中信三级行业指数,true,8891,false,citic_l3,中信三级,
CI005556.WI,系统设备,citic_l3,中信三级行业指数,true,8890,false,citic_l3,中信三级,
CI005557.WI,增值服务Ⅲ,citic_l3,中信三级行业指数,true,8889,false,citic_l3,中信三级,
CI005558.WI,网络覆盖优化与运维,citic_l3,中信三级行业指数,true,8888,false,citic_l3,中信三级,
CI005559.WI,网络规划设计和工程施工,citic_l3,中信三级行业指数,true,8887,false,citic_l3,中信三级,
CI005560.WI,通用计算机设备,citic_l3,中信三级行业指数,true,8886,false,citic_l3,中信三级,
CI005561.WI,专用计算机设备,citic_l3,中信三级行业指数,true,8885,false,citic_l3,中信三级,
CI005562.WI,基础软件及管理办公软件,citic_l3,中信三级行业指数,true,8884,false,citic_l3,中信三级,
CI005563.WI,行业应用软件,citic_l3,中信三级行业指数,true,8883,false,citic_l3,中信三级,
CI005564.WI,新兴计算机软件,citic_l3,中信三级行业指数,true,8882,false,citic_l3,中信三级,
CI005565.WI,云基础设施服务,citic_l3,中信三级行业指数,true,8881,false,citic_l3,中信三级,
CI005566.WI,云平台服务,citic_l3,中信三级行业指数,true,8880,false,citic_l3,中信三级,
CI005567.WI,云软件服务,citic_l3,中信三级行业指数,true,8879,false,citic_l3,中信三级,
CI005568.WI,咨询实施及其他服务,citic_l3,中信三级行业指数,true,8878,false,citic_l3,中信三级,
CI005569.WI,产业互联网信息服务,citic_l3,中信三级行业指数,true,8877,false,citic_l3,中信三级,
CI005570.WI,产业互联网平台服务,citic_l3,中信三级行业指数,true,8876,false,citic_l3,中信三级,
CI005571.WI,产业互联网综合服务,citic_l3,中信三级行业指数,true,8875,false,citic_l3,中信三级,
CI005572.WI,广播电视,citic_l3,中信三级行业指数,true,8874,false,citic_l3,中信三级,
CI005573.WI,互联网广告营销,citic_l3,中信三级行业指数,true,8873,false,citic_l3,中信三级,
CI005574.WI,其他广告营销,citic_l3,中信三级行业指数,true,8872,false,citic_l3,中信三级,
CI005575.WI,影视,citic_l3,中信三级行业指数,true,8871,false,citic_l3,中信三级,
CI005576.WI,动漫,citic_l3,中信三级行业指数,true,8870,false,citic_l3,中信三级,
CI005577.WI,游戏,citic_l3,中信三级行业指数,true,8869,false,citic_l3,中信三级,
CI005578.WI,其他文化娱乐,citic_l3,中信三级行业指数,true,8868,false,citic_l3,中信三级,
CI005579.WI,信息搜索与聚合,citic_l3,中信三级行业指数,true,8867,false,citic_l3,中信三级,
CI005581.WI,互联网影视音频,citic_l3,中信三级行业指数,true,8866,false,citic_l3,中信三级,
CI005801.WI,包装印刷,citic_l2,中信二级行业指数,true,8865,false,citic_l2,中信二级,
CI005802.WI,家居,citic_l2,中信二级行业指数,true,8864,false,citic_l2,中信二级,
CI005803.WI,文娱轻工Ⅱ,citic_l2,中信二级行业指数,true,8863,false,citic_l2,中信二级,
CI005804.WI,其他轻工Ⅱ,citic_l2,中信二级行业指数,true,8862,false,citic_l2,中信二级,
CI005805.WI,专用机械,citic_l2,中信二级行业指数,true,8861,false,citic_l2,中信二级,
CI005806.WI,通用设备,citic_l2,中信二级行业指数,true,8860,false,citic_l2,中信二级,
CI005807.WI,仪器仪表Ⅱ,citic_l2,中信二级行业指数,true,8859,false,citic_l2,中信二级,
CI005808.WI,电气设备,citic_l2,中信二级行业指数,true,8858,false,citic_l2,中信二级,
CI005809.WI,电源设备,citic_l2,中信二级行业指数,true,8857,false,citic_l2,中信二级,
CI005810.WI,新能源动力系统,citic_l2,中信二级行业指数,true,8856,false,citic_l2,中信二级,
CI005811.WI,一般零售,citic_l2,中信二级行业指数,true,8855,false,citic_l2,中信二级,
CI005812.WI,贸易Ⅱ,citic_l2,中信二级行业指数,true,8854,false,citic_l2,中信二级,
CI005813.WI,专营连锁,citic_l2,中信二级行业指数,true,8853,false,citic_l2,中信二级,
CI005814.WI,电商及服务Ⅱ,citic_l2,中信二级行业指数,true,8852,false,citic_l2,中信二级,
CI005815.WI,专业市场经营Ⅱ,citic_l2,中信二级行业指数,true,8851,false,citic_l2,中信二级,
CI005816.WI,教育,citic_l2,中信二级行业指数,true,8850,false,citic_l2,中信二级,
CI005817.WI,综合服务,citic_l2,中信二级行业指数,true,8849,false,citic_l2,中信二级,
CI005818.WI,小家电Ⅱ,citic_l2,中信二级行业指数,true,8848,false,citic_l2,中信二级,
CI005819.WI,照明电工及其他,citic_l2,中信二级行业指数,true,8847,false,citic_l2,中信二级,
CI005820.WI,厨房电器Ⅱ,citic_l2,中信二级行业指数,true,8846,false,citic_l2,中信二级,
CI005821.WI,品牌服饰,citic_l2,中信二级行业指数,true,8845,false,citic_l2,中信二级,
CI005822.WI,饮料,citic_l2,中信二级行业指数,true,8844,false,citic_l2,中信二级,
CI005823.WI,食品,citic_l2,中信二级行业指数,true,8843,false,citic_l2,中信二级,
CI005824.WI,种植业,citic_l2,中信二级行业指数,true,8842,false,citic_l2,中信二级,
CI005825.WI,林业,citic_l2,中信二级行业指数,true,8841,false,citic_l2,中信二级,
CI005826.WI,农产品加工Ⅱ,citic_l2,中信二级行业指数,true,8840,false,citic_l2,中信二级,
CI005827.WI,区域性银行,citic_l2,中信二级行业指数,true,8839,false,citic_l2,中信二级,
CI005828.WI,多元金融,citic_l2,中信二级行业指数,true,8838,false,citic_l2,中信二级,
CI005829.WI,房地产服务,citic_l2,中信二级行业指数,true,8837,false,citic_l2,中信二级,
CI005830.WI,资产管理Ⅱ,citic_l2,中信二级行业指数,true,8836,false,citic_l2,中信二级,
CI005831.WI,多领域控股Ⅱ,citic_l2,中信二级行业指数,true,8835,false,citic_l2,中信二级,
CI005832.WI,新兴金融服务Ⅱ,citic_l2,中信二级行业指数,true,8834,false,citic_l2,中信二级,
CI005833.WI,其他综合金融Ⅱ,citic_l2,中信二级行业指数,true,8833,false,citic_l2,中信二级,
CI005834.WI,半导体,citic_l2,中信二级行业指数,true,8832,false,citic_l2,中信二级,
CI005835.WI,元器件,citic_l2,中信二级行业指数,true,8831,false,citic_l2,中信二级,
CI005836.WI,光学光电,citic_l2,中信二级行业指数,true,8830,false,citic_l2,中信二级,
CI005837.WI,消费电子,citic_l2,中信二级行业指数,true,8829,false,citic_l2,中信二级,
CI005838.WI,其他电子零组件Ⅱ,citic_l2,中信二级行业指数,true,8828,false,citic_l2,中信二级,
CI005839.WI,电信运营Ⅱ,citic_l2,中信二级行业指数,true,8827,false,citic_l2,中信二级,
CI005840.WI,增值服务Ⅱ,citic_l2,中信二级行业指数,true,8826,false,citic_l2,中信二级,
CI005841.WI,通讯工程服务,citic_l2,中信二级行业指数,true,8825,false,citic_l2,中信二级,
CI005842.WI,计算机设备,citic_l2,中信二级行业指数,true,8824,false,citic_l2,中信二级,
CI005843.WI,计算机软件,citic_l2,中信二级行业指数,true,8823,false,citic_l2,中信二级,
CI005844.WI,云服务,citic_l2,中信二级行业指数,true,8822,false,citic_l2,中信二级,
CI005845.WI,产业互联网,citic_l2,中信二级行业指数,true,8821,false,citic_l2,中信二级,
CI005846.WI,媒体,citic_l2,中信二级行业指数,true,8820,false,citic_l2,中信二级,
CI005847.WI,广告营销,citic_l2,中信二级行业指数,true,8819,false,citic_l2,中信二级,
CI005848.WI,文化娱乐,citic_l2,中信二级行业指数,true,8818,false,citic_l2,中信二级,
CI005849.WI,互联网媒体,citic_l2,中信二级行业指数,true,8817,false,citic_l2,中信二级,
8841129.WI,抖音豆包指数,wind_concept,Wind热门概念指数,true,39940,true,wind_hot_concept,Wind热门概念,Wind导出有效热门概念
8841132.WI,百度平台指数,wind_concept,Wind热门概念指数,true,39939,true,wind_hot_concept,Wind热门概念,Wind导出有效热门概念
8841136.WI,品牌龙头指数,wind_concept,Wind热门概念指数,true,39938,true,wind_hot_concept,Wind热门概念,Wind导出有效热门概念
8841137.WI,股票回购指数,wind_concept,Wind热门概念指数,true,39937,true,wind_hot_concept,Wind热门概念,Wind导出有效热门概念
8841138.WI,汇金持股指数,wind_concept,Wind热门概念指数,true,39936,true,wind_hot_concept,Wind热门概念,Wind导出有效热门概念
8841145.WI,西部大基建指数,wind_concept,Wind热门概念指数,true,39934,true,wind_hot_concept,Wind热门概念,Wind导出有效热门概念
8841147.WI,宠物经济指数,wind_concept,Wind热门概念指数,true,39933,true,wind_hot_concept,Wind热门概念,Wind导出有效热门概念
8841149.WI,大基建央企指数,wind_concept,Wind热门概念指数,true,39932,true,wind_hot_concept,Wind热门概念,Wind导出有效热门概念
8841159.WI,社保重仓指数,wind_concept,Wind热门概念指数,true,39931,true,wind_hot_concept,Wind热门概念,Wind导出有效热门概念
8841163.WI,大消费指数,wind_concept,Wind热门概念指数,true,39929,true,wind_hot_concept,Wind热门概念,Wind导出有效热门概念
8841179.WI,磷化工指数,wind_concept,Wind热门概念指数,true,39927,true,wind_hot_concept,Wind热门概念,Wind导出有效热门概念
8841180.WI,一号文件指数,wind_concept,Wind热门概念指数,true,39926,true,wind_hot_concept,Wind热门概念,Wind导出有效热门概念
8841183.WI,业绩预亏指数,wind_concept,Wind热门概念指数,true,39925,true,wind_hot_concept,Wind热门概念,Wind导出有效热门概念
8841192.WI,数字孪生指数,wind_concept,Wind热门概念指数,true,39924,true,wind_hot_concept,Wind热门概念,Wind导出有效热门概念
8841227.WI,人造肉,wind_concept,Wind热门概念指数,true,39923,true,wind_hot_concept,Wind热门概念,Wind导出有效热门概念
8841237.WI,光刻机指数,wind_concept,Wind热门概念指数,true,39922,true,wind_hot_concept,Wind热门概念,Wind导出有效热门概念
8841242.WI,分拆上市指数,wind_concept,Wind热门概念指数,true,39920,true,wind_hot_concept,Wind热门概念,Wind导出有效热门概念
8841244.WI,机构调研指数,wind_concept,Wind热门概念指数,true,39918,true,wind_hot_concept,Wind热门概念,Wind导出有效热门概念
8841245.WI,镍矿指数,wind_concept,Wind热门概念指数,true,39917,true,wind_hot_concept,Wind热门概念,Wind导出有效热门概念
8841247.WI,液冷服务器指数,wind_concept,Wind热门概念指数,true,39916,true,wind_hot_concept,Wind热门概念,Wind导出有效热门概念
8841249.WI,资源股,wind_concept,Wind热门概念指数,true,39915,true,wind_hot_concept,Wind热门概念,Wind导出有效热门概念
8841255.WI,射频及天线指数,wind_concept,Wind热门概念指数,true,39914,true,wind_hot_concept,Wind热门概念,Wind导出有效热门概念
8841259.WI,TWS耳机指数,wind_concept,Wind热门概念指数,true,39912,true,wind_hot_concept,Wind热门概念,Wind导出有效热门概念
8841260.WI,新型显示技术指数,wind_concept,Wind热门概念指数,true,39910,true,wind_hot_concept,Wind热门概念,Wind导出有效热门概念
8841268.WI,消费电子代工指数,wind_concept,Wind热门概念指数,true,39909,true,wind_hot_concept,Wind热门概念,Wind导出有效热门概念
8841269.WI,新能源整车指数,wind_concept,Wind热门概念指数,true,39908,true,wind_hot_concept,Wind热门概念,Wind导出有效热门概念
8841272.WI,半导体材料指数,wind_concept,Wind热门概念指数,true,39907,true,wind_hot_concept,Wind热门概念,Wind导出有效热门概念
8841278.WI,消费电子产业指数,wind_concept,Wind热门概念指数,true,39906,true,wind_hot_concept,Wind热门概念,Wind导出有效热门概念
8841279.WI,IDC(算力租赁)指数,wind_concept,Wind热门概念指数,true,39905,true,wind_hot_concept,Wind热门概念,Wind导出有效热门概念
8841281.WI,国家大基金指数,wind_concept,Wind热门概念指数,true,39904,true,wind_hot_concept,Wind热门概念,Wind导出有效热门概念
8841282.WI,5G应用指数,wind_concept,Wind热门概念指数,true,39903,true,wind_hot_concept,Wind热门概念,Wind导出有效热门概念
8841284.WI,华为鲲鹏指数,wind_concept,Wind热门概念指数,true,39902,true,wind_hot_concept,Wind热门概念,Wind导出有效热门概念
8841285.WI,锂电负极指数,wind_concept,Wind热门概念指数,true,39901,true,wind_hot_concept,Wind热门概念,Wind导出有效热门概念
8841289.WI,卫星互联网指数,wind_concept,Wind热门概念指数,true,39900,true,wind_hot_concept,Wind热门概念,Wind导出有效热门概念
8841291.WI,IGBT指数,wind_concept,Wind热门概念指数,true,39898,true,wind_hot_concept,Wind热门概念,Wind导出有效热门概念
8841294.WI,第三代半导体指数,wind_concept,Wind热门概念指数,true,39897,true,wind_hot_concept,Wind热门概念,Wind导出有效热门概念
8841306.WI,华为HMS指数,wind_concept,Wind热门概念指数,true,39895,true,wind_hot_concept,Wind热门概念,Wind导出有效热门概念
8841309.WI,新基建指数,wind_concept,Wind热门概念指数,true,39894,true,wind_hot_concept,Wind热门概念,Wind导出有效热门概念
8841313.WI,疫苗指数,wind_concept,Wind热门概念指数,true,39892,true,wind_hot_concept,Wind热门概念,Wind导出有效热门概念
8841316.WI,老基建指数,wind_concept,Wind热门概念指数,true,39891,true,wind_hot_concept,Wind热门概念,Wind导出有效热门概念
8841319.WI,炒股软件指数,wind_concept,Wind热门概念指数,true,39890,true,wind_hot_concept,Wind热门概念,Wind导出有效热门概念
8841320.WI,半导体硅片指数,wind_concept,Wind热门概念指数,true,39888,true,wind_hot_concept,Wind热门概念,Wind导出有效热门概念
8841327.WI,EDA指数,wind_concept,Wind热门概念指数,true,39886,true,wind_hot_concept,Wind热门概念,Wind导出有效热门概念
8841328.WI,免税店指数,wind_concept,Wind热门概念指数,true,39885,true,wind_hot_concept,Wind热门概念,Wind导出有效热门概念
8841332.WI,医疗物资出口指数,wind_concept,Wind热门概念指数,true,39883,true,wind_hot_concept,Wind热门概念,Wind导出有效热门概念
8841338.WI,光伏屋顶指数,wind_concept,Wind热门概念指数,true,39882,true,wind_hot_concept,Wind热门概念,Wind导出有效热门概念
8841339.WI,中芯国际产业链指数,wind_concept,Wind热门概念指数,true,39881,true,wind_hot_concept,Wind热门概念,Wind导出有效热门概念
8841344.WI,化学制品精选指数,wind_concept,Wind热门概念指数,true,39879,true,wind_hot_concept,Wind热门概念,Wind导出有效热门概念
8841348.WI,汽车配件精选指数,wind_concept,Wind热门概念指数,true,39878,true,wind_hot_concept,Wind热门概念,Wind导出有效热门概念
8841349.WI,半导体精选指数,wind_concept,Wind热门概念指数,true,39877,true,wind_hot_concept,Wind热门概念,Wind导出有效热门概念
8841350.WI,食品加工精选指数,wind_concept,Wind热门概念指数,true,39875,true,wind_hot_concept,Wind热门概念,Wind导出有效热门概念
8841352.WI,银行精选指数,wind_concept,Wind热门概念指数,true,39874,true,wind_hot_concept,Wind热门概念,Wind导出有效热门概念
8841354.WI,医疗器械精选指数,wind_concept,Wind热门概念指数,true,39873,true,wind_hot_concept,Wind热门概念,Wind导出有效热门概念
8841358.WI,煤炭开采精选指数,wind_concept,Wind热门概念指数,true,39872,true,wind_hot_concept,Wind热门概念,Wind导出有效热门概念
8841360.WI,工业金属精选指数,wind_concept,Wind热门概念指数,true,39871,true,wind_hot_concept,Wind热门概念,Wind导出有效热门概念
8841362.WI,稀有金属精选指数,wind_concept,Wind热门概念指数,true,39870,true,wind_hot_concept,Wind热门概念,Wind导出有效热门概念
8841364.WI,化学纤维精选指数,wind_concept,Wind热门概念指数,true,39869,true,wind_hot_concept,Wind热门概念,Wind导出有效热门概念
8841367.WI,中药精选指数,wind_concept,Wind热门概念指数,true,39867,true,wind_hot_concept,Wind热门概念,Wind导出有效热门概念
8841369.WI,房地产精选指数,wind_concept,Wind热门概念指数,true,39866,true,wind_hot_concept,Wind热门概念,Wind导出有效热门概念
8841375.WI,饮料制造精选指数,wind_concept,Wind热门概念指数,true,39865,true,wind_hot_concept,Wind热门概念,Wind导出有效热门概念
8841378.WI,白色家电精选指数,wind_concept,Wind热门概念指数,true,39864,true,wind_hot_concept,Wind热门概念,Wind导出有效热门概念
8841381.WI,水泥制造精选指数,wind_concept,Wind热门概念指数,true,39863,true,wind_hot_concept,Wind热门概念,Wind导出有效热门概念
8841382.WI,电力股精选指数,wind_concept,Wind热门概念指数,true,39862,true,wind_hot_concept,Wind热门概念,Wind导出有效热门概念
8841385.WI,饲料精选指数,wind_concept,Wind热门概念指数,true,39861,true,wind_hot_concept,Wind热门概念,Wind导出有效热门概念
8841387.WI,化学原料精选指数,wind_concept,Wind热门概念指数,true,39860,true,wind_hot_concept,Wind热门概念,Wind导出有效热门概念
8841389.WI,光伏精选指数,wind_concept,Wind热门概念指数,true,39859,true,wind_hot_concept,Wind热门概念,Wind导出有效热门概念
8841392.WI,汽车整车精选指数,wind_concept,Wind热门概念指数,true,39858,true,wind_hot_concept,Wind热门概念,Wind导出有效热门概念
8841410.WI,航空运输精选指数,wind_concept,Wind热门概念指数,true,39856,true,wind_hot_concept,Wind热门概念,Wind导出有效热门概念
8841413.WI,保险精选指数,wind_concept,Wind热门概念指数,true,39855,true,wind_hot_concept,Wind热门概念,Wind导出有效热门概念
8841414.WI,创业板低价股指数,wind_concept,Wind热门概念指数,true,39854,true,wind_hot_concept,Wind热门概念,Wind导出有效热门概念
8841415.WI,茅指数,wind_concept,Wind热门概念指数,true,39853,true,wind_hot_concept,Wind热门概念,Wind导出有效热门概念
8841418.WI,医美指数,wind_concept,Wind热门概念指数,true,39852,true,wind_hot_concept,Wind热门概念,Wind导出有效热门概念
8841420.WI,华为汽车指数,wind_concept,Wind热门概念指数,true,39851,true,wind_hot_concept,Wind热门概念,Wind导出有效热门概念
8841421.WI,CRO指数,wind_concept,Wind热门概念指数,true,39850,true,wind_hot_concept,Wind热门概念,Wind导出有效热门概念
8841422.WI,顺周期指数,wind_concept,Wind热门概念指数,true,39849,true,wind_hot_concept,Wind热门概念,Wind导出有效热门概念
8841429.WI,碳中和指数,wind_concept,Wind热门概念指数,true,39848,true,wind_hot_concept,Wind热门概念,Wind导出有效热门概念
8841432.WI,水电指数,wind_concept,Wind热门概念指数,true,39847,true,wind_hot_concept,Wind热门概念,Wind导出有效热门概念
8841436.WI,航运精选指数,wind_concept,Wind热门概念指数,true,39846,true,wind_hot_concept,Wind热门概念,Wind导出有效热门概念
8841438.WI,动物保健精选指数,wind_concept,Wind热门概念指数,true,39845,true,wind_hot_concept,Wind热门概念,Wind导出有效热门概念
8841440.WI,钠离子电池指数,wind_concept,Wind热门概念指数,true,39844,true,wind_hot_concept,Wind热门概念,Wind导出有效热门概念
8841441.WI,预制菜等权指数,wind_concept,Wind热门概念指数,true,39843,true,wind_hot_concept,Wind热门概念,Wind导出有效热门概念
8841443.WI,华为鸿蒙指数,wind_concept,Wind热门概念指数,true,39842,true,wind_hot_concept,Wind热门概念,Wind导出有效热门概念
8841447.WI,宁组合,wind_concept,Wind热门概念指数,true,39841,true,wind_hot_concept,Wind热门概念,Wind导出有效热门概念
8841448.WI,先进制造指数,wind_concept,Wind热门概念指数,true,39840,true,wind_hot_concept,Wind热门概念,Wind导出有效热门概念
8841449.WI,MCU芯片指数,wind_concept,Wind热门概念指数,true,39839,true,wind_hot_concept,Wind热门概念,Wind导出有效热门概念
8841450.WI,银指数,wind_concept,Wind热门概念指数,true,39838,true,wind_hot_concept,Wind热门概念,Wind导出有效热门概念
8841495.WI,虚拟人指数,wind_concept,Wind热门概念指数,true,39837,true,wind_hot_concept,Wind热门概念,Wind导出有效热门概念
8841550.WI,东数西算指数,wind_concept,Wind热门概念指数,true,39836,true,wind_hot_concept,Wind热门概念,Wind导出有效热门概念
8841567.WI,统一大市场指数,wind_concept,Wind热门概念指数,true,39833,true,wind_hot_concept,Wind热门概念,Wind导出有效热门概念
8841595.WI,国企改革指数,wind_concept,Wind热门概念指数,true,39831,true,wind_hot_concept,Wind热门概念,Wind导出有效热门概念
8841629.WI,钒电池指数,wind_concept,Wind热门概念指数,true,39827,true,wind_hot_concept,Wind热门概念,Wind导出有效热门概念
8841630.WI,近期定增指数,wind_concept,Wind热门概念指数,true,39826,true,wind_hot_concept,Wind热门概念,Wind导出有效热门概念
8841634.WI,钙钛矿电池指数,wind_concept,Wind热门概念指数,true,39825,true,wind_hot_concept,Wind热门概念,Wind导出有效热门概念
8841635.WI,减速器指数,wind_concept,Wind热门概念指数,true,39824,true,wind_hot_concept,Wind热门概念,Wind导出有效热门概念
8841636.WI,一体化压铸指数,wind_concept,Wind热门概念指数,true,39823,true,wind_hot_concept,Wind热门概念,Wind导出有效热门概念
8841637.WI,光热发电指数,wind_concept,Wind热门概念指数,true,39822,true,wind_hot_concept,Wind热门概念,Wind导出有效热门概念
8841638.WI,TOPcon电池指数,wind_concept,Wind热门概念指数,true,39821,true,wind_hot_concept,Wind热门概念,Wind导出有效热门概念
8841639.WI,空气能热泵指数,wind_concept,Wind热门概念指数,true,39820,true,wind_hot_concept,Wind热门概念,Wind导出有效热门概念
