2026-10-09 02:22:04 [info     ] automation_created             automation_id_digest=1396f9edc4280a8c status=disabled
.2026-10-09 02:22:04 [info     ] automation_created             automation_id_digest=cc83011a6e92c8af status=disabled
2026-10-09 02:22:04 [info     ] automation_enabled             automation_id_digest=cc83011a6e92c8af status=enabled
.2026-10-09 02:22:04 [info     ] automation_created             automation_id_digest=847ee9324e8a3ed5 status=disabled
.2026-10-09 02:22:04 [info     ] automation_created             automation_id_digest=89b0dba74869f7c2 status=disabled
...2026-10-09 02:22:04 [info     ] automation_created             automation_id_digest=5f772fc04dea2080 status=disabled
.2026-10-09 02:22:04 [info     ] automation_created             automation_id_digest=cf7e72084c7f697e status=disabled
.2026-10-09 02:22:04 [info     ] automation_created             automation_id_digest=aab08ac6fca83ccd status=disabled
.2026-10-09 02:22:04 [info     ] automation_created             automation_id_digest=772313669d899d62 status=disabled
.2026-10-09 02:22:04 [info     ] automation_created             automation_id_digest=c44bfc1b49a8e3eb status=disabled
2026-10-09 02:22:04 [info     ] automation_enabled             automation_id_digest=c44bfc1b49a8e3eb status=enabled
2026-10-09 02:22:04 [info     ] automation_schedule_migrated   count=1 status=completed
.2026-10-09 02:22:04 [warning  ] automation_schedule_migration_failed error_type=OSError
.2026-10-09 02:22:04 [info     ] automation_created             automation_id_digest=543c98e122d83fd5 status=disabled
2026-10-09 02:22:04 [info     ] automation_native_reference_saved run_id_digest=144187a299d667e2
.2026-10-09 02:22:04 [info     ] automation_created             automation_id_digest=ace381482c707a5f status=disabled
2026-10-09 02:22:04 [info     ] automation_native_reference_saved run_id_digest=7f1199dc7ee421ae
.2026-10-09 02:22:04 [info     ] automation_created             automation_id_digest=4bb722520b384fd1 status=disabled
2026-10-09 02:22:04 [info     ] automation_native_reference_saved run_id_digest=2d0f66008a0911c4
.2026-10-09 02:22:04 [info     ] automation_created             automation_id_digest=f88ec6366f2871a4 status=disabled
2026-10-09 02:22:04 [error    ] automation_reference_persistence_failed error_type=StoreError
2026-10-09 02:22:04 [error    ] automation_run_failed          automation_id_digest=f88ec6366f2871a4 error_type=AutomationError
.2026-10-09 02:22:04 [info     ] automation_created             automation_id_digest=9b60204b05cc8474 status=disabled
2026-10-09 02:22:04 [warning  ] automation_resume_failed       error_type=AutomationError
.2026-10-09 02:22:04 [info     ] automation_created             automation_id_digest=42aec120a244af86 status=disabled
2026-10-09 02:22:04 [warning  ] automation_resume_failed       error_type=AutomationError
.2026-10-09 02:22:04 [info     ] automation_created             automation_id_digest=0ec112d715be8205 status=disabled
2026-10-09 02:22:04 [warning  ] automation_resume_failed       error_type=AutomationError
.2026-10-09 02:22:04 [info     ] automation_created             automation_id_digest=97b670380784559d status=disabled
2026-10-09 02:22:04 [warning  ] automation_resume_failed       error_type=AutomationError
.2026-10-09 02:22:04 [info     ] automation_created             automation_id_digest=081524322419c03d status=disabled
2026-10-09 02:22:04 [info     ] automation_native_reference_saved run_id_digest=c659b53b13e561c0
.2026-10-09 02:22:04 [info     ] automation_created             automation_id_digest=257ccc517c90148c status=disabled
2026-10-09 02:22:04 [warning  ] automation_resume_failed       error_type=AutomationError
.2026-10-09 02:22:04 [info     ] automation_created             automation_id_digest=ed0c744fc512384c status=disabled
2026-10-09 02:22:04 [warning  ] automation_resume_failed       error_type=AutomationError
.2026-10-09 02:22:04 [info     ] automation_created             automation_id_digest=2c16ad8a71473851 status=disabled
2026-10-09 02:22:04 [info     ] automation_native_reference_saved run_id_digest=820006e3b53dc91f
2026-10-09 02:22:04 [error    ] automation_run_failed          automation_id_digest=2c16ad8a71473851 error_type=AutomationError
.2026-10-09 02:22:04 [info     ] automation_created             automation_id_digest=2300409d62ba2aa2 status=disabled
2026-10-09 02:22:04 [info     ] automation_native_reference_saved run_id_digest=7a7ba4faf8ec6eed
2026-10-09 02:22:04 [error    ] automation_run_failed          automation_id_digest=2300409d62ba2aa2 error_type=AutomationError
.2026-10-09 02:22:04 [info     ] automation_created             automation_id_digest=d70db05adc5d7abd status=disabled
2026-10-09 02:22:04 [error    ] automation_run_failed          automation_id_digest=d70db05adc5d7abd error_type=AutomationError
.2026-10-09 02:22:04 [info     ] automation_created             automation_id_digest=3d7d8d94e0a76111 status=disabled
2026-10-09 02:22:04 [error    ] automation_run_failed          automation_id_digest=3d7d8d94e0a76111 error_type=AutomationError
.2026-10-09 02:22:04 [info     ] automation_created             automation_id_digest=0e3ff0ca720c7012 status=disabled
2026-10-09 02:22:04 [error    ] automation_run_failed          automation_id_digest=0e3ff0ca720c7012 error_type=AutomationError
.2026-10-09 02:22:04 [info     ] automation_created             automation_id_digest=e7a48f7646ade8ce status=disabled
2026-10-09 02:22:04 [error    ] automation_run_failed          automation_id_digest=e7a48f7646ade8ce error_type=AutomationError
.2026-10-09 02:22:04 [info     ] automation_created             automation_id_digest=0c2463e0c7cc1153 status=disabled
2026-10-09 02:22:04 [error    ] automation_run_failed          automation_id_digest=0c2463e0c7cc1153 error_type=AutomationError
.2026-10-09 02:22:04 [info     ] automation_created             automation_id_digest=88100c947ebe2fbe status=disabled
2026-10-09 02:22:04 [error    ] automation_run_failed          automation_id_digest=88100c947ebe2fbe error_type=AutomationError
.2026-10-09 02:22:04 [info     ] automation_created             automation_id_digest=27800fc74143d741 status=disabled
2026-10-09 02:22:04 [info     ] automation_native_reference_saved run_id_digest=0a7c6ece4954b09f
2026-10-09 02:22:04 [info     ] automation_native_reference_saved run_id_digest=0a7c6ece4954b09f
.2026-10-09 02:22:04 [info     ] automation_created             automation_id_digest=c623e4df91330ccb status=disabled
2026-10-09 02:22:04 [error    ] automation_run_failed          automation_id_digest=c623e4df91330ccb error_type=AutomationError
.2026-10-09 02:22:04 [info     ] automation_created             automation_id_digest=9e0cdad6e8c8adeb status=disabled
2026-10-09 02:22:04 [error    ] automation_run_failed          automation_id_digest=9e0cdad6e8c8adeb error_type=AutomationError
.2026-10-09 02:22:04 [info     ] automation_created             automation_id_digest=c2bf2912035a0930 status=disabled
2026-10-09 02:22:04 [error    ] automation_reference_persistence_failed error_type=StoreError
2026-10-09 02:22:04 [error    ] automation_run_failed          automation_id_digest=c2bf2912035a0930 error_type=AutomationError
......2026-10-09 02:22:04 [warning  ] automation_delivery_attempt_failed attempt=1 error_type=OSError status=retrying
2026-10-09 02:22:04 [warning  ] automation_delivery_attempt_failed attempt=2 error_type=OSError status=retrying
2026-10-09 02:22:04 [warning  ] automation_delivery_attempt_failed attempt=3 error_type=OSError status=retrying
2026-10-09 02:22:04 [warning  ] automation_delivery_attempt_failed attempt=4 error_type=OSError status=failed
.2026-10-09 02:22:04 [warning  ] automation_delivery_attempt_failed attempt=1 error_type=ConnectError status=retrying
2026-10-09 02:22:04 [warning  ] automation_delivery_attempt_failed attempt=2 error_type=ConnectError status=retrying
2026-10-09 02:22:04 [warning  ] automation_delivery_attempt_failed attempt=3 error_type=ConnectError status=retrying
2026-10-09 02:22:04 [warning  ] automation_delivery_attempt_failed attempt=4 error_type=ConnectError status=failed
....2026-10-09 02:22:04 [info     ] delivery_channel_saved         channel_id_digest=632e1e9f149f5e9e status=configured
...2026-10-09 02:22:04 [info     ] delivery_channel_saved         channel_id_digest=c55b162162975182 status=configured
.2026-10-09 02:22:04 [info     ] delivery_channel_saved         channel_id_digest=984a03b5245f7a67 status=configured
....2026-10-09 02:22:04 [info     ] report_workflow_draft_created  workflow_id=weekly-fund
2026-10-09 02:22:04 [info     ] report_workflow_resource_uploaded role=workbook workflow_id=weekly-fund
2026-10-09 02:22:04 [info     ] report_workflow_version_created version=1 workflow_id=weekly-fund
2026-10-09 02:22:05 [info     ] report_workflow_version_published version=1 workflow_id=weekly-fund
2026-10-09 02:22:05 [info     ] report_workflow_resource_uploaded role=workbook workflow_id=weekly-fund
2026-10-09 02:22:05 [info     ] report_workflow_run_workspace_created report_run_id=d2956558c7af44bca695758796ccdd5e version=1 workflow_id=weekly-fund
.2026-10-09 02:22:05 [info     ] report_workflow_draft_created  workflow_id=weekly-fund
.2026-10-09 02:22:05 [info     ] report_workflow_draft_created  workflow_id=weekly-two
2026-10-09 02:22:05 [info     ] report_workflow_draft_created  workflow_id=weekly-one
.2026-10-09 02:22:05 [info     ] report_workflow_draft_created  workflow_id=weekly-fund
2026-10-09 02:22:05 [info     ] report_workflow_resource_uploaded role=workbook workflow_id=weekly-fund
2026-10-09 02:22:05 [info     ] report_workflow_version_created version=1 workflow_id=weekly-fund
2026-10-09 02:22:05 [info     ] report_workflow_version_published version=1 workflow_id=weekly-fund
2026-10-09 02:22:05 [info     ] report_workflow_run_workspace_created report_run_id=239c6d1d78e547b899548321a7aebf5a version=1 workflow_id=weekly-fund
2026-10-09 02:22:05 [info     ] report_workbook_refresh_ready  provider=none
.........2026-10-09 02:22:05 [info     ] report_workflow_draft_created  workflow_id=weekly-fund
2026-10-09 02:22:05 [info     ] report_workflow_resource_uploaded role=workbook workflow_id=weekly-fund
2026-10-09 02:22:05 [info     ] report_workflow_version_created version=1 workflow_id=weekly-fund
.2026-10-09 02:22:05 [info     ] report_workflow_draft_created  workflow_id=weekly-fund
2026-10-09 02:22:05 [info     ] report_workflow_resource_uploaded role=workbook workflow_id=weekly-fund
2026-10-09 02:22:05 [info     ] report_workflow_resource_uploaded role=workbook workflow_id=weekly-fund
2026-10-09 02:22:05 [info     ] report_workflow_version_created version=1 workflow_id=weekly-fund
.2026-10-09 02:22:05 [info     ] report_workflow_draft_created  workflow_id=weekly-fund
2026-10-09 02:22:05 [info     ] report_workflow_resource_uploaded role=workbook workflow_id=weekly-fund
2026-10-09 02:22:05 [info     ] report_workflow_version_created version=1 workflow_id=weekly-fund
.2026-10-09 02:22:05 [info     ] report_workflow_draft_created  workflow_id=weekly-fund
2026-10-09 02:22:05 [info     ] report_workflow_resource_uploaded role=workbook workflow_id=weekly-fund
2026-10-09 02:22:05 [info     ] report_workflow_version_created version=1 workflow_id=weekly-fund
2026-10-09 02:22:05 [info     ] report_workflow_version_published version=1 workflow_id=weekly-fund
2026-10-09 02:22:05 [info     ] report_workflow_resource_uploaded role=workbook workflow_id=weekly-fund
2026-10-09 02:22:05 [info     ] report_workflow_version_created version=2 workflow_id=weekly-fund
2026-10-09 02:22:05 [info     ] report_workflow_version_published version=2 workflow_id=weekly-fund
..2026-10-09 02:22:05 [warning  ] report_workbook_refresh_blocked code=unsupported_platform provider=None
.. [ 56%]
.2026-10-09 02:22:05 [warning  ] report_workbook_refresh_failed error_type=OSError
.2026-10-09 02:22:05 [info     ] report_workbook_refresh_ready  provider=wind_excel
.2026-10-09 02:22:06 [warning  ] report_workbook_refresh_blocked code=refresh_cancelled provider=wind_excel
.2026-10-09 02:22:07 [warning  ] report_workbook_refresh_blocked code=refresh_cancelled provider=None
.2026-10-09 02:22:07 [warning  ] report_workbook_refresh_blocked code=refresh_lock_timeout provider=None
.2026-10-09 02:22:07 [warning  ] report_workbook_refresh_blocked code=refresh_lock_unavailable provider=None
.2026-10-09 02:22:07 [warning  ] report_workbook_refresh_blocked code=workbook_unreadable provider=None
.2026-10-09 02:22:07 [warning  ] report_workbook_run_directory_unavailable error_type=OSError
2026-10-09 02:22:07 [warning  ] report_workbook_refresh_blocked code=unsafe_run_directory provider=None
.2026-10-09 02:22:07 [warning  ] report_workbook_refresh_blocked code=required_cell_empty provider=None
2026-10-09 02:22:07 [warning  ] report_workbook_staging_cleanup_failed error_type=OSError
.2026-10-09 02:22:07 [info     ] report_workbook_refresh_ready  provider=none
2026-10-09 02:22:08 [info     ] report_workbook_refresh_ready  provider=none
2026-10-09 02:22:08 [info     ] report_workbook_refresh_ready  provider=wind_excel
2026-10-09 02:22:09 [info     ] report_workbook_refresh_ready  provider=wind_excel
.2026-10-09 02:22:10 [info     ] report_workbook_refresh_ready  provider=wind_excel
.2026-10-09 02:22:10 [info     ] report_workbook_refresh_ready  provider=ifind_excel
.2026-10-09 02:22:10 [warning  ] report_workbook_refresh_blocked code=provider_timeout provider=None
....2026-10-09 02:22:10 [warning  ] report_workbook_refresh_blocked code=required_cell_empty provider=None
.2026-10-09 02:22:10 [warning  ] report_workbook_refresh_blocked code=required_date_stale provider=None
.2026-10-09 02:22:10 [warning  ] report_workbook_refresh_blocked code=formula_error provider=None
.2026-10-09 02:22:10 [warning  ] report_workbook_refresh_blocked code=unexpected_zero provider=None
.2026-10-09 02:22:10 [warning  ] report_workbook_refresh_blocked code=required_date_stale provider=None
.2026-10-09 02:22:11 [info     ] report_workbook_refresh_ready  provider=wind_excel
2026-10-09 02:22:11 [info     ] report_workbook_refresh_ready  provider=wind_excel
.2026-10-09 02:22:12 [info     ] report_workbook_refresh_ready  provider=wind_excel
2026-10-09 02:22:12 [info     ] report_workbook_refresh_ready  provider=wind_excel
.2026-10-09 02:22:12 [info     ] report_workflow_draft_created  workflow_id=weekly-fund
2026-10-09 02:22:12 [info     ] report_workflow_resource_uploaded role=workbook workflow_id=weekly-fund
2026-10-09 02:22:12 [info     ] report_workflow_version_created version=1 workflow_id=weekly-fund
2026-10-09 02:22:12 [info     ] report_workflow_version_published version=1 workflow_id=weekly-fund
2026-10-09 02:22:12 [info     ] report_workflow_run_workspace_created report_run_id=a0c1e8121b854ddbb6c92a726df7ede8 version=1 workflow_id=weekly-fund
2026-10-09 02:22:13 [info     ] report_workbook_refresh_ready  provider=wind_excel
.2026-10-09 02:22:13 [warning  ] report_workbook_refresh_blocked code=provider_not_ready provider=None
2026-10-09 02:22:14 [info     ] report_workbook_refresh_ready  provider=datahub
.2026-10-09 02:22:14 [warning  ] report_workbook_refresh_blocked code=fallback_mapping_missing provider=None
.2026-10-09 02:22:14 [info     ] report_workflow_draft_created  workflow_id=weekly-fund
2026-10-09 02:22:14 [info     ] report_workflow_resource_uploaded role=workbook workflow_id=weekly-fund
2026-10-09 02:22:14 [info     ] report_workflow_resource_uploaded role=mapping workflow_id=weekly-fund
2026-10-09 02:22:14 [info     ] report_workflow_version_created version=1 workflow_id=weekly-fund
2026-10-09 02:22:14 [info     ] report_workflow_version_published version=1 workflow_id=weekly-fund
2026-10-09 02:22:14 [info     ] report_workflow_run_workspace_created report_run_id=23456ff1619d4df59c6c3b8998785063 version=1 workflow_id=weekly-fund
2026-10-09 02:22:15 [info     ] report_workbook_refresh_ready  provider=datahub
.2026-10-09 02:22:15 [info     ] report_workbook_refresh_ready  provider=none
2026-10-09 02:22:15 [info     ] report_workbook_refresh_ready  provider=none
.2026-10-09 02:22:15 [info     ] report_workbook_refresh_ready  provider=none
.2026-10-09 02:22:15 [warning  ] report_workbook_refresh_failed error_type=OSError provider=None
2026-10-09 02:22:15 [warning  ] report_workbook_refresh_blocked code=provider_refresh_failed provider=None
.2026-10-09 02:22:15 [info     ] report_workbook_refresh_ready  provider=none
2026-10-09 02:22:15 [warning  ] report_workbook_refresh_failed error_type=OSError provider=None
2026-10-09 02:22:15 [warning  ] report_workbook_refresh_blocked code=provider_refresh_failed provider=None
..2026-10-09 02:22:16 [info     ] report_workflow_draft_created  workflow_id=weekly-fund
2026-10-09 02:22:16 [info     ] report_workflow_resource_uploaded role=workbook workflow_id=weekly-fund
.2026-10-09 02:22:16 [info     ] report_workflow_draft_created  workflow_id=weekly-fund
2026-10-09 02:22:16 [info     ] report_workflow_resource_uploaded role=workbook workflow_id=weekly-fund
2026-10-09 02:22:16 [info     ] report_workflow_version_created version=1 workflow_id=weekly-fund
2026-10-09 02:22:16 [info     ] report_workflow_version_published version=1 workflow_id=weekly-fund
.2026-10-09 02:22:16 [info     ] capability_draft_created       capability_id=document-reading source=builtin
2026-10-09 02:22:16 [info     ] capability_checked             capability_id=document-reading issue_count=0 valid=True
2026-10-09 02:22:16 [info     ] capability_native_projection_changed capability_id=document-reading state=enabled version=1
2026-10-09 02:22:16 [info     ] capability_draft_created       capability_id=company-research source=builtin
2026-10-09 02:22:16 [info     ] capability_checked             capability_id=company-research issue_count=0 valid=True
2026-10-09 02:22:16 [info     ] capability_native_projection_changed capability_id=company-research state=enabled version=1
2026-10-09 02:22:16 [info     ] capability_draft_created       capability_id=industry-research source=builtin
2026-10-09 02:22:16 [info     ] capability_checked             capability_id=industry-research issue_count=0 valid=True
2026-10-09 02:22:16 [info     ] capability_native_projection_changed capability_id=industry-research state=enabled version=1
2026-10-09 02:22:16 [info     ] capability_draft_created       capability_id=fund-evaluation source=builtin
2026-10-09 02:22:16 [info     ] capability_checked             capability_id=fund-evaluation issue_count=0 valid=True
2026-10-09 02:22:16 [info     ] capability_native_projection_changed capability_id=fund-evaluation state=enabled version=1
2026-10-09 02:22:16 [info     ] capability_draft_created       capability_id=market-commentary source=builtin
2026-10-09 02:22:16 [info     ] capability_checked             capability_id=market-commentary issue_count=0 valid=True
2026-10-09 02:22:16 [info     ] capability_native_projection_changed capability_id=market-commentary state=enabled version=1
2026-10-09 02:22:16 [info     ] capability_draft_created       capability_id=factor-database-research source=builtin
2026-10-09 02:22:16 [info     ] capability_checked             capability_id=factor-database-research issue_count=0 valid=True
2026-10-09 02:22:16 [info     ] capability_native_projection_changed capability_id=factor-database-research state=enabled version=1
2026-10-09 02:22:16 [info     ] capability_draft_created       capability_id=sell-side-report-reader source=builtin
2026-10-09 02:22:16 [info     ] capability_checked             capability_id=sell-side-report-reader issue_count=0 valid=True
2026-10-09 02:22:16 [info     ] capability_native_projection_changed capability_id=sell-side-report-reader state=enabled version=1
2026-10-09 02:22:16 [info     ] capability_draft_created       capability_id=finance-news-event-research source=builtin
2026-10-09 02:22:16 [info     ] capability_checked             capability_id=finance-news-event-research issue_count=0 valid=True
2026-10-09 02:22:16 [info     ] capability_native_projection_changed capability_id=finance-news-event-research state=enabled version=1
2026-10-09 02:22:16 [info     ] capability_draft_created       capability_id=industry-chain-research source=builtin
2026-10-09 02:22:16 [info     ] capability_checked             capability_id=industry-chain-research issue_count=0 valid=True
2026-10-09 02:22:16 [info     ] capability_native_projection_changed capability_id=industry-chain-research state=enabled version=1
2026-10-09 02:22:16 [info     ] capability_draft_created       capability_id=earnings-consensus-research source=builtin
2026-10-09 02:22:16 [info     ] capability_checked             capability_id=earnings-consensus-research issue_count=0 valid=True
2026-10-09 02:22:16 [info     ] capability_native_projection_changed capability_id=earnings-consensus-research state=enabled version=1
2026-10-09 02:22:16 [info     ] capability_draft_created       capability_id=macro-asset-research source=builtin
2026-10-09 02:22:16 [info     ] capability_checked             capability_id=macro-asset-research issue_count=0 valid=True
2026-10-09 02:22:16 [info     ] capability_native_projection_changed capability_id=macro-asset-research state=enabled version=1
2026-10-09 02:22:16 [info     ] capability_draft_created       capability_id=framework-research source=builtin
2026-10-09 02:22:16 [info     ] capability_checked             capability_id=framework-research issue_count=0 valid=True
2026-10-09 02:22:16 [info     ] capability_native_projection_changed capability_id=framework-research state=enabled version=1
2026-10-09 02:22:16 [info     ] capability_draft_created       capability_id=daily-market-brief source=builtin
2026-10-09 02:22:16 [info     ] capability_checked             capability_id=daily-market-brief issue_count=0 valid=True
2026-10-09 02:22:16 [info     ] capability_native_projection_changed capability_id=daily-market-brief state=disabled version=1
2026-10-09 02:22:16 [info     ] capability_draft_created       capability_id=policy-sentinel source=builtin
2026-10-09 02:22:17 [info     ] capability_checked             capability_id=policy-sentinel issue_count=0 valid=True
2026-10-09 02:22:17 [info     ] capability_native_projection_changed capability_id=policy-sentinel state=disabled version=1
2026-10-09 02:22:17 [info     ] capability_draft_created       capability_id=event-review source=builtin
2026-10-09 02:22:17 [info     ] capability_checked             capability_id=event-review issue_count=0 valid=True
2026-10-09 02:22:17 [info     ] capability_native_projection_changed capability_id=event-review state=disabled version=1
2026-10-09 02:22:17 [info     ] capability_draft_created       capability_id=etf-flow-monitor source=builtin
2026-10-09 02:22:17 [info     ] capability_checked             capability_id=etf-flow-monitor issue_count=0 valid=True
2026-10-09 02:22:17 [info     ] capability_native_projection_changed capability_id=etf-flow-monitor state=disabled version=1
2026-10-09 02:22:17 [info     ] capability_draft_created       capability_id=earnings-report-monitor source=builtin
2026-10-09 02:22:18 [info     ] capability_checked             capability_id=earnings-report-monitor issue_count=0 valid=True
2026-10-09 02:22:18 [info     ] capability_native_projection_changed capability_id=earnings-report-monitor state=disabled version=1
2026-10-09 02:22:18 [info     ] capability_draft_created       capability_id=earnings-preview-monitor source=builtin
2026-10-09 02:22:18 [info     ] capability_checked             capability_id=earnings-preview-monitor issue_count=0 valid=True
2026-10-09 02:22:18 [info     ] capability_native_projection_changed capability_id=earnings-preview-monitor state=disabled version=1
2026-10-09 02:22:18 [info     ] capability_draft_created       capability_id=fund-matcher source=builtin
2026-10-09 02:22:18 [info     ] capability_checked             capability_id=fund-matcher issue_count=0 valid=True
2026-10-09 02:22:18 [info     ] capability_native_projection_changed capability_id=fund-matcher state=disabled version=1
2026-10-09 02:22:18 [info     ] capability_draft_created       capability_id=fund-penetration source=builtin
2026-10-09 02:22:19 [info     ] capability_checked             capability_id=fund-penetration issue_count=0 valid=True
2026-10-09 02:22:19 [info     ] capability_native_projection_changed capability_id=fund-penetration state=disabled version=1
2026-10-09 02:22:19 [info     ] capability_draft_created       capability_id=portfolio-overlap source=builtin
2026-10-09 02:22:19 [info     ] capability_checked             capability_id=portfolio-overlap issue_count=0 valid=True
2026-10-09 02:22:19 [info     ] capability_native_projection_changed capability_id=portfolio-overlap state=disabled version=1
2026-10-09 02:22:19 [info     ] capability_draft_created       capability_id=portfolio-benchmark-deviation source=builtin
2026-10-09 02:22:20 [info     ] capability_checked             capability_id=portfolio-benchmark-deviation issue_count=0 valid=True
2026-10-09 02:22:20 [info     ] capability_native_projection_changed capability_id=portfolio-benchmark-deviation state=disabled version=1
2026-10-09 02:22:20 [info     ] capability_draft_created       capability_id=industry-prosperity source=builtin
2026-10-09 02:22:20 [info     ] capability_checked             capability_id=industry-prosperity issue_count=0 valid=True
2026-10-09 02:22:20 [info     ] capability_native_projection_changed capability_id=industry-prosperity state=disabled version=1
2026-10-09 02:22:20 [info     ] capability_draft_created       capability_id=industry-quadrant-monitor source=builtin
2026-10-09 02:22:20 [info     ] capability_checked             capability_id=industry-quadrant-monitor issue_count=0 valid=True
2026-10-09 02:22:20 [info     ] capability_native_projection_changed capability_id=industry-quadrant-monitor state=disabled version=1
2026-10-09 02:22:20 [info     ] capability_draft_created       capability_id=industry-crowding-monitor source=builtin
2026-10-09 02:22:21 [info     ] capability_checked             capability_id=industry-crowding-monitor issue_count=0 valid=True
2026-10-09 02:22:21 [info     ] capability_native_projection_changed capability_id=industry-crowding-monitor state=disabled version=1
2026-10-09 02:22:21 [info     ] capability_draft_created       capability_id=rate-ma-timing-research source=builtin
2026-10-09 02:22:21 [info     ] capability_checked             capability_id=rate-ma-timing-research issue_count=0 valid=True
2026-10-09 02:22:21 [info     ] capability_native_projection_changed capability_id=rate-ma-timing-research state=disabled version=1
2026-10-09 02:22:21 [info     ] capability_draft_created       capability_id=equity-risk-premium-timing source=builtin
2026-10-09 02:22:21 [info     ] capability_checked             capability_id=equity-risk-premium-timing issue_count=0 valid=True
2026-10-09 02:22:21 [info     ] capability_native_projection_changed capability_id=equity-risk-premium-timing state=disabled version=1
2026-10-09 02:22:21 [info     ] capability_draft_created       capability_id=style-rotation-research source=builtin
2026-10-09 02:22:22 [info     ] capability_checked             capability_id=style-rotation-research issue_count=0 valid=True
2026-10-09 02:22:22 [info     ] capability_native_projection_changed capability_id=style-rotation-research state=disabled version=1
2026-10-09 02:22:22 [info     ] capability_draft_created       capability_id=platform-breakout source=builtin
2026-10-09 02:22:22 [info     ] capability_checked             capability_id=platform-breakout issue_count=0 valid=True
2026-10-09 02:22:22 [info     ] capability_native_projection_changed capability_id=platform-breakout state=disabled version=1
2026-10-09 02:22:22 [info     ] capability_draft_created       capability_id=chanlun source=builtin
2026-10-09 02:22:22 [info     ] capability_checked             capability_id=chanlun issue_count=0 valid=True
2026-10-09 02:22:22 [info     ] capability_native_projection_changed capability_id=chanlun state=disabled version=1
2026-10-09 02:22:22 [info     ] capability_draft_created       capability_id=market-commentary-workflow source=builtin
2026-10-09 02:22:22 [info     ] capability_checked             capability_id=market-commentary-workflow issue_count=0 valid=True
2026-10-09 02:22:22 [info     ] capability_native_projection_changed capability_id=market-commentary-workflow state=enabled version=1
2026-10-09 02:22:23 [info     ] capability_draft_created       capability_id=fund-research-workflow source=builtin
2026-10-09 02:22:23 [info     ] capability_checked             capability_id=fund-research-workflow issue_count=0 valid=True
2026-10-09 02:22:23 [info     ] capability_native_projection_changed capability_id=fund-research-workflow state=enabled version=1
2026-10-09 02:22:23 [info     ] capability_draft_created       capability_id=company-research-workflow source=builtin
2026-10-09 02:22:23 [info     ] capability_checked             capability_id=company-research-workflow issue_count=0 valid=True
2026-10-09 02:22:23 [info     ] capability_native_projection_changed capability_id=company-research-workflow state=enabled version=1
2026-10-09 02:22:23 [info     ] capability_draft_created       capability_id=report-production-workflow source=builtin
2026-10-09 02:22:23 [info     ] capability_checked             capability_id=report-production-workflow issue_count=0 valid=True
2026-10-09 02:22:23 [info     ] capability_native_projection_changed capability_id=report-production-workflow state=enabled version=1
2026-10-09 02:22:23 [info     ] capability_draft_created       capability_id=socratic-clarification source=builtin
2026-10-09 02:22:23 [info     ] capability_checked             capability_id=socratic-clarification issue_count=0 valid=True
2026-10-09 02:22:23 [info     ] capability_native_projection_changed capability_id=socratic-clarification state=enabled version=1
2026-10-09 02:22:23 [info     ] capability_draft_created       capability_id=dual-layer-explanation source=builtin
2026-10-09 02:22:23 [info     ] capability_checked             capability_id=dual-layer-explanation issue_count=0 valid=True
2026-10-09 02:22:23 [info     ] capability_native_projection_changed capability_id=dual-layer-explanation state=enabled version=1
2026-10-09 02:22:23 [info     ] capability_draft_created       capability_id=reverse-engineering source=builtin
2026-10-09 02:22:23 [info     ] capability_checked             capability_id=reverse-engineering issue_count=0 valid=True
2026-10-09 02:22:23 [info     ] capability_native_projection_changed capability_id=reverse-engineering state=enabled version=1
2026-10-09 02:22:23 [info     ] capability_draft_created       capability_id=horizontal-vertical-analysis source=builtin
2026-10-09 02:22:23 [info     ] capability_checked             capability_id=horizontal-vertical-analysis issue_count=0 valid=True
2026-10-09 02:22:23 [info     ] capability_native_projection_changed capability_id=horizontal-vertical-analysis state=enabled version=1
2026-10-09 02:22:23 [info     ] capability_draft_created       capability_id=fact-checking source=builtin
2026-10-09 02:22:23 [info     ] capability_checked             capability_id=fact-checking issue_count=0 valid=True
2026-10-09 02:22:23 [info     ] capability_native_projection_changed capability_id=fact-checking state=enabled version=1
2026-10-09 02:22:23 [info     ] capability_draft_created       capability_id=expert-perspectives source=builtin
2026-10-09 02:22:23 [info     ] capability_checked             capability_id=expert-perspectives issue_count=0 valid=True
2026-10-09 02:22:23 [info     ] capability_native_projection_changed capability_id=expert-perspectives state=enabled version=1
2026-10-09 02:22:23 [info     ] capability_draft_created       capability_id=first-principles source=builtin
2026-10-09 02:22:23 [info     ] capability_checked             capability_id=first-principles issue_count=0 valid=True
2026-10-09 02:22:23 [info     ] capability_native_projection_changed capability_id=first-principles state=enabled version=1
2026-10-09 02:22:23 [info     ] capability_draft_created       capability_id=cross-domain-transfer source=builtin
2026-10-09 02:22:23 [info     ] capability_checked             capability_id=cross-domain-transfer issue_count=0 valid=True
2026-10-09 02:22:23 [info     ] capability_native_projection_changed capability_id=cross-domain-transfer state=enabled version=1
2026-10-09 02:22:24 [info     ] capability_draft_created       capability_id=steelman-comparison source=builtin
2026-10-09 02:22:24 [info     ] capability_checked             capability_id=steelman-comparison issue_count=0 valid=True
2026-10-09 02:22:24 [info     ] capability_native_projection_changed capability_id=steelman-comparison state=enabled version=1
2026-10-09 02:22:24 [info     ] capability_draft_created       capability_id=minimal-experiment source=builtin
2026-10-09 02:22:24 [info     ] capability_checked             capability_id=minimal-experiment issue_count=0 valid=True
2026-10-09 02:22:24 [info     ] capability_native_projection_changed capability_id=minimal-experiment state=enabled version=1
{"event": "framework_runtime_started", "level": "info", "logger": "app.research_web.frameworks.service", "timestamp": "2026-10-08T18:22:24.329787Z"}
{"event": "mcp_registry_service_started", "level": "info", "logger": "app.research_web.mcp_registry.service", "timestamp": "2026-10-08T18:22:24.330174Z"}
{"event": "mcp_runtime_service_started", "level": "info", "logger": "app.research_web.mcp_runtime.service", "timestamp": "2026-10-08T18:22:24.330309Z"}
{"event": "Scheduler started", "level": "info", "logger": "apscheduler.scheduler", "timestamp": "2026-10-08T18:22:24.331356Z"}
{"event": "research_web_started", "level": "info", "logger": "app.research_web.main", "timestamp": "2026-10-08T18:22:24.331533Z"}
{"event": "HTTP Request: GET http://testserver/api/research/workflows \"HTTP/1.1 200 OK\"", "level": "info", "logger": "httpx2", "timestamp": "2026-10-08T18:22:24.344871Z"}
{"event": "report_workflow_draft_created", "level": "info", "logger": "app.research_web.report_workflows.catalog", "timestamp": "2026-10-08T18:22:24.377952Z"}
{"event": "HTTP Request: POST http://testserver/api/research/report-workflows \"HTTP/1.1 201 Created\"", "level": "info", "logger": "httpx2", "timestamp": "2026-10-08T18:22:25.198088Z"}
{"event": "report_workflow_resource_uploaded", "level": "info", "logger": "app.research_web.report_workflows.catalog", "timestamp": "2026-10-08T18:22:25.204570Z"}
{"event": "HTTP Request: POST http://testserver/api/research/report-workflows/weekly-report/resources \"HTTP/1.1 201 Created\"", "level": "info", "logger": "httpx2", "timestamp": "2026-10-08T18:22:25.205807Z"}
{"event": "report_workflow_version_created", "level": "info", "logger": "app.research_web.report_workflows.catalog", "timestamp": "2026-10-08T18:22:25.213477Z"}
{"event": "HTTP Request: POST http://testserver/api/research/report-workflows/weekly-report/versions \"HTTP/1.1 201 Created\"", "level": "info", "logger": "httpx2", "timestamp": "2026-10-08T18:22:25.214691Z"}
{"event": "HTTP Request: GET http://testserver/api/research/report-workflows \"HTTP/1.1 200 OK\"", "level": "info", "logger": "httpx2", "timestamp": "2026-10-08T18:22:25.216172Z"}
{"event": "report_workflow_version_published", "level": "info", "logger": "app.research_web.report_workflows.catalog", "timestamp": "2026-10-08T18:22:25.239963Z"}
{"event": "HTTP Request: POST http://testserver/api/research/report-workflows/weekly-report/versions/1/publish \"HTTP/1.1 200 OK\"", "level": "info", "logger": "httpx2", "timestamp": "2026-10-08T18:22:25.247320Z"}
{"event": "HTTP Request: GET http://testserver/api/research/report-workflows/weekly-report \"HTTP/1.1 200 OK\"", "level": "info", "logger": "httpx2", "timestamp": "2026-10-08T18:22:25.254423Z"}
{"event": "HTTP Request: GET http://testserver/api/research/report-workflows/weekly-report/versions/1/resources \"HTTP/1.1 200 OK\"", "level": "info", "logger": "httpx2", "timestamp": "2026-10-08T18:22:25.260228Z"}
{"event": "HTTP Request: GET http://testserver/api/research/report-workflows/weekly-report/versions/1/resources/workbooks/source.xlsx \"HTTP/1.1 200 OK\"", "level": "info", "logger": "httpx2", "timestamp": "2026-10-08T18:22:25.270088Z"}
{"event": "HTTP Request: POST http://testserver/api/research/report-workflows/weekly-report/disable \"HTTP/1.1 200 OK\"", "level": "info", "logger": "httpx2", "timestamp": "2026-10-08T18:22:25.278077Z"}
{"event": "report_workflow_version_rolled_back", "level": "info", "logger": "app.research_web.report_workflows.catalog", "timestamp": "2026-10-08T18:22:25.300623Z"}
{"event": "HTTP Request: POST http://testserver/api/research/report-workflows/weekly-report/versions/1/rollback \"HTTP/1.1 200 OK\"", "level": "info", "logger": "httpx2", "timestamp": "2026-10-08T18:22:25.307778Z"}
{"event": "report_workflow_draft_created", "level": "info", "logger": "app.research_web.report_workflows.catalog", "timestamp": "2026-10-08T18:22:25.315244Z"}
{"event": "report_workflow_resource_uploaded", "level": "info", "logger": "app.research_web.report_workflows.catalog", "timestamp": "2026-10-08T18:22:25.323966Z"}
{"event": "HTTP Request: POST http://testserver/api/research/report-workflows/weekly-report/copy \"HTTP/1.1 201 Created\"", "level": "info", "logger": "httpx2", "timestamp": "2026-10-08T18:22:25.327796Z"}
{"event": "HTTP Request: PATCH http://testserver/api/research/report-workflows/weekly-report-copy/draft \"HTTP/1.1 200 OK\"", "level": "info", "logger": "httpx2", "timestamp": "2026-10-08T18:22:25.333919Z"}
{"event": "report_workflow_request_rejected", "level": "warning", "logger": "app.research_web.main", "timestamp": "2026-10-08T18:22:25.335328Z"}
{"event": "HTTP Request: PATCH http://testserver/api/research/report-workflows/weekly-report-copy/draft \"HTTP/1.1 422 Unprocessable Content\"", "level": "info", "logger": "httpx2", "timestamp": "2026-10-08T18:22:25.335730Z"}
.{"event": "Scheduler has been shut down", "level": "info", "logger": "apscheduler.scheduler", "timestamp": "2026-10-08T18:22:25.336424Z"}
{"event": "framework_runtime_closed", "level": "info", "logger": "app.research_web.frameworks.service", "timestamp": "2026-10-08T18:22:25.337281Z"}
{"event": "capability_draft_created", "level": "info", "logger": "app.research_web.capabilities.catalog", "timestamp": "2026-10-08T18:22:25.367167Z"}
{"event": "capability_checked", "level": "info", "logger": "app.research_web.capabilities.catalog", "timestamp": "2026-10-08T18:22:25.372329Z"}
{"event": "capability_native_projection_changed", "level": "info", "logger": "app.research_web.capabilities.catalog", "timestamp": "2026-10-08T18:22:25.376874Z"}
{"event": "capability_draft_created", "level": "info", "logger": "app.research_web.capabilities.catalog", "timestamp": "2026-10-08T18:22:25.378124Z"}
{"event": "capability_checked", "level": "info", "logger": "app.research_web.capabilities.catalog", "timestamp": "2026-10-08T18:22:25.383460Z"}
{"event": "capability_native_projection_changed", "level": "info", "logger": "app.research_web.capabilities.catalog", "timestamp": "2026-10-08T18:22:25.387948Z"}
{"event": "capability_draft_created", "level": "info", "logger": "app.research_web.capabilities.catalog", "timestamp": "2026-10-08T18:22:25.389891Z"}
{"event": "capability_checked", "level": "info", "logger": "app.research_web.capabilities.catalog", "timestamp": "2026-10-08T18:22:25.395001Z"}
{"event": "capability_native_projection_changed", "level": "info", "logger": "app.research_web.capabilities.catalog", "timestamp": "2026-10-08T18:22:25.399700Z"}
{"event": "capability_draft_created", "level": "info", "logger": "app.research_web.capabilities.catalog", "timestamp": "2026-10-08T18:22:25.401573Z"}
{"event": "capability_checked", "level": "info", "logger": "app.research_web.capabilities.catalog", "timestamp": "2026-10-08T18:22:25.406755Z"}
{"event": "capability_native_projection_changed", "level": "info", "logger": "app.research_web.capabilities.catalog", "timestamp": "2026-10-08T18:22:25.411751Z"}
{"event": "capability_draft_created", "level": "info", "logger": "app.research_web.capabilities.catalog", "timestamp": "2026-10-08T18:22:25.414006Z"}
{"event": "capability_checked", "level": "info", "logger": "app.research_web.capabilities.catalog", "timestamp": "2026-10-08T18:22:25.420583Z"}
{"event": "capability_native_projection_changed", "level": "info", "logger": "app.research_web.capabilities.catalog", "timestamp": "2026-10-08T18:22:25.426470Z"}
{"event": "capability_draft_created", "level": "info", "logger": "app.research_web.capabilities.catalog", "timestamp": "2026-10-08T18:22:25.428904Z"}
{"event": "capability_checked", "level": "info", "logger": "app.research_web.capabilities.catalog", "timestamp": "2026-10-08T18:22:25.433471Z"}
{"event": "capability_native_projection_changed", "level": "info", "logger": "app.research_web.capabilities.catalog", "timestamp": "2026-10-08T18:22:25.438522Z"}
{"event": "capability_draft_created", "level": "info", "logger": "app.research_web.capabilities.catalog", "timestamp": "2026-10-08T18:22:25.441932Z"}
{"event": "capability_checked", "level": "info", "logger": "app.research_web.capabilities.catalog", "timestamp": "2026-10-08T18:22:25.466615Z"}
{"event": "capability_native_projection_changed", "level": "info", "logger": "app.research_web.capabilities.catalog", "timestamp": "2026-10-08T18:22:25.475960Z"}
{"event": "capability_draft_created", "level": "info", "logger": "app.research_web.capabilities.catalog", "timestamp": "2026-10-08T18:22:25.479980Z"}
{"event": "capability_checked", "level": "info", "logger": "app.research_web.capabilities.catalog", "timestamp": "2026-10-08T18:22:25.485391Z"}
{"event": "capability_native_projection_changed", "level": "info", "logger": "app.research_web.capabilities.catalog", "timestamp": "2026-10-08T18:22:25.491964Z"}
{"event": "capability_draft_created", "level": "info", "logger": "app.research_web.capabilities.catalog", "timestamp": "2026-10-08T18:22:25.496033Z"}
{"event": "capability_checked", "level": "info", "logger": "app.research_web.capabilities.catalog", "timestamp": "2026-10-08T18:22:25.501198Z"}
{"event": "capability_native_projection_changed", "level": "info", "logger": "app.research_web.capabilities.catalog", "timestamp": "2026-10-08T18:22:25.508308Z"}
{"event": "capability_draft_created", "level": "info", "logger": "app.research_web.capabilities.catalog", "timestamp": "2026-10-08T18:22:25.512906Z"}
{"event": "capability_checked", "level": "info", "logger": "app.research_web.capabilities.catalog", "timestamp": "2026-10-08T18:22:25.518495Z"}
{"event": "capability_native_projection_changed", "level": "info", "logger": "app.research_web.capabilities.catalog", "timestamp": "2026-10-08T18:22:25.525621Z"}
{"event": "capability_draft_created", "level": "info", "logger": "app.research_web.capabilities.catalog", "timestamp": "2026-10-08T18:22:25.530172Z"}
{"event": "capability_checked", "level": "info", "logger": "app.research_web.capabilities.catalog", "timestamp": "2026-10-08T18:22:25.535561Z"}
{"event": "capability_native_projection_changed", "level": "info", "logger": "app.research_web.capabilities.catalog", "timestamp": "2026-10-08T18:22:25.542969Z"}
{"event": "capability_draft_created", "level": "info", "logger": "app.research_web.capabilities.catalog", "timestamp": "2026-10-08T18:22:25.547789Z"}
{"event": "capability_checked", "level": "info", "logger": "app.research_web.capabilities.catalog", "timestamp": "2026-10-08T18:22:25.553525Z"}
{"event": "capability_native_projection_changed", "level": "info", "logger": "app.research_web.capabilities.catalog", "timestamp": "2026-10-08T18:22:25.560986Z"}
{"event": "capability_draft_created", "level": "info", "logger": "app.research_web.capabilities.catalog", "timestamp": "2026-10-08T18:22:25.566912Z"}
{"event": "capability_checked", "level": "info", "logger": "app.research_web.capabilities.catalog", "timestamp": "2026-10-08T18:22:25.911534Z"}
{"event": "capability_native_projection_changed", "level": "info", "logger": "app.research_web.capabilities.catalog", "timestamp": "2026-10-08T18:22:25.921929Z"}
{"event": "capability_draft_created", "level": "info", "logger": "app.research_web.capabilities.catalog", "timestamp": "2026-10-08T18:22:25.929678Z"}
{"event": "capability_checked", "level": "info", "logger": "app.research_web.capabilities.catalog", "timestamp": "2026-10-08T18:22:26.258514Z"}
{"event": "capability_native_projection_changed", "level": "info", "logger": "app.research_web.capabilities.catalog", "timestamp": "2026-10-08T18:22:26.269897Z"}
{"event": "capability_draft_created", "level": "info", "logger": "app.research_web.capabilities.catalog", "timestamp": "2026-10-08T18:22:26.278849Z"}
{"event": "capability_checked", "level": "info", "logger": "app.research_web.capabilities.catalog", "timestamp": "2026-10-08T18:22:26.565595Z"}
{"event": "capability_native_projection_changed", "level": "info", "logger": "app.research_web.capabilities.catalog", "timestamp": "2026-10-08T18:22:26.578919Z"}
{"event": "capability_draft_created", "level": "info", "logger": "app.research_web.capabilities.catalog", "timestamp": "2026-10-08T18:22:26.590064Z"}
{"event": "capability_checked", "level": "info", "logger": "app.research_web.capabilities.catalog", "timestamp": "2026-10-08T18:22:26.876946Z"}
{"event": "capability_native_projection_changed", "level": "info", "logger": "app.research_web.capabilities.catalog", "timestamp": "2026-10-08T18:22:26.891897Z"}
{"event": "capability_draft_created", "level": "info", "logger": "app.research_web.capabilities.catalog", "timestamp": "2026-10-08T18:22:26.903627Z"}
{"event": "capability_checked", "level": "info", "logger": "app.research_web.capabilities.catalog", "timestamp": "2026-10-08T18:22:27.226650Z"}
{"event": "capability_native_projection_changed", "level": "info", "logger": "app.research_web.capabilities.catalog", "timestamp": "2026-10-08T18:22:27.242792Z"}
{"event": "capability_draft_created", "level": "info", "logger": "app.research_web.capabilities.catalog", "timestamp": "2026-10-08T18:22:27.256031Z"}
{"event": "capability_checked", "level": "info", "logger": "app.research_web.capabilities.catalog", "timestamp": "2026-10-08T18:22:27.540385Z"}
{"event": "capability_native_projection_changed", "level": "info", "logger": "app.research_web.capabilities.catalog", "timestamp": "2026-10-08T18:22:27.558268Z"}
{"event": "capability_draft_created", "level": "info", "logger": "app.research_web.capabilities.catalog", "timestamp": "2026-10-08T18:22:27.573606Z"}
{"event": "capability_checked", "level": "info", "logger": "app.research_web.capabilities.catalog", "timestamp": "2026-10-08T18:22:27.860423Z"}
{"event": "capability_native_projection_changed", "level": "info", "logger": "app.research_web.capabilities.catalog", "timestamp": "2026-10-08T18:22:27.880637Z"}
{"event": "capability_draft_created", "level": "info", "logger": "app.research_web.capabilities.catalog", "timestamp": "2026-10-08T18:22:27.898251Z"}
{"event": "capability_checked", "level": "info", "logger": "app.research_web.capabilities.catalog", "timestamp": "2026-10-08T18:22:28.229842Z"}
{"event": "capability_native_projection_changed", "level": "info", "logger": "app.research_web.capabilities.catalog", "timestamp": "2026-10-08T18:22:28.250105Z"}
{"event": "capability_draft_created", "level": "info", "logger": "app.research_web.capabilities.catalog", "timestamp": "2026-10-08T18:22:28.267815Z"}
{"event": "capability_checked", "level": "info", "logger": "app.research_web.capabilities.catalog", "timestamp": "2026-10-08T18:22:28.558518Z"}
{"event": "capability_native_projection_changed", "level": "info", "logger": "app.research_web.capabilities.catalog", "timestamp": "2026-10-08T18:22:28.580983Z"}
{"event": "capability_draft_created", "level": "info", "logger": "app.research_web.capabilities.catalog", "timestamp": "2026-10-08T18:22:28.600377Z"}
{"event": "capability_checked", "level": "info", "logger": "app.research_web.capabilities.catalog", "timestamp": "2026-10-08T18:22:28.894628Z"}
{"event": "capability_native_projection_changed", "level": "info", "logger": "app.research_web.capabilities.catalog", "timestamp": "2026-10-08T18:22:28.923140Z"}
{"event": "capability_draft_created", "level": "info", "logger": "app.research_web.capabilities.catalog", "timestamp": "2026-10-08T18:22:28.944208Z"}
{"event": "capability_checked", "level": "info", "logger": "app.research_web.capabilities.catalog", "timestamp": "2026-10-08T18:22:29.280012Z"}
{"event": "capability_native_projection_changed", "level": "info", "logger": "app.research_web.capabilities.catalog", "timestamp": "2026-10-08T18:22:29.304570Z"}
{"event": "capability_draft_created", "level": "info", "logger": "app.research_web.capabilities.catalog", "timestamp": "2026-10-08T18:22:29.327430Z"}
{"event": "capability_checked", "level": "info", "logger": "app.research_web.capabilities.catalog", "timestamp": "2026-10-08T18:22:29.620304Z"}
{"event": "capability_native_projection_changed", "level": "info", "logger": "app.research_web.capabilities.catalog", "timestamp": "2026-10-08T18:22:29.647298Z"}
{"event": "capability_draft_created", "level": "info", "logger": "app.research_web.capabilities.catalog", "timestamp": "2026-10-08T18:22:29.670971Z"}
{"event": "capability_checked", "level": "info", "logger": "app.research_web.capabilities.catalog", "timestamp": "2026-10-08T18:22:29.962454Z"}
{"event": "capability_native_projection_changed", "level": "info", "logger": "app.research_web.capabilities.catalog", "timestamp": "2026-10-08T18:22:29.990613Z"}
{"event": "capability_draft_created", "level": "info", "logger": "app.research_web.capabilities.catalog", "timestamp": "2026-10-08T18:22:30.015545Z"}
{"event": "capability_checked", "level": "info", "logger": "app.research_web.capabilities.catalog", "timestamp": "2026-10-08T18:22:30.365071Z"}
{"event": "capability_native_projection_changed", "level": "info", "logger": "app.research_web.capabilities.catalog", "timestamp": "2026-10-08T18:22:30.402350Z"}
{"event": "capability_draft_created", "level": "info", "logger": "app.research_web.capabilities.catalog", "timestamp": "2026-10-08T18:22:30.432065Z"}
{"event": "capability_checked", "level": "info", "logger": "app.research_web.capabilities.catalog", "timestamp": "2026-10-08T18:22:30.723698Z"}
{"event": "capability_native_projection_changed", "level": "info", "logger": "app.research_web.capabilities.catalog", "timestamp": "2026-10-08T18:22:30.754754Z"}
{"event": "capability_draft_created", "level": "info", "logger": "app.research_web.capabilities.catalog", "timestamp": "2026-10-08T18:22:30.782868Z"}
{"event": "capability_checked", "level": "info", "logger": "app.research_web.capabilities.catalog", "timestamp": "2026-10-08T18:22:31.081884Z"}
{"event": "capability_native_projection_changed", "level": "info", "logger": "app.research_web.capabilities.catalog", "timestamp": "2026-10-08T18:22:31.115302Z"}
{"event": "capability_draft_created", "level": "info", "logger": "app.research_web.capabilities.catalog", "timestamp": "2026-10-08T18:22:31.145323Z"}
{"event": "capability_checked", "level": "info", "logger": "app.research_web.capabilities.catalog", "timestamp": "2026-10-08T18:22:31.481160Z"}
{"event": "capability_native_projection_changed", "level": "info", "logger": "app.research_web.capabilities.catalog", "timestamp": "2026-10-08T18:22:31.514551Z"}
{"event": "capability_draft_created", "level": "info", "logger": "app.research_web.capabilities.catalog", "timestamp": "2026-10-08T18:22:31.544628Z"}
{"event": "capability_checked", "level": "info", "logger": "app.research_web.capabilities.catalog", "timestamp": "2026-10-08T18:22:31.842694Z"}
{"event": "capability_native_projection_changed", "level": "info", "logger": "app.research_web.capabilities.catalog", "timestamp": "2026-10-08T18:22:31.876649Z"}
{"event": "capability_draft_created", "level": "info", "logger": "app.research_web.capabilities.catalog", "timestamp": "2026-10-08T18:22:31.907937Z"}
{"event": "capability_checked", "level": "info", "logger": "app.research_web.capabilities.catalog", "timestamp": "2026-10-08T18:22:31.926611Z"}
{"event": "capability_native_projection_changed", "level": "info", "logger": "app.research_web.capabilities.catalog", "timestamp": "2026-10-08T18:22:31.958739Z"}
{"event": "capability_draft_created", "level": "info", "logger": "app.research_web.capabilities.catalog", "timestamp": "2026-10-08T18:22:31.989709Z"}
{"event": "capability_checked", "level": "info", "logger": "app.research_web.capabilities.catalog", "timestamp": "2026-10-08T18:22:32.008034Z"}
{"event": "capability_native_projection_changed", "level": "info", "logger": "app.research_web.capabilities.catalog", "timestamp": "2026-10-08T18:22:32.040570Z"}
{"event": "capability_draft_created", "level": "info", "logger": "app.research_web.capabilities.catalog", "timestamp": "2026-10-08T18:22:32.072001Z"}
{"event": "capability_checked", "level": "info", "logger": "app.research_web.capabilities.catalog", "timestamp": "2026-10-08T18:22:32.090283Z"}
{"event": "capability_native_projection_changed", "level": "info", "logger": "app.research_web.capabilities.catalog", "timestamp": "2026-10-08T18:22:32.123381Z"}
{"event": "capability_draft_created", "level": "info", "logger": "app.research_web.capabilities.catalog", "timestamp": "2026-10-08T18:22:32.154662Z"}
{"event": "capability_checked", "level": "info", "logger": "app.research_web.capabilities.catalog", "timestamp": "2026-10-08T18:22:32.173702Z"}
{"event": "capability_native_projection_changed", "level": "info", "logger": "app.research_web.capabilities.catalog", "timestamp": "2026-10-08T18:22:32.207170Z"}
{"event": "capability_draft_created", "level": "info", "logger": "app.research_web.capabilities.catalog", "timestamp": "2026-10-08T18:22:32.238912Z"}
{"event": "capability_checked", "level": "info", "logger": "app.research_web.capabilities.catalog", "timestamp": "2026-10-08T18:22:32.257975Z"}
{"event": "capability_native_projection_changed", "level": "info", "logger": "app.research_web.capabilities.catalog", "timestamp": "2026-10-08T18:22:32.291204Z"}
{"event": "capability_draft_created", "level": "info", "logger": "app.research_web.capabilities.catalog", "timestamp": "2026-10-08T18:22:32.323573Z"}
{"event": "capability_checked", "level": "info", "logger": "app.research_web.capabilities.catalog", "timestamp": "2026-10-08T18:22:32.342399Z"}
{"event": "capability_native_projection_changed", "level": "info", "logger": "app.research_web.capabilities.catalog", "timestamp": "2026-10-08T18:22:32.375989Z"}
{"event": "capability_draft_created", "level": "info", "logger": "app.research_web.capabilities.catalog", "timestamp": "2026-10-08T18:22:32.410715Z"}
{"event": "capability_checked", "level": "info", "logger": "app.research_web.capabilities.catalog", "timestamp": "2026-10-08T18:22:32.430181Z"}
{"event": "capability_native_projection_changed", "level": "info", "logger": "app.research_web.capabilities.catalog", "timestamp": "2026-10-08T18:22:32.464488Z"}
{"event": "capability_draft_created", "level": "info", "logger": "app.research_web.capabilities.catalog", "timestamp": "2026-10-08T18:22:32.496903Z"}
{"event": "capability_checked", "level": "info", "logger": "app.research_web.capabilities.catalog", "timestamp": "2026-10-08T18:22:32.516380Z"}
{"event": "capability_native_projection_changed", "level": "info", "logger": "app.research_web.capabilities.catalog", "timestamp": "2026-10-08T18:22:32.550815Z"}
{"event": "capability_draft_created", "level": "info", "logger": "app.research_web.capabilities.catalog", "timestamp": "2026-10-08T18:22:32.583620Z"}
{"event": "capability_checked", "level": "info", "logger": "app.research_web.capabilities.catalog", "timestamp": "2026-10-08T18:22:32.607816Z"}
{"event": "capability_native_projection_changed", "level": "info", "logger": "app.research_web.capabilities.catalog", "timestamp": "2026-10-08T18:22:32.643463Z"}
{"event": "capability_draft_created", "level": "info", "logger": "app.research_web.capabilities.catalog", "timestamp": "2026-10-08T18:22:32.676750Z"}
{"event": "capability_checked", "level": "info", "logger": "app.research_web.capabilities.catalog", "timestamp": "2026-10-08T18:22:32.698559Z"}
{"event": "capability_native_projection_changed", "level": "info", "logger": "app.research_web.capabilities.catalog", "timestamp": "2026-10-08T18:22:32.746208Z"}
{"event": "capability_draft_created", "level": "info", "logger": "app.research_web.capabilities.catalog", "timestamp": "2026-10-08T18:22:32.779284Z"}
{"event": "capability_checked", "level": "info", "logger": "app.research_web.capabilities.catalog", "timestamp": "2026-10-08T18:22:32.798871Z"}
{"event": "capability_native_projection_changed", "level": "info", "logger": "app.research_web.capabilities.catalog", "timestamp": "2026-10-08T18:22:32.833788Z"}
{"event": "capability_draft_created", "level": "info", "logger": "app.research_web.capabilities.catalog", "timestamp": "2026-10-08T18:22:32.866537Z"}
{"event": "capability_checked", "level": "info", "logger": "app.research_web.capabilities.catalog", "timestamp": "2026-10-08T18:22:32.886172Z"}
{"event": "capability_native_projection_changed", "level": "info", "logger": "app.research_web.capabilities.catalog", "timestamp": "2026-10-08T18:22:32.920757Z"}
{"event": "capability_draft_created", "level": "info", "logger": "app.research_web.capabilities.catalog", "timestamp": "2026-10-08T18:22:32.953811Z"}
{"event": "capability_checked", "level": "info", "logger": "app.research_web.capabilities.catalog", "timestamp": "2026-10-08T18:22:32.973442Z"}
{"event": "capability_native_projection_changed", "level": "info", "logger": "app.research_web.capabilities.catalog", "timestamp": "2026-10-08T18:22:33.008258Z"}
{"event": "capability_draft_created", "level": "info", "logger": "app.research_web.capabilities.catalog", "timestamp": "2026-10-08T18:22:33.041521Z"}
{"event": "capability_checked", "level": "info", "logger": "app.research_web.capabilities.catalog", "timestamp": "2026-10-08T18:22:33.061516Z"}
{"event": "capability_native_projection_changed", "level": "info", "logger": "app.research_web.capabilities.catalog", "timestamp": "2026-10-08T18:22:33.100556Z"}
{"event": "framework_runtime_started", "level": "info", "logger": "app.research_web.frameworks.service", "timestamp": "2026-10-08T18:22:33.236519Z"}
{"event": "mcp_registry_service_started", "level": "info", "logger": "app.research_web.mcp_registry.service", "timestamp": "2026-10-08T18:22:33.236641Z"}
{"event": "mcp_runtime_service_started", "level": "info", "logger": "app.research_web.mcp_runtime.service", "timestamp": "2026-10-08T18:22:33.236721Z"}
{"event": "Scheduler started", "level": "info", "logger": "apscheduler.scheduler", "timestamp": "2026-10-08T18:22:33.237265Z"}
{"event": "research_web_started", "level": "info", "logger": "app.research_web.main", "timestamp": "2026-10-08T18:22:33.237388Z"}
{"event": "report_workflow_draft_created", "level": "info", "logger": "app.research_web.report_workflows.catalog", "timestamp": "2026-10-08T18:22:33.281606Z"}
{"event": "HTTP Request: POST http://testserver/api/research/report-workflows \"HTTP/1.1 201 Created\"", "level": "info", "logger": "httpx2", "timestamp": "2026-10-08T18:22:33.284800Z"}
{"event": "report_workflow_resource_uploaded", "level": "info", "logger": "app.research_web.report_workflows.catalog", "timestamp": "2026-10-08T18:22:33.288027Z"}
{"event": "HTTP Request: POST http://testserver/api/research/report-workflows/weekly-report/resources \"HTTP/1.1 201 Created\"", "level": "info", "logger": "httpx2", "timestamp": "2026-10-08T18:22:33.289050Z"}
{"event": "report_workflow_version_created", "level": "info", "logger": "app.research_web.report_workflows.catalog", "timestamp": "2026-10-08T18:22:33.296140Z"}
{"event": "HTTP Request: POST http://testserver/api/research/report-workflows/weekly-report/versions \"HTTP/1.1 201 Created\"", "level": "info", "logger": "httpx2", "timestamp": "2026-10-08T18:22:33.297253Z"}
{"event": "report_workflow_version_published", "level": "info", "logger": "app.research_web.report_workflows.catalog", "timestamp": "2026-10-08T18:22:33.320331Z"}
{"event": "HTTP Request: POST http://testserver/api/research/report-workflows/weekly-report/versions/1/publish \"HTTP/1.1 200 OK\"", "level": "info", "logger": "httpx2", "timestamp": "2026-10-08T18:22:33.327155Z"}
{"event": "HTTP Request: GET http://testserver/api/research/report-workflows/providers \"HTTP/1.1 200 OK\"", "level": "info", "logger": "httpx2", "timestamp": "2026-10-08T18:22:33.328493Z"}
{"event": "HTTP Request: POST http://testserver/api/research/report-workflows/providers/wind_excel/probe \"HTTP/1.1 200 OK\"", "level": "info", "logger": "httpx2", "timestamp": "2026-10-08T18:22:33.330063Z"}
{"event": "HTTP Request: POST http://testserver/api/research/report-workflows/providers/ifind_excel/probe \"HTTP/1.1 200 OK\"", "level": "info", "logger": "httpx2", "timestamp": "2026-10-08T18:22:33.335264Z"}
{"event": "report_workflow_run_workspace_created", "level": "info", "logger": "app.research_web.report_workflows.catalog", "timestamp": "2026-10-08T18:22:33.362898Z"}
{"event": "HTTP Request: POST http://testserver/api/research/report-workflows/weekly-report/runs \"HTTP/1.1 202 Accepted\"", "level": "info", "logger": "httpx2", "timestamp": "2026-10-08T18:22:33.369236Z"}
{"event": "report_workbook_refresh_blocked", "level": "warning", "logger": "app.research_web.report_workflows.workbook", "timestamp": "2026-10-08T18:22:33.380923Z"}
{"event": "HTTP Request: GET http://testserver/api/research/report-runs/5a5b5d01029245e7b2d0d296955a7252 \"HTTP/1.1 200 OK\"", "level": "info", "logger": "httpx2", "timestamp": "2026-10-08T18:22:33.381255Z"}
{"event": "HTTP Request: GET http://testserver/api/research/report-runs/5a5b5d01029245e7b2d0d296955a7252 \"HTTP/1.1 200 OK\"", "level": "info", "logger": "httpx2", "timestamp": "2026-10-08T18:22:33.395541Z"}
.{"event": "Scheduler has been shut down", "level": "info", "logger": "apscheduler.scheduler", "timestamp": "2026-10-08T18:22:33.396311Z"}
{"event": "framework_runtime_closed", "level": "info", "logger": "app.research_web.frameworks.service", "timestamp": "2026-10-08T18:22:33.397277Z"}
{"event": "capability_draft_created", "level": "info", "logger": "app.research_web.capabilities.catalog", "timestamp": "2026-10-08T18:22:33.438200Z"}
{"event": "capability_checked", "level": "info", "logger": "app.research_web.capabilities.catalog", "timestamp": "2026-10-08T18:22:33.443532Z"}
{"event": "capability_native_projection_changed", "level": "info", "logger": "app.research_web.capabilities.catalog", "timestamp": "2026-10-08T18:22:33.448170Z"}
{"event": "capability_draft_created", "level": "info", "logger": "app.research_web.capabilities.catalog", "timestamp": "2026-10-08T18:22:33.449508Z"}
{"event": "capability_checked", "level": "info", "logger": "app.research_web.capabilities.catalog", "timestamp": "2026-10-08T18:22:33.456416Z"}
{"event": "capability_native_projection_changed", "level": "info", "logger": "app.research_web.capabilities.catalog", "timestamp": "2026-10-08T18:22:33.462843Z"}
{"event": "capability_draft_created", "level": "info", "logger": "app.research_web.capabilities.catalog", "timestamp": "2026-10-08T18:22:33.465197Z"}
{"event": "capability_checked", "level": "info", "logger": "app.research_web.capabilities.catalog", "timestamp": "2026-10-08T18:22:33.470501Z"}
{"event": "capability_native_projection_changed", "level": "info", "logger": "app.research_web.capabilities.catalog", "timestamp": "2026-10-08T18:22:33.477029Z"}
{"event": "capability_draft_created", "level": "info", "logger": "app.research_web.capabilities.catalog", "timestamp": "2026-10-08T18:22:33.479157Z"}
{"event": "capability_checked", "level": "info", "logger": "app.research_web.capabilities.catalog", "timestamp": "2026-10-08T18:22:33.485288Z"}
{"event": "capability_native_projection_changed", "level": "info", "logger": "app.research_web.capabilities.catalog", "timestamp": "2026-10-08T18:22:33.490647Z"}
{"event": "capability_draft_created", "level": "info", "logger": "app.research_web.capabilities.catalog", "timestamp": "2026-10-08T18:22:33.492972Z"}
{"event": "capability_checked", "level": "info", "logger": "app.research_web.capabilities.catalog", "timestamp": "2026-10-08T18:22:33.499988Z"}
{"event": "capability_native_projection_changed", "level": "info", "logger": "app.research_web.capabilities.catalog", "timestamp": "2026-10-08T18:22:33.506165Z"}
{"event": "capability_draft_created", "level": "info", "logger": "app.research_web.capabilities.catalog", "timestamp": "2026-10-08T18:22:33.508865Z"}
{"event": "capability_checked", "level": "info", "logger": "app.research_web.capabilities.catalog", "timestamp": "2026-10-08T18:22:33.514468Z"}
{"event": "capability_native_projection_changed", "level": "info", "logger": "app.research_web.capabilities.catalog", "timestamp": "2026-10-08T18:22:33.519950Z"}
{"event": "capability_draft_created", "level": "info", "logger": "app.research_web.capabilities.catalog", "timestamp": "2026-10-08T18:22:33.523375Z"}
{"event": "capability_checked", "level": "info", "logger": "app.research_web.capabilities.catalog", "timestamp": "2026-10-08T18:22:33.548429Z"}
{"event": "capability_native_projection_changed", "level": "info", "logger": "app.research_web.capabilities.catalog", "timestamp": "2026-10-08T18:22:33.560881Z"}
{"event": "capability_draft_created", "level": "info", "logger": "app.research_web.capabilities.catalog", "timestamp": "2026-10-08T18:22:33.565038Z"}
{"event": "capability_checked", "level": "info", "logger": "app.research_web.capabilities.catalog", "timestamp": "2026-10-08T18:22:33.570453Z"}
{"event": "capability_native_projection_changed", "level": "info", "logger": "app.research_web.capabilities.catalog", "timestamp": "2026-10-08T18:22:33.577174Z"}
{"event": "capability_draft_created", "level": "info", "logger": "app.research_web.capabilities.catalog", "timestamp": "2026-10-08T18:22:33.581228Z"}
{"event": "capability_checked", "level": "info", "logger": "app.research_web.capabilities.catalog", "timestamp": "2026-10-08T18:22:33.586787Z"}
{"event": "capability_native_projection_changed", "level": "info", "logger": "app.research_web.capabilities.catalog", "timestamp": "2026-10-08T18:22:33.593739Z"}
{"event": "capability_draft_created", "level": "info", "logger": "app.research_web.capabilities.catalog", "timestamp": "2026-10-08T18:22:33.598623Z"}
{"event": "capability_checked", "level": "info", "logger": "app.research_web.capabilities.catalog", "timestamp": "2026-10-08T18:22:33.604342Z"}
{"event": "capability_native_projection_changed", "level": "info", "logger": "app.research_web.capabilities.catalog", "timestamp": "2026-10-08T18:22:33.612018Z"}
{"event": "capability_draft_created", "level": "info", "logger": "app.research_web.capabilities.catalog", "timestamp": "2026-10-08T18:22:33.616712Z"}
{"event": "capability_checked", "level": "info", "logger": "app.research_web.capabilities.catalog", "timestamp": "2026-10-08T18:22:33.622376Z"}
{"event": "capability_native_projection_changed", "level": "info", "logger": "app.research_web.capabilities.catalog", "timestamp": "2026-10-08T18:22:33.629611Z"}
{"event": "capability_draft_created", "level": "info", "logger": "app.research_web.capabilities.catalog", "timestamp": "2026-10-08T18:22:33.634446Z"}
{"event": "capability_checked", "level": "info", "logger": "app.research_web.capabilities.catalog", "timestamp": "2026-10-08T18:22:33.639947Z"}
{"event": "capability_native_projection_changed", "level": "info", "logger": "app.research_web.capabilities.catalog", "timestamp": "2026-10-08T18:22:33.647594Z"}
{"event": "capability_draft_created", "level": "info", "logger": "app.research_web.capabilities.catalog", "timestamp": "2026-10-08T18:22:33.653588Z"}
{"event": "capability_checked", "level": "info", "logger": "app.research_web.capabilities.catalog", "timestamp": "2026-10-08T18:22:33.982077Z"}
{"event": "capability_native_projection_changed", "level": "info", "logger": "app.research_web.capabilities.catalog", "timestamp": "2026-10-08T18:22:33.992594Z"}
{"event": "capability_draft_created", "level": "info", "logger": "app.research_web.capabilities.catalog", "timestamp": "2026-10-08T18:22:34.000291Z"}
{"event": "capability_checked", "level": "info", "logger": "app.research_web.capabilities.catalog", "timestamp": "2026-10-08T18:22:34.284890Z"}
{"event": "capability_native_projection_changed", "level": "info", "logger": "app.research_web.capabilities.catalog", "timestamp": "2026-10-08T18:22:34.296837Z"}
{"event": "capability_draft_created", "level": "info", "logger": "app.research_web.capabilities.catalog", "timestamp": "2026-10-08T18:22:34.305727Z"}
{"event": "capability_checked", "level": "info", "logger": "app.research_web.capabilities.catalog", "timestamp": "2026-10-08T18:22:34.595926Z"}
{"event": "capability_native_projection_changed", "level": "info", "logger": "app.research_web.capabilities.catalog", "timestamp": "2026-10-08T18:22:34.609661Z"}
{"event": "capability_draft_created", "level": "info", "logger": "app.research_web.capabilities.catalog", "timestamp": "2026-10-08T18:22:34.620177Z"}
{"event": "capability_checked", "level": "info", "logger": "app.research_web.capabilities.catalog", "timestamp": "2026-10-08T18:22:34.905796Z"}
{"event": "capability_native_projection_changed", "level": "info", "logger": "app.research_web.capabilities.catalog", "timestamp": "2026-10-08T18:22:34.920289Z"}
{"event": "capability_draft_created", "level": "info", "logger": "app.research_web.capabilities.catalog", "timestamp": "2026-10-08T18:22:34.931912Z"}
{"event": "capability_checked", "level": "info", "logger": "app.research_web.capabilities.catalog", "timestamp": "2026-10-08T18:22:35.262315Z"}
{"event": "capability_native_projection_changed", "level": "info", "logger": "app.research_web.capabilities.catalog", "timestamp": "2026-10-08T18:22:35.278104Z"}
{"event": "capability_draft_created", "level": "info", "logger": "app.research_web.capabilities.catalog", "timestamp": "2026-10-08T18:22:35.291135Z"}
{"event": "capability_checked", "level": "info", "logger": "app.research_web.capabilities.catalog", "timestamp": "2026-10-08T18:22:35.580500Z"}
{"event": "capability_native_projection_changed", "level": "info", "logger": "app.research_web.capabilities.catalog", "timestamp": "2026-10-08T18:22:35.597678Z"}
{"event": "capability_draft_created", "level": "info", "logger": "app.research_web.capabilities.catalog", "timestamp": "2026-10-08T18:22:35.612429Z"}
{"event": "capability_checked", "level": "info", "logger": "app.research_web.capabilities.catalog", "timestamp": "2026-10-08T18:22:35.905822Z"}
{"event": "capability_native_projection_changed", "level": "info", "logger": "app.research_web.capabilities.catalog", "timestamp": "2026-10-08T18:22:35.924861Z"}
{"event": "capability_draft_created", "level": "info", "logger": "app.research_web.capabilities.catalog", "timestamp": "2026-10-08T18:22:35.941521Z"}
{"event": "capability_checked", "level": "info", "logger": "app.research_web.capabilities.catalog", "timestamp": "2026-10-08T18:22:36.235109Z"}
{"event": "capability_native_projection_changed", "level": "info", "logger": "app.research_web.capabilities.catalog", "timestamp": "2026-10-08T18:22:36.255215Z"}
{"event": "capability_draft_created", "level": "info", "logger": "app.research_web.capabilities.catalog", "timestamp": "2026-10-08T18:22:36.272334Z"}
{"event": "capability_checked", "level": "info", "logger": "app.research_web.capabilities.catalog", "timestamp": "2026-10-08T18:22:36.611676Z"}
{"event": "capability_native_projection_changed", "level": "info", "logger": "app.research_web.capabilities.catalog", "timestamp": "2026-10-08T18:22:36.633312Z"}
{"event": "capability_draft_created", "level": "info", "logger": "app.research_web.capabilities.catalog", "timestamp": "2026-10-08T18:22:36.652003Z"}
{"event": "capability_checked", "level": "info", "logger": "app.research_web.capabilities.catalog", "timestamp": "2026-10-08T18:22:36.946313Z"}
{"event": "capability_native_projection_changed", "level": "info", "logger": "app.research_web.capabilities.catalog", "timestamp": "2026-10-08T18:22:36.969510Z"}
{"event": "capability_draft_created", "level": "info", "logger": "app.research_web.capabilities.catalog", "timestamp": "2026-10-08T18:22:36.989876Z"}
{"event": "capability_checked", "level": "info", "logger": "app.research_web.capabilities.catalog", "timestamp": "2026-10-08T18:22:37.280652Z"}
{"event": "capability_native_projection_changed", "level": "info", "logger": "app.research_web.capabilities.catalog", "timestamp": "2026-10-08T18:22:37.305119Z"}
{"event": "capability_draft_created", "level": "info", "logger": "app.research_web.capabilities.catalog", "timestamp": "2026-10-08T18:22:37.339032Z"}
{"event": "capability_checked", "level": "info", "logger": "app.research_web.capabilities.catalog", "timestamp": "2026-10-08T18:22:37.626583Z"}
{"event": "capability_native_projection_changed", "level": "info", "logger": "app.research_web.capabilities.catalog", "timestamp": "2026-10-08T18:22:37.656732Z"}
{"event": "capability_draft_created", "level": "info", "logger": "app.research_web.capabilities.catalog", "timestamp": "2026-10-08T18:22:37.683028Z"}
{"event": "capability_checked", "level": "info", "logger": "app.research_web.capabilities.catalog", "timestamp": "2026-10-08T18:22:38.025232Z"}
{"event": "capability_native_projection_changed", "level": "info", "logger": "app.research_web.capabilities.catalog", "timestamp": "2026-10-08T18:22:38.051699Z"}
{"event": "capability_draft_created", "level": "info", "logger": "app.research_web.capabilities.catalog", "timestamp": "2026-10-08T18:22:38.075997Z"}
{"event": "capability_checked", "level": "info", "logger": "app.research_web.capabilities.catalog", "timestamp": "2026-10-08T18:22:38.373488Z"}
{"event": "capability_native_projection_changed", "level": "info", "logger": "app.research_web.capabilities.catalog", "timestamp": "2026-10-08T18:22:38.402123Z"}
{"event": "capability_draft_created", "level": "info", "logger": "app.research_web.capabilities.catalog", "timestamp": "2026-10-08T18:22:38.427398Z"}
{"event": "capability_checked", "level": "info", "logger": "app.research_web.capabilities.catalog", "timestamp": "2026-10-08T18:22:38.720033Z"}
{"event": "capability_native_projection_changed", "level": "info", "logger": "app.research_web.capabilities.catalog", "timestamp": "2026-10-08T18:22:38.749699Z"}
{"event": "capability_draft_created", "level": "info", "logger": "app.research_web.capabilities.catalog", "timestamp": "2026-10-08T18:22:38.776997Z"}
{"event": "capability_checked", "level": "info", "logger": "app.research_web.capabilities.catalog", "timestamp": "2026-10-08T18:22:39.144802Z"}
{"event": "capability_native_projection_changed", "level": "info", "logger": "app.research_web.capabilities.catalog", "timestamp": "2026-10-08T18:22:39.176764Z"}
{"event": "capability_draft_created", "level": "info", "logger": "app.research_web.capabilities.catalog", "timestamp": "2026-10-08T18:22:39.205711Z"}
{"event": "capability_checked", "level": "info", "logger": "app.research_web.capabilities.catalog", "timestamp": "2026-10-08T18:22:39.501035Z"}
{"event": "capability_native_projection_changed", "level": "info", "logger": "app.research_web.capabilities.catalog", "timestamp": "2026-10-08T18:22:39.533971Z"}
{"event": "capability_draft_created", "level": "info", "logger": "app.research_web.capabilities.catalog", "timestamp": "2026-10-08T18:22:39.564074Z"}
{"event": "capability_checked", "level": "info", "logger": "app.research_web.capabilities.catalog", "timestamp": "2026-10-08T18:22:39.861383Z"}
{"event": "capability_native_projection_changed", "level": "info", "logger": "app.research_web.capabilities.catalog", "timestamp": "2026-10-08T18:22:39.896192Z"}
{"event": "capability_draft_created", "level": "info", "logger": "app.research_web.capabilities.catalog", "timestamp": "2026-10-08T18:22:39.927834Z"}
{"event": "capability_checked", "level": "info", "logger": "app.research_web.capabilities.catalog", "timestamp": "2026-10-08T18:22:39.945905Z"}
{"event": "capability_native_projection_changed", "level": "info", "logger": "app.research_web.capabilities.catalog", "timestamp": "2026-10-08T18:22:39.978637Z"}
{"event": "capability_draft_created", "level": "info", "logger": "app.research_web.capabilities.catalog", "timestamp": "2026-10-08T18:22:40.009491Z"}
{"event": "capability_checked", "level": "info", "logger": "app.research_web.capabilities.catalog", "timestamp": "2026-10-08T18:22:40.028164Z"}
{"event": "capability_native_projection_changed", "level": "info", "logger": "app.research_web.capabilities.catalog", "timestamp": "2026-10-08T18:22:40.060112Z"}
{"event": "capability_draft_created", "level": "info", "logger": "app.research_web.capabilities.catalog", "timestamp": "2026-10-08T18:22:40.091244Z"}
{"event": "capability_checked", "level": "info", "logger": "app.research_web.capabilities.catalog", "timestamp": "2026-10-08T18:22:40.111372Z"}
{"event": "capability_native_projection_changed", "level": "info", "logger": "app.research_web.capabilities.catalog", "timestamp": "2026-10-08T18:22:40.144477Z"}
{"event": "capability_draft_created", "level": "info", "logger": "app.research_web.capabilities.catalog", "timestamp": "2026-10-08T18:22:40.176058Z"}
{"event": "capability_checked", "level": "info", "logger": "app.research_web.capabilities.catalog", "timestamp": "2026-10-08T18:22:40.194811Z"}
{"event": "capability_native_projection_changed", "level": "info", "logger": "app.research_web.capabilities.catalog", "timestamp": "2026-10-08T18:22:40.227922Z"}
{"event": "capability_draft_created", "level": "info", "logger": "app.research_web.capabilities.catalog", "timestamp": "2026-10-08T18:22:40.260095Z"}
{"event": "capability_checked", "level": "info", "logger": "app.research_web.capabilities.catalog", "timestamp": "2026-10-08T18:22:40.278623Z"}
{"event": "capability_native_projection_changed", "level": "info", "logger": "app.research_web.capabilities.catalog", "timestamp": "2026-10-08T18:22:40.312516Z"}
{"event": "capability_draft_created", "level": "info", "logger": "app.research_web.capabilities.catalog", "timestamp": "2026-10-08T18:22:40.345053Z"}
{"event": "capability_checked", "level": "info", "logger": "app.research_web.capabilities.catalog", "timestamp": "2026-10-08T18:22:40.367437Z"}
{"event": "capability_native_projection_changed", "level": "info", "logger": "app.research_web.capabilities.catalog", "timestamp": "2026-10-08T18:22:40.401327Z"}
{"event": "capability_draft_created", "level": "info", "logger": "app.research_web.capabilities.catalog", "timestamp": "2026-10-08T18:22:40.433424Z"}
{"event": "capability_checked", "level": "info", "logger": "app.research_web.capabilities.catalog", "timestamp": "2026-10-08T18:22:40.452299Z"}
{"event": "capability_native_projection_changed", "level": "info", "logger": "app.research_web.capabilities.catalog", "timestamp": "2026-10-08T18:22:40.485939Z"}
{"event": "capability_draft_created", "level": "info", "logger": "app.research_web.capabilities.catalog", "timestamp": "2026-10-08T18:22:40.518274Z"}
{"event": "capability_checked", "level": "info", "logger": "app.research_web.capabilities.catalog", "timestamp": "2026-10-08T18:22:40.537673Z"}
{"event": "capability_native_projection_changed", "level": "info", "logger": "app.research_web.capabilities.catalog", "timestamp": "2026-10-08T18:22:40.571467Z"}
{"event": "capability_draft_created", "level": "info", "logger": "app.research_web.capabilities.catalog", "timestamp": "2026-10-08T18:22:40.604179Z"}
{"event": "capability_checked", "level": "info", "logger": "app.research_web.capabilities.catalog", "timestamp": "2026-10-08T18:22:40.624044Z"}
{"event": "capability_native_projection_changed", "level": "info", "logger": "app.research_web.capabilities.catalog", "timestamp": "2026-10-08T18:22:40.658128Z"}
{"event": "capability_draft_created", "level": "info", "logger": "app.research_web.capabilities.catalog", "timestamp": "2026-10-08T18:22:40.690986Z"}
{"event": "capability_checked", "level": "info", "logger": "app.research_web.capabilities.catalog", "timestamp": "2026-10-08T18:22:40.710456Z"}
{"event": "capability_native_projection_changed", "level": "info", "logger": "app.research_web.capabilities.catalog", "timestamp": "2026-10-08T18:22:40.744850Z"}
{"event": "capability_draft_created", "level": "info", "logger": "app.research_web.capabilities.catalog", "timestamp": "2026-10-08T18:22:40.777799Z"}
{"event": "capability_checked", "level": "info", "logger": "app.research_web.capabilities.catalog", "timestamp": "2026-10-08T18:22:40.797614Z"}
{"event": "capability_native_projection_changed", "level": "info", "logger": "app.research_web.capabilities.catalog", "timestamp": "2026-10-08T18:22:40.832619Z"}
{"event": "capability_draft_created", "level": "info", "logger": "app.research_web.capabilities.catalog", "timestamp": "2026-10-08T18:22:40.865779Z"}
{"event": "capability_checked", "level": "info", "logger": "app.research_web.capabilities.catalog", "timestamp": "2026-10-08T18:22:40.885530Z"}
{"event": "capability_native_projection_changed", "level": "info", "logger": "app.research_web.capabilities.catalog", "timestamp": "2026-10-08T18:22:40.920514Z"}
{"event": "capability_draft_created", "level": "info", "logger": "app.research_web.capabilities.catalog", "timestamp": "2026-10-08T18:22:40.953507Z"}
{"event": "capability_checked", "level": "info", "logger": "app.research_web.capabilities.catalog", "timestamp": "2026-10-08T18:22:40.973118Z"}
{"event": "capability_native_projection_changed", "level": "info", "logger": "app.research_web.capabilities.catalog", "timestamp": "2026-10-08T18:22:41.008715Z"}
{"event": "capability_draft_created", "level": "info", "logger": "app.research_web.capabilities.catalog", "timestamp": "2026-10-08T18:22:41.042326Z"}
{"event": "capability_checked", "level": "info", "logger": "app.research_web.capabilities.catalog", "timestamp": "2026-10-08T18:22:41.062289Z"}
{"event": "capability_native_projection_changed", "level": "info", "logger": "app.research_web.capabilities.catalog", "timestamp": "2026-10-08T18:22:41.098403Z"}
{"event": "framework_runtime_started", "level": "info", "logger": "app.research_web.frameworks.service", "timestamp": "2026-10-08T18:22:41.241883Z"}
{"event": "mcp_registry_service_started", "level": "info", "logger": "app.research_web.mcp_registry.service", "timestamp": "2026-10-08T18:22:41.242000Z"}
{"event": "mcp_runtime_service_started", "level": "info", "logger": "app.research_web.mcp_runtime.service", "timestamp": "2026-10-08T18:22:41.242074Z"}
{"event": "Scheduler started", "level": "info", "logger": "apscheduler.scheduler", "timestamp": "2026-10-08T18:22:41.242677Z"}
{"event": "research_web_started", "level": "info", "logger": "app.research_web.main", "timestamp": "2026-10-08T18:22:41.242851Z"}
{"event": "report_workflow_draft_created", "level": "info", "logger": "app.research_web.report_workflows.catalog", "timestamp": "2026-10-08T18:22:41.285220Z"}
{"event": "HTTP Request: POST http://testserver/api/research/report-workflows \"HTTP/1.1 201 Created\"", "level": "info", "logger": "httpx2", "timestamp": "2026-10-08T18:22:41.288686Z"}
{"event": "report_workflow_resource_uploaded", "level": "info", "logger": "app.research_web.report_workflows.catalog", "timestamp": "2026-10-08T18:22:41.292025Z"}
{"event": "HTTP Request: POST http://testserver/api/research/report-workflows/weekly-report/resources \"HTTP/1.1 201 Created\"", "level": "info", "logger": "httpx2", "timestamp": "2026-10-08T18:22:41.293210Z"}
{"event": "report_workflow_version_created", "level": "info", "logger": "app.research_web.report_workflows.catalog", "timestamp": "2026-10-08T18:22:41.300835Z"}
{"event": "HTTP Request: POST http://testserver/api/research/report-workflows/weekly-report/versions \"HTTP/1.1 201 Created\"", "level": "info", "logger": "httpx2", "timestamp": "2026-10-08T18:22:41.302283Z"}
{"event": "report_workflow_version_published", "level": "info", "logger": "app.research_web.report_workflows.catalog", "timestamp": "2026-10-08T18:22:41.327436Z"}
{"event": "HTTP Request: POST http://testserver/api/research/report-workflows/weekly-report/versions/1/publish \"HTTP/1.1 200 OK\"", "level": "info", "logger": "httpx2", "timestamp": "2026-10-08T18:22:41.334589Z"}
{"event": "report_workflow_run_workspace_created", "level": "info", "logger": "app.research_web.report_workflows.catalog", "timestamp": "2026-10-08T18:22:41.362126Z"}
{"event": "HTTP Request: POST http://testserver/api/research/report-workflows/weekly-report/runs \"HTTP/1.1 202 Accepted\"", "level": "info", "logger": "httpx2", "timestamp": "2026-10-08T18:22:41.368099Z"}
{"event": "HTTP Request: GET http://testserver/api/research/report-runs/3bf46da720854c4fa950aa987cd7f3a1 \"HTTP/1.1 200 OK\"", "level": "info", "logger": "httpx2", "timestamp": "2026-10-08T18:22:41.370621Z"}
{"event": "report_snapshot_ready", "level": "info", "logger": "app.research_web.report_workflows.tooling", "timestamp": "2026-10-08T18:22:41.375355Z"}
{"event": "research_session_registered", "level": "info", "logger": "app.research_web.store", "timestamp": "2026-10-08T18:22:41.377258Z"}
{"event": "HTTP Request: GET http://testserver/api/research/report-runs/3bf46da720854c4fa950aa987cd7f3a1 \"HTTP/1.1 200 OK\"", "level": "info", "logger": "httpx2", "timestamp": "2026-10-08T18:22:41.385223Z"}
.{"event": "Scheduler has been shut down", "level": "info", "logger": "apscheduler.scheduler", "timestamp": "2026-10-08T18:22:41.386132Z"}
{"event": "framework_runtime_closed", "level": "info", "logger": "app.research_web.frameworks.service", "timestamp": "2026-10-08T18:22:41.386765Z"}
{"event": "capability_draft_created", "level": "info", "logger": "app.research_web.capabilities.catalog", "timestamp": "2026-10-08T18:22:41.416480Z"}
{"event": "capability_checked", "level": "info", "logger": "app.research_web.capabilities.catalog", "timestamp": "2026-10-08T18:22:41.421482Z"}
{"event": "capability_native_projection_changed", "level": "info", "logger": "app.research_web.capabilities.catalog", "timestamp": "2026-10-08T18:22:41.425980Z"}
{"event": "capability_draft_created", "level": "info", "logger": "app.research_web.capabilities.catalog", "timestamp": "2026-10-08T18:22:41.427248Z"}
{"event": "capability_checked", "level": "info", "logger": "app.research_web.capabilities.catalog", "timestamp": "2026-10-08T18:22:41.431889Z"}
{"event": "capability_native_projection_changed", "level": "info", "logger": "app.research_web.capabilities.catalog", "timestamp": "2026-10-08T18:22:41.436604Z"}
{"event": "capability_draft_created", "level": "info", "logger": "app.research_web.capabilities.catalog", "timestamp": "2026-10-08T18:22:41.438353Z"}
{"event": "capability_checked", "level": "info", "logger": "app.research_web.capabilities.catalog", "timestamp": "2026-10-08T18:22:41.443451Z"}
{"event": "capability_native_projection_changed", "level": "info", "logger": "app.research_web.capabilities.catalog", "timestamp": "2026-10-08T18:22:41.448427Z"}
{"event": "capability_draft_created", "level": "info", "logger": "app.research_web.capabilities.catalog", "timestamp": "2026-10-08T18:22:41.450152Z"}
{"event": "capability_checked", "level": "info", "logger": "app.research_web.capabilities.catalog", "timestamp": "2026-10-08T18:22:41.455391Z"}
{"event": "capability_native_projection_changed", "level": "info", "logger": "app.research_web.capabilities.catalog", "timestamp": "2026-10-08T18:22:41.460543Z"}
{"event": "capability_draft_created", "level": "info", "logger": "app.research_web.capabilities.catalog", "timestamp": "2026-10-08T18:22:41.462821Z"}
{"event": "capability_checked", "level": "info", "logger": "app.research_web.capabilities.catalog", "timestamp": "2026-10-08T18:22:41.469239Z"}
{"event": "capability_native_projection_changed", "level": "info", "logger": "app.research_web.capabilities.catalog", "timestamp": "2026-10-08T18:22:41.474685Z"}
{"event": "capability_draft_created", "level": "info", "logger": "app.research_web.capabilities.catalog", "timestamp": "2026-10-08T18:22:41.477040Z"}
{"event": "capability_checked", "level": "info", "logger": "app.research_web.capabilities.catalog", "timestamp": "2026-10-08T18:22:41.481766Z"}
{"event": "capability_native_projection_changed", "level": "info", "logger": "app.research_web.capabilities.catalog", "timestamp": "2026-10-08T18:22:41.487024Z"}
{"event": "capability_draft_created", "level": "info", "logger": "app.research_web.capabilities.catalog", "timestamp": "2026-10-08T18:22:41.490249Z"}
{"event": "capability_checked", "level": "info", "logger": "app.research_web.capabilities.catalog", "timestamp": "2026-10-08T18:22:41.514789Z"}
{"event": "capability_native_projection_changed", "level": "info", "logger": "app.research_web.capabilities.catalog", "timestamp": "2026-10-08T18:22:41.526999Z"}
{"event": "capability_draft_created", "level": "info", "logger": "app.research_web.capabilities.catalog", "timestamp": "2026-10-08T18:22:41.531765Z"}
{"event": "capability_checked", "level": "info", "logger": "app.research_web.capabilities.catalog", "timestamp": "2026-10-08T18:22:41.539380Z"}
{"event": "capability_native_projection_changed", "level": "info", "logger": "app.research_web.capabilities.catalog", "timestamp": "2026-10-08T18:22:41.546654Z"}
{"event": "capability_draft_created", "level": "info", "logger": "app.research_web.capabilities.catalog", "timestamp": "2026-10-08T18:22:41.551044Z"}
{"event": "capability_checked", "level": "info", "logger": "app.research_web.capabilities.catalog", "timestamp": "2026-10-08T18:22:41.556431Z"}
{"event": "capability_native_projection_changed", "level": "info", "logger": "app.research_web.capabilities.catalog", "timestamp": "2026-10-08T18:22:41.563343Z"}
{"event": "capability_draft_created", "level": "info", "logger": "app.research_web.capabilities.catalog", "timestamp": "2026-10-08T18:22:41.567871Z"}
{"event": "capability_checked", "level": "info", "logger": "app.research_web.capabilities.catalog", "timestamp": "2026-10-08T18:22:41.573235Z"}
{"event": "capability_native_projection_changed", "level": "info", "logger": "app.research_web.capabilities.catalog", "timestamp": "2026-10-08T18:22:41.580385Z"}
{"event": "capability_draft_created", "level": "info", "logger": "app.research_web.capabilities.catalog", "timestamp": "2026-10-08T18:22:41.585204Z"}
{"event": "capability_checked", "level": "info", "logger": "app.research_web.capabilities.catalog", "timestamp": "2026-10-08T18:22:41.590817Z"}
{"event": "capability_native_projection_changed", "level": "info", "logger": "app.research_web.capabilities.catalog", "timestamp": "2026-10-08T18:22:41.598236Z"}
{"event": "capability_draft_created", "level": "info", "logger": "app.research_web.capabilities.catalog", "timestamp": "2026-10-08T18:22:41.602968Z"}
{"event": "capability_checked", "level": "info", "logger": "app.research_web.capabilities.catalog", "timestamp": "2026-10-08T18:22:41.608969Z"}
{"event": "capability_native_projection_changed", "level": "info", "logger": "app.research_web.capabilities.catalog", "timestamp": "2026-10-08T18:22:41.616758Z"}
{"event": "capability_draft_created", "level": "info", "logger": "app.research_web.capabilities.catalog", "timestamp": "2026-10-08T18:22:41.622692Z"}
{"event": "capability_checked", "level": "info", "logger": "app.research_web.capabilities.catalog", "timestamp": "2026-10-08T18:22:41.952410Z"}
{"event": "capability_native_projection_changed", "level": "info", "logger": "app.research_web.capabilities.catalog", "timestamp": "2026-10-08T18:22:41.963029Z"}
{"event": "capability_draft_created", "level": "info", "logger": "app.research_web.capabilities.catalog", "timestamp": "2026-10-08T18:22:41.970636Z"}
{"event": "capability_checked", "level": "info", "logger": "app.research_web.capabilities.catalog", "timestamp": "2026-10-08T18:22:42.250677Z"}
{"event": "capability_native_projection_changed", "level": "info", "logger": "app.research_web.capabilities.catalog", "timestamp": "2026-10-08T18:22:42.262279Z"}
{"event": "capability_draft_created", "level": "info", "logger": "app.research_web.capabilities.catalog", "timestamp": "2026-10-08T18:22:42.271614Z"}
{"event": "capability_checked", "level": "info", "logger": "app.research_web.capabilities.catalog", "timestamp": "2026-10-08T18:22:42.573827Z"}
{"event": "capability_native_projection_changed", "level": "info", "logger": "app.research_web.capabilities.catalog", "timestamp": "2026-10-08T18:22:42.591383Z"}
{"event": "capability_draft_created", "level": "info", "logger": "app.research_web.capabilities.catalog", "timestamp": "2026-10-08T18:22:42.602021Z"}
{"event": "capability_checked", "level": "info", "logger": "app.research_web.capabilities.catalog", "timestamp": "2026-10-08T18:22:42.884041Z"}
{"event": "capability_native_projection_changed", "level": "info", "logger": "app.research_web.capabilities.catalog", "timestamp": "2026-10-08T18:22:42.899292Z"}
{"event": "capability_draft_created", "level": "info", "logger": "app.research_web.capabilities.catalog", "timestamp": "2026-10-08T18:22:42.910977Z"}
{"event": "capability_checked", "level": "info", "logger": "app.research_web.capabilities.catalog", "timestamp": "2026-10-08T18:22:43.241889Z"}
{"event": "capability_native_projection_changed", "level": "info", "logger": "app.research_web.capabilities.catalog", "timestamp": "2026-10-08T18:22:43.258391Z"}
{"event": "capability_draft_created", "level": "info", "logger": "app.research_web.capabilities.catalog", "timestamp": "2026-10-08T18:22:43.271504Z"}
{"event": "capability_checked", "level": "info", "logger": "app.research_web.capabilities.catalog", "timestamp": "2026-10-08T18:22:43.561144Z"}
{"event": "capability_native_projection_changed", "level": "info", "logger": "app.research_web.capabilities.catalog", "timestamp": "2026-10-08T18:22:43.583351Z"}
{"event": "capability_draft_created", "level": "info", "logger": "app.research_web.capabilities.catalog", "timestamp": "2026-10-08T18:22:43.598460Z"}
{"event": "capability_checked", "level": "info", "logger": "app.research_web.capabilities.catalog", "timestamp": "2026-10-08T18:22:43.886168Z"}
{"event": "capability_native_projection_changed", "level": "info", "logger": "app.research_web.capabilities.catalog", "timestamp": "2026-10-08T18:22:43.905375Z"}
{"event": "capability_draft_created", "level": "info", "logger": "app.research_web.capabilities.catalog", "timestamp": "2026-10-08T18:22:43.920973Z"}
{"event": "capability_checked", "level": "info", "logger": "app.research_web.capabilities.catalog", "timestamp": "2026-10-08T18:22:44.217206Z"}
{"event": "capability_native_projection_changed", "level": "info", "logger": "app.research_web.capabilities.catalog", "timestamp": "2026-10-08T18:22:44.237311Z"}
{"event": "capability_draft_created", "level": "info", "logger": "app.research_web.capabilities.catalog", "timestamp": "2026-10-08T18:22:44.254403Z"}
{"event": "capability_checked", "level": "info", "logger": "app.research_web.capabilities.catalog", "timestamp": "2026-10-08T18:22:44.590162Z"}
{"event": "capability_native_projection_changed", "level": "info", "logger": "app.research_web.capabilities.catalog", "timestamp": "2026-10-08T18:22:44.611905Z"}
{"event": "capability_draft_created", "level": "info", "logger": "app.research_web.capabilities.catalog", "timestamp": "2026-10-08T18:22:44.630527Z"}
{"event": "capability_checked", "level": "info", "logger": "app.research_web.capabilities.catalog", "timestamp": "2026-10-08T18:22:44.934661Z"}
{"event": "capability_native_projection_changed", "level": "info", "logger": "app.research_web.capabilities.catalog", "timestamp": "2026-10-08T18:22:44.957654Z"}
{"event": "capability_draft_created", "level": "info", "logger": "app.research_web.capabilities.catalog", "timestamp": "2026-10-08T18:22:44.977738Z"}
{"event": "capability_checked", "level": "info", "logger": "app.research_web.capabilities.catalog", "timestamp": "2026-10-08T18:22:45.268596Z"}
{"event": "capability_native_projection_changed", "level": "info", "logger": "app.research_web.capabilities.catalog", "timestamp": "2026-10-08T18:22:45.294096Z"}
{"event": "capability_draft_created", "level": "info", "logger": "app.research_web.capabilities.catalog", "timestamp": "2026-10-08T18:22:45.316161Z"}
{"event": "capability_checked", "level": "info", "logger": "app.research_web.capabilities.catalog", "timestamp": "2026-10-08T18:22:45.605185Z"}
{"event": "capability_native_projection_changed", "level": "info", "logger": "app.research_web.capabilities.catalog", "timestamp": "2026-10-08T18:22:45.631796Z"}
{"event": "capability_draft_created", "level": "info", "logger": "app.research_web.capabilities.catalog", "timestamp": "2026-10-08T18:22:45.655581Z"}
{"event": "capability_checked", "level": "info", "logger": "app.research_web.capabilities.catalog", "timestamp": "2026-10-08T18:22:46.004382Z"}
{"event": "capability_native_projection_changed", "level": "info", "logger": "app.research_web.capabilities.catalog", "timestamp": "2026-10-08T18:22:46.039658Z"}
{"event": "capability_draft_created", "level": "info", "logger": "app.research_web.capabilities.catalog", "timestamp": "2026-10-08T18:22:46.065317Z"}
{"event": "capability_checked", "level": "info", "logger": "app.research_web.capabilities.catalog", "timestamp": "2026-10-08T18:22:46.370391Z"}
{"event": "capability_native_projection_changed", "level": "info", "logger": "app.research_web.capabilities.catalog", "timestamp": "2026-10-08T18:22:46.398332Z"}
{"event": "capability_draft_created", "level": "info", "logger": "app.research_web.capabilities.catalog", "timestamp": "2026-10-08T18:22:46.423183Z"}
{"event": "capability_checked", "level": "info", "logger": "app.research_web.capabilities.catalog", "timestamp": "2026-10-08T18:22:46.715943Z"}
{"event": "capability_native_projection_changed", "level": "info", "logger": "app.research_web.capabilities.catalog", "timestamp": "2026-10-08T18:22:46.746195Z"}
{"event": "capability_draft_created", "level": "info", "logger": "app.research_web.capabilities.catalog", "timestamp": "2026-10-08T18:22:46.772673Z"}
{"event": "capability_checked", "level": "info", "logger": "app.research_web.capabilities.catalog", "timestamp": "2026-10-08T18:22:47.112029Z"}
{"event": "capability_native_projection_changed", "level": "info", "logger": "app.research_web.capabilities.catalog", "timestamp": "2026-10-08T18:22:47.143000Z"}
{"event": "capability_draft_created", "level": "info", "logger": "app.research_web.capabilities.catalog", "timestamp": "2026-10-08T18:22:47.177221Z"}
{"event": "capability_checked", "level": "info", "logger": "app.research_web.capabilities.catalog", "timestamp": "2026-10-08T18:22:47.474104Z"}
{"event": "capability_native_projection_changed", "level": "info", "logger": "app.research_web.capabilities.catalog", "timestamp": "2026-10-08T18:22:47.507534Z"}
{"event": "capability_draft_created", "level": "info", "logger": "app.research_web.capabilities.catalog", "timestamp": "2026-10-08T18:22:47.538188Z"}
{"event": "capability_checked", "level": "info", "logger": "app.research_web.capabilities.catalog", "timestamp": "2026-10-08T18:22:47.837803Z"}
{"event": "capability_native_projection_changed", "level": "info", "logger": "app.research_web.capabilities.catalog", "timestamp": "2026-10-08T18:22:47.875355Z"}
{"event": "capability_draft_created", "level": "info", "logger": "app.research_web.capabilities.catalog", "timestamp": "2026-10-08T18:22:47.908719Z"}
{"event": "capability_checked", "level": "info", "logger": "app.research_web.capabilities.catalog", "timestamp": "2026-10-08T18:22:47.927059Z"}
{"event": "capability_native_projection_changed", "level": "info", "logger": "app.research_web.capabilities.catalog", "timestamp": "2026-10-08T18:22:47.959591Z"}
{"event": "capability_draft_created", "level": "info", "logger": "app.research_web.capabilities.catalog", "timestamp": "2026-10-08T18:22:47.990299Z"}
{"event": "capability_checked", "level": "info", "logger": "app.research_web.capabilities.catalog", "timestamp": "2026-10-08T18:22:48.008675Z"}
{"event": "capability_native_projection_changed", "level": "info", "logger": "app.research_web.capabilities.catalog", "timestamp": "2026-10-08T18:22:48.041049Z"}
{"event": "capability_draft_created", "level": "info", "logger": "app.research_web.capabilities.catalog", "timestamp": "2026-10-08T18:22:48.075091Z"}
{"event": "capability_checked", "level": "info", "logger": "app.research_web.capabilities.catalog", "timestamp": "2026-10-08T18:22:48.099714Z"}
{"event": "capability_native_projection_changed", "level": "info", "logger": "app.research_web.capabilities.catalog", "timestamp": "2026-10-08T18:22:48.132503Z"}
{"event": "capability_draft_created", "level": "info", "logger": "app.research_web.capabilities.catalog", "timestamp": "2026-10-08T18:22:48.163744Z"}
{"event": "capability_checked", "level": "info", "logger": "app.research_web.capabilities.catalog", "timestamp": "2026-10-08T18:22:48.182741Z"}
{"event": "capability_native_projection_changed", "level": "info", "logger": "app.research_web.capabilities.catalog", "timestamp": "2026-10-08T18:22:48.215642Z"}
{"event": "capability_draft_created", "level": "info", "logger": "app.research_web.capabilities.catalog", "timestamp": "2026-10-08T18:22:48.256657Z"}
{"event": "capability_checked", "level": "info", "logger": "app.research_web.capabilities.catalog", "timestamp": "2026-10-08T18:22:48.275433Z"}
{"event": "capability_native_projection_changed", "level": "info", "logger": "app.research_web.capabilities.catalog", "timestamp": "2026-10-08T18:22:48.308833Z"}
{"event": "capability_draft_created", "level": "info", "logger": "app.research_web.capabilities.catalog", "timestamp": "2026-10-08T18:22:48.341174Z"}
{"event": "capability_checked", "level": "info", "logger": "app.research_web.capabilities.catalog", "timestamp": "2026-10-08T18:22:48.360075Z"}
{"event": "capability_native_projection_changed", "level": "info", "logger": "app.research_web.capabilities.catalog", "timestamp": "2026-10-08T18:22:48.393375Z"}
{"event": "capability_draft_created", "level": "info", "logger": "app.research_web.capabilities.catalog", "timestamp": "2026-10-08T18:22:48.424862Z"}
{"event": "capability_checked", "level": "info", "logger": "app.research_web.capabilities.catalog", "timestamp": "2026-10-08T18:22:48.444158Z"}
{"event": "capability_native_projection_changed", "level": "info", "logger": "app.research_web.capabilities.catalog", "timestamp": "2026-10-08T18:22:48.478317Z"}
{"event": "capability_draft_created", "level": "info", "logger": "app.research_web.capabilities.catalog", "timestamp": "2026-10-08T18:22:48.510656Z"}
{"event": "capability_checked", "level": "info", "logger": "app.research_web.capabilities.catalog", "timestamp": "2026-10-08T18:22:48.529691Z"}
{"event": "capability_native_projection_changed", "level": "info", "logger": "app.research_web.capabilities.catalog", "timestamp": "2026-10-08T18:22:48.563535Z"}
{"event": "capability_draft_created", "level": "info", "logger": "app.research_web.capabilities.catalog", "timestamp": "2026-10-08T18:22:48.596420Z"}
{"event": "capability_checked", "level": "info", "logger": "app.research_web.capabilities.catalog", "timestamp": "2026-10-08T18:22:48.615859Z"}
{"event": "capability_native_projection_changed", "level": "info", "logger": "app.research_web.capabilities.catalog", "timestamp": "2026-10-08T18:22:48.650297Z"}
{"event": "capability_draft_created", "level": "info", "logger": "app.research_web.capabilities.catalog", "timestamp": "2026-10-08T18:22:48.683406Z"}
{"event": "capability_checked", "level": "info", "logger": "app.research_web.capabilities.catalog", "timestamp": "2026-10-08T18:22:48.703919Z"}
{"event": "capability_native_projection_changed", "level": "info", "logger": "app.research_web.capabilities.catalog", "timestamp": "2026-10-08T18:22:48.739881Z"}
{"event": "capability_draft_created", "level": "info", "logger": "app.research_web.capabilities.catalog", "timestamp": "2026-10-08T18:22:48.773157Z"}
{"event": "capability_checked", "level": "info", "logger": "app.research_web.capabilities.catalog", "timestamp": "2026-10-08T18:22:48.793042Z"}
{"event": "capability_native_projection_changed", "level": "info", "logger": "app.research_web.capabilities.catalog", "timestamp": "2026-10-08T18:22:48.829915Z"}
{"event": "capability_draft_created", "level": "info", "logger": "app.research_web.capabilities.catalog", "timestamp": "2026-10-08T18:22:48.863286Z"}
{"event": "capability_checked", "level": "info", "logger": "app.research_web.capabilities.catalog", "timestamp": "2026-10-08T18:22:48.883176Z"}
{"event": "capability_native_projection_changed", "level": "info", "logger": "app.research_web.capabilities.catalog", "timestamp": "2026-10-08T18:22:48.922437Z"}
{"event": "capability_draft_created", "level": "info", "logger": "app.research_web.capabilities.catalog", "timestamp": "2026-10-08T18:22:48.956026Z"}
{"event": "capability_checked", "level": "info", "logger": "app.research_web.capabilities.catalog", "timestamp": "2026-10-08T18:22:48.976771Z"}
{"event": "capability_native_projection_changed", "level": "info", "logger": "app.research_web.capabilities.catalog", "timestamp": "2026-10-08T18:22:49.013601Z"}
{"event": "capability_draft_created", "level": "info", "logger": "app.research_web.capabilities.catalog", "timestamp": "2026-10-08T18:22:49.049468Z"}
{"event": "capability_checked", "level": "info", "logger": "app.research_web.capabilities.catalog", "timestamp": "2026-10-08T18:22:49.070369Z"}
{"event": "capability_native_projection_changed", "level": "info", "logger": "app.research_web.capabilities.catalog", "timestamp": "2026-10-08T18:22:49.110116Z"}
{"event": "framework_runtime_started", "level": "info", "logger": "app.research_web.frameworks.service", "timestamp": "2026-10-08T18:22:49.248499Z"}
{"event": "mcp_registry_service_started", "level": "info", "logger": "app.research_web.mcp_registry.service", "timestamp": "2026-10-08T18:22:49.248619Z"}
{"event": "mcp_runtime_service_started", "level": "info", "logger": "app.research_web.mcp_runtime.service", "timestamp": "2026-10-08T18:22:49.248693Z"}
{"event": "Scheduler started", "level": "info", "logger": "apscheduler.scheduler", "timestamp": "2026-10-08T18:22:49.249298Z"}
{"event": "research_web_started", "level": "info", "logger": "app.research_web.main", "timestamp": "2026-10-08T18:22:49.249423Z"}
{"event": "report_workflow_draft_created", "level": "info", "logger": "app.research_web.report_workflows.catalog", "timestamp": "2026-10-08T18:22:49.295387Z"}
{"event": "HTTP Request: POST http://testserver/api/research/report-workflows \"HTTP/1.1 201 Created\"", "level": "info", "logger": "httpx2", "timestamp": "2026-10-08T18:22:49.299014Z"}
{"event": "report_workflow_resource_uploaded", "level": "info", "logger": "app.research_web.report_workflows.catalog", "timestamp": "2026-10-08T18:22:49.302058Z"}
{"event": "HTTP Request: POST http://testserver/api/research/report-workflows/weekly-report/resources \"HTTP/1.1 201 Created\"", "level": "info", "logger": "httpx2", "timestamp": "2026-10-08T18:22:49.303067Z"}
{"event": "report_workflow_version_created", "level": "info", "logger": "app.research_web.report_workflows.catalog", "timestamp": "2026-10-08T18:22:49.310718Z"}
{"event": "HTTP Request: POST http://testserver/api/research/report-workflows/weekly-report/versions \"HTTP/1.1 201 Created\"", "level": "info", "logger": "httpx2", "timestamp": "2026-10-08T18:22:49.312017Z"}
{"event": "report_workflow_version_published", "level": "info", "logger": "app.research_web.report_workflows.catalog", "timestamp": "2026-10-08T18:22:49.337071Z"}
{"event": "HTTP Request: POST http://testserver/api/research/report-workflows/weekly-report/versions/1/publish \"HTTP/1.1 200 OK\"", "level": "info", "logger": "httpx2", "timestamp": "2026-10-08T18:22:49.344226Z"}
.{"event": "Scheduler has been shut down", "level": "info", "logger": "apscheduler.scheduler", "timestamp": "2026-10-08T18:22:49.357445Z"}
{"event": "framework_runtime_closed", "level": "info", "logger": "app.research_web.frameworks.service", "timestamp": "2026-10-08T18:22:49.358229Z"}
{"event": "capability_draft_created", "level": "info", "logger": "app.research_web.capabilities.catalog", "timestamp": "2026-10-08T18:22:49.388471Z"}
{"event": "capability_checked", "level": "info", "logger": "app.research_web.capabilities.catalog", "timestamp": "2026-10-08T18:22:49.393547Z"}
{"event": "capability_native_projection_changed", "level": "info", "logger": "app.research_web.capabilities.catalog", "timestamp": "2026-10-08T18:22:49.398152Z"}
{"event": "capability_draft_created", "level": "info", "logger": "app.research_web.capabilities.catalog", "timestamp": "2026-10-08T18:22:49.399727Z"}
{"event": "capability_checked", "level": "info", "logger": "app.research_web.capabilities.catalog", "timestamp": "2026-10-08T18:22:49.404791Z"}
{"event": "capability_native_projection_changed", "level": "info", "logger": "app.research_web.capabilities.catalog", "timestamp": "2026-10-08T18:22:49.410091Z"}
{"event": "capability_draft_created", "level": "info", "logger": "app.research_web.capabilities.catalog", "timestamp": "2026-10-08T18:22:49.411886Z"}
{"event": "capability_checked", "level": "info", "logger": "app.research_web.capabilities.catalog", "timestamp": "2026-10-08T18:22:49.417776Z"}
{"event": "capability_native_projection_changed", "level": "info", "logger": "app.research_web.capabilities.catalog", "timestamp": "2026-10-08T18:22:49.422714Z"}
{"event": "capability_draft_created", "level": "info", "logger": "app.research_web.capabilities.catalog", "timestamp": "2026-10-08T18:22:49.424582Z"}
{"event": "capability_checked", "level": "info", "logger": "app.research_web.capabilities.catalog", "timestamp": "2026-10-08T18:22:49.429753Z"}
{"event": "capability_native_projection_changed", "level": "info", "logger": "app.research_web.capabilities.catalog", "timestamp": "2026-10-08T18:22:49.435002Z"}
{"event": "capability_draft_created", "level": "info", "logger": "app.research_web.capabilities.catalog", "timestamp": "2026-10-08T18:22:49.437352Z"}
{"event": "capability_checked", "level": "info", "logger": "app.research_web.capabilities.catalog", "timestamp": "2026-10-08T18:22:49.443660Z"}
{"event": "capability_native_projection_changed", "level": "info", "logger": "app.research_web.capabilities.catalog", "timestamp": "2026-10-08T18:22:49.449394Z"}
{"event": "capability_draft_created", "level": "info", "logger": "app.research_web.capabilities.catalog", "timestamp": "2026-10-08T18:22:49.451838Z"}
{"event": "capability_checked", "level": "info", "logger": "app.research_web.capabilities.catalog", "timestamp": "2026-10-08T18:22:49.456127Z"}
{"event": "capability_native_projection_changed", "level": "info", "logger": "app.research_web.capabilities.catalog", "timestamp": "2026-10-08T18:22:49.461288Z"}
{"event": "capability_draft_created", "level": "info", "logger": "app.research_web.capabilities.catalog", "timestamp": "2026-10-08T18:22:49.464438Z"}
{"event": "capability_checked", "level": "info", "logger": "app.research_web.capabilities.catalog", "timestamp": "2026-10-08T18:22:49.488753Z"}
{"event": "capability_native_projection_changed", "level": "info", "logger": "app.research_web.capabilities.catalog", "timestamp": "2026-10-08T18:22:49.503417Z"}
{"event": "capability_draft_created", "level": "info", "logger": "app.research_web.capabilities.catalog", "timestamp": "2026-10-08T18:22:49.507309Z"}
{"event": "capability_checked", "level": "info", "logger": "app.research_web.capabilities.catalog", "timestamp": "2026-10-08T18:22:49.512581Z"}
{"event": "capability_native_projection_changed", "level": "info", "logger": "app.research_web.capabilities.catalog", "timestamp": "2026-10-08T18:22:49.519367Z"}
{"event": "capability_draft_created", "level": "info", "logger": "app.research_web.capabilities.catalog", "timestamp": "2026-10-08T18:22:49.523298Z"}
{"event": "capability_checked", "level": "info", "logger": "app.research_web.capabilities.catalog", "timestamp": "2026-10-08T18:22:49.528635Z"}
{"event": "capability_native_projection_changed", "level": "info", "logger": "app.research_web.capabilities.catalog", "timestamp": "2026-10-08T18:22:49.535527Z"}
{"event": "capability_draft_created", "level": "info", "logger": "app.research_web.capabilities.catalog", "timestamp": "2026-10-08T18:22:49.540352Z"}
{"event": "capability_checked", "level": "info", "logger": "app.research_web.capabilities.catalog", "timestamp": "2026-10-08T18:22:49.545885Z"}
{"event": "capability_native_projection_changed", "level": "info", "logger": "app.research_web.capabilities.catalog", "timestamp": "2026-10-08T18:22:49.553120Z"}
{"event": "capability_draft_created", "level": "info", "logger": "app.research_web.capabilities.catalog", "timestamp": "2026-10-08T18:22:49.557614Z"}
{"event": "capability_checked", "level": "info", "logger": "app.research_web.capabilities.catalog", "timestamp": "2026-10-08T18:22:49.563003Z"}
{"event": "capability_native_projection_changed", "level": "info", "logger": "app.research_web.capabilities.catalog", "timestamp": "2026-10-08T18:22:49.570731Z"}
{"event": "capability_draft_created", "level": "info", "logger": "app.research_web.capabilities.catalog", "timestamp": "2026-10-08T18:22:49.575552Z"}
{"event": "capability_checked", "level": "info", "logger": "app.research_web.capabilities.catalog", "timestamp": "2026-10-08T18:22:49.581268Z"}
{"event": "capability_native_projection_changed", "level": "info", "logger": "app.research_web.capabilities.catalog", "timestamp": "2026-10-08T18:22:49.588797Z"}
{"event": "capability_draft_created", "level": "info", "logger": "app.research_web.capabilities.catalog", "timestamp": "2026-10-08T18:22:49.595200Z"}
{"event": "capability_checked", "level": "info", "logger": "app.research_web.capabilities.catalog", "timestamp": "2026-10-08T18:22:49.928273Z"}
{"event": "capability_native_projection_changed", "level": "info", "logger": "app.research_web.capabilities.catalog", "timestamp": "2026-10-08T18:22:49.939204Z"}
{"event": "capability_draft_created", "level": "info", "logger": "app.research_web.capabilities.catalog", "timestamp": "2026-10-08T18:22:49.946915Z"}
{"event": "capability_checked", "level": "info", "logger": "app.research_web.capabilities.catalog", "timestamp": "2026-10-08T18:22:50.230504Z"}
{"event": "capability_native_projection_changed", "level": "info", "logger": "app.research_web.capabilities.catalog", "timestamp": "2026-10-08T18:22:50.242464Z"}
{"event": "capability_draft_created", "level": "info", "logger": "app.research_web.capabilities.catalog", "timestamp": "2026-10-08T18:22:50.254808Z"}
{"event": "capability_checked", "level": "info", "logger": "app.research_web.capabilities.catalog", "timestamp": "2026-10-08T18:22:50.586784Z"}
{"event": "capability_native_projection_changed", "level": "info", "logger": "app.research_web.capabilities.catalog", "timestamp": "2026-10-08T18:22:50.600277Z"}
{"event": "capability_draft_created", "level": "info", "logger": "app.research_web.capabilities.catalog", "timestamp": "2026-10-08T18:22:50.610870Z"}
{"event": "capability_checked", "level": "info", "logger": "app.research_web.capabilities.catalog", "timestamp": "2026-10-08T18:22:50.895242Z"}
{"event": "capability_native_projection_changed", "level": "info", "logger": "app.research_web.capabilities.catalog", "timestamp": "2026-10-08T18:22:50.909497Z"}
{"event": "capability_draft_created", "level": "info", "logger": "app.research_web.capabilities.catalog", "timestamp": "2026-10-08T18:22:50.921334Z"}
{"event": "capability_checked", "level": "info", "logger": "app.research_web.capabilities.catalog", "timestamp": "2026-10-08T18:22:51.248728Z"}
{"event": "capability_native_projection_changed", "level": "info", "logger": "app.research_web.capabilities.catalog", "timestamp": "2026-10-08T18:22:51.264445Z"}
{"event": "capability_draft_created", "level": "info", "logger": "app.research_web.capabilities.catalog", "timestamp": "2026-10-08T18:22:51.277091Z"}
{"event": "capability_checked", "level": "info", "logger": "app.research_web.capabilities.catalog", "timestamp": "2026-10-08T18:22:51.563969Z"}
{"event": "capability_native_projection_changed", "level": "info", "logger": "app.research_web.capabilities.catalog", "timestamp": "2026-10-08T18:22:51.581554Z"}
{"event": "capability_draft_created", "level": "info", "logger": "app.research_web.capabilities.catalog", "timestamp": "2026-10-08T18:22:51.596213Z"}
{"event": "capability_checked", "level": "info", "logger": "app.research_web.capabilities.catalog", "timestamp": "2026-10-08T18:22:51.887712Z"}
{"event": "capability_native_projection_changed", "level": "info", "logger": "app.research_web.capabilities.catalog", "timestamp": "2026-10-08T18:22:51.906470Z"}
{"event": "capability_draft_created", "level": "info", "logger": "app.research_web.capabilities.catalog", "timestamp": "2026-10-08T18:22:51.921965Z"}
{"event": "capability_checked", "level": "info", "logger": "app.research_web.capabilities.catalog", "timestamp": "2026-10-08T18:22:52.213503Z"}
{"event": "capability_native_projection_changed", "level": "info", "logger": "app.research_web.capabilities.catalog", "timestamp": "2026-10-08T18:22:52.233418Z"}
{"event": "capability_draft_created", "level": "info", "logger": "app.research_web.capabilities.catalog", "timestamp": "2026-10-08T18:22:52.250614Z"}
{"event": "capability_checked", "level": "info", "logger": "app.research_web.capabilities.catalog", "timestamp": "2026-10-08T18:22:52.541476Z"}
{"event": "capability_native_projection_changed", "level": "info", "logger": "app.research_web.capabilities.catalog", "timestamp": "2026-10-08T18:22:52.563724Z"}
{"event": "capability_draft_created", "level": "info", "logger": "app.research_web.capabilities.catalog", "timestamp": "2026-10-08T18:22:52.582270Z"}
{"event": "capability_checked", "level": "info", "logger": "app.research_web.capabilities.catalog", "timestamp": "2026-10-08T18:22:52.924658Z"}
{"event": "capability_native_projection_changed", "level": "info", "logger": "app.research_web.capabilities.catalog", "timestamp": "2026-10-08T18:22:52.947774Z"}
{"event": "capability_draft_created", "level": "info", "logger": "app.research_web.capabilities.catalog", "timestamp": "2026-10-08T18:22:52.967813Z"}
{"event": "capability_checked", "level": "info", "logger": "app.research_web.capabilities.catalog", "timestamp": "2026-10-08T18:22:53.265392Z"}
{"event": "capability_native_projection_changed", "level": "info", "logger": "app.research_web.capabilities.catalog", "timestamp": "2026-10-08T18:22:53.292825Z"}
{"event": "capability_draft_created", "level": "info", "logger": "app.research_web.capabilities.catalog", "timestamp": "2026-10-08T18:22:53.314246Z"}
{"event": "capability_checked", "level": "info", "logger": "app.research_web.capabilities.catalog", "timestamp": "2026-10-08T18:22:53.602659Z"}
{"event": "capability_native_projection_changed", "level": "info", "logger": "app.research_web.capabilities.catalog", "timestamp": "2026-10-08T18:22:53.629818Z"}
{"event": "capability_draft_created", "level": "info", "logger": "app.research_web.capabilities.catalog", "timestamp": "2026-10-08T18:22:53.652237Z"}
{"event": "capability_checked", "level": "info", "logger": "app.research_web.capabilities.catalog", "timestamp": "2026-10-08T18:22:53.985500Z"}
{"event": "capability_native_projection_changed", "level": "info", "logger": "app.research_web.capabilities.catalog", "timestamp": "2026-10-08T18:22:54.012584Z"}
{"event": "capability_draft_created", "level": "info", "logger": "app.research_web.capabilities.catalog", "timestamp": "2026-10-08T18:22:54.037146Z"}
{"event": "capability_checked", "level": "info", "logger": "app.research_web.capabilities.catalog", "timestamp": "2026-10-08T18:22:54.332085Z"}
{"event": "capability_native_projection_changed", "level": "info", "logger": "app.research_web.capabilities.catalog", "timestamp": "2026-10-08T18:22:54.360452Z"}
{"event": "capability_draft_created", "level": "info", "logger": "app.research_web.capabilities.catalog", "timestamp": "2026-10-08T18:22:54.385597Z"}
{"event": "capability_checked", "level": "info", "logger": "app.research_web.capabilities.catalog", "timestamp": "2026-10-08T18:22:54.682661Z"}
{"event": "capability_native_projection_changed", "level": "info", "logger": "app.research_web.capabilities.catalog", "timestamp": "2026-10-08T18:22:54.714651Z"}
{"event": "capability_draft_created", "level": "info", "logger": "app.research_web.capabilities.catalog", "timestamp": "2026-10-08T18:22:54.742876Z"}
{"event": "capability_checked", "level": "info", "logger": "app.research_web.capabilities.catalog", "timestamp": "2026-10-08T18:22:55.084800Z"}
{"event": "capability_native_projection_changed", "level": "info", "logger": "app.research_web.capabilities.catalog", "timestamp": "2026-10-08T18:22:55.117278Z"}
{"event": "capability_draft_created", "level": "info", "logger": "app.research_web.capabilities.catalog", "timestamp": "2026-10-08T18:22:55.146339Z"}
{"event": "capability_checked", "level": "info", "logger": "app.research_web.capabilities.catalog", "timestamp": "2026-10-08T18:22:55.442750Z"}
{"event": "capability_native_projection_changed", "level": "info", "logger": "app.research_web.capabilities.catalog", "timestamp": "2026-10-08T18:22:55.477501Z"}
{"event": "capability_draft_created", "level": "info", "logger": "app.research_web.capabilities.catalog", "timestamp": "2026-10-08T18:22:55.508294Z"}
{"event": "capability_checked", "level": "info", "logger": "app.research_web.capabilities.catalog", "timestamp": "2026-10-08T18:22:55.810580Z"}
{"event": "capability_native_projection_changed", "level": "info", "logger": "app.research_web.capabilities.catalog", "timestamp": "2026-10-08T18:22:55.847194Z"}
{"event": "capability_draft_created", "level": "info", "logger": "app.research_web.capabilities.catalog", "timestamp": "2026-10-08T18:22:55.879248Z"}
{"event": "capability_checked", "level": "info", "logger": "app.research_web.capabilities.catalog", "timestamp": "2026-10-08T18:22:55.898175Z"}
{"event": "capability_native_projection_changed", "level": "info", "logger": "app.research_web.capabilities.catalog", "timestamp": "2026-10-08T18:22:55.930714Z"}
{"event": "capability_draft_created", "level": "info", "logger": "app.research_web.capabilities.catalog", "timestamp": "2026-10-08T18:22:55.962385Z"}
{"event": "capability_checked", "level": "info", "logger": "app.research_web.capabilities.catalog", "timestamp": "2026-10-08T18:22:55.982134Z"}
{"event": "capability_native_projection_changed", "level": "info", "logger": "app.research_web.capabilities.catalog", "timestamp": "2026-10-08T18:22:56.015529Z"}
{"event": "capability_draft_created", "level": "info", "logger": "app.research_web.capabilities.catalog", "timestamp": "2026-10-08T18:22:56.047621Z"}
{"event": "capability_checked", "level": "info", "logger": "app.research_web.capabilities.catalog", "timestamp": "2026-10-08T18:22:56.066629Z"}
{"event": "capability_native_projection_changed", "level": "info", "logger": "app.research_web.capabilities.catalog", "timestamp": "2026-10-08T18:22:56.102739Z"}
{"event": "capability_draft_created", "level": "info", "logger": "app.research_web.capabilities.catalog", "timestamp": "2026-10-08T18:22:56.134877Z"}
{"event": "capability_checked", "level": "info", "logger": "app.research_web.capabilities.catalog", "timestamp": "2026-10-08T18:22:56.154496Z"}
{"event": "capability_native_projection_changed", "level": "info", "logger": "app.research_web.capabilities.catalog", "timestamp": "2026-10-08T18:22:56.188422Z"}
{"event": "capability_draft_created", "level": "info", "logger": "app.research_web.capabilities.catalog", "timestamp": "2026-10-08T18:22:56.220803Z"}
{"event": "capability_checked", "level": "info", "logger": "app.research_web.capabilities.catalog", "timestamp": "2026-10-08T18:22:56.240040Z"}
{"event": "capability_native_projection_changed", "level": "info", "logger": "app.research_web.capabilities.catalog", "timestamp": "2026-10-08T18:22:56.273689Z"}
{"event": "capability_draft_created", "level": "info", "logger": "app.research_web.capabilities.catalog", "timestamp": "2026-10-08T18:22:56.306708Z"}
{"event": "capability_checked", "level": "info", "logger": "app.research_web.capabilities.catalog", "timestamp": "2026-10-08T18:22:56.326501Z"}
{"event": "capability_native_projection_changed", "level": "info", "logger": "app.research_web.capabilities.catalog", "timestamp": "2026-10-08T18:22:56.361547Z"}
{"event": "capability_draft_created", "level": "info", "logger": "app.research_web.capabilities.catalog", "timestamp": "2026-10-08T18:22:56.394290Z"}
{"event": "capability_checked", "level": "info", "logger": "app.research_web.capabilities.catalog", "timestamp": "2026-10-08T18:22:56.413591Z"}
{"event": "capability_native_projection_changed", "level": "info", "logger": "app.research_web.capabilities.catalog", "timestamp": "2026-10-08T18:22:56.447285Z"}
{"event": "capability_draft_created", "level": "info", "logger": "app.research_web.capabilities.catalog", "timestamp": "2026-10-08T18:22:56.479949Z"}
{"event": "capability_checked", "level": "info", "logger": "app.research_web.capabilities.catalog", "timestamp": "2026-10-08T18:22:56.499392Z"}
{"event": "capability_native_projection_changed", "level": "info", "logger": "app.research_web.capabilities.catalog", "timestamp": "2026-10-08T18:22:56.534077Z"}
{"event": "capability_draft_created", "level": "info", "logger": "app.research_web.capabilities.catalog", "timestamp": "2026-10-08T18:22:56.567281Z"}
{"event": "capability_checked", "level": "info", "logger": "app.research_web.capabilities.catalog", "timestamp": "2026-10-08T18:22:56.587259Z"}
{"event": "capability_native_projection_changed", "level": "info", "logger": "app.research_web.capabilities.catalog", "timestamp": "2026-10-08T18:22:56.622175Z"}
{"event": "capability_draft_created", "level": "info", "logger": "app.research_web.capabilities.catalog", "timestamp": "2026-10-08T18:22:56.655520Z"}
{"event": "capability_checked", "level": "info", "logger": "app.research_web.capabilities.catalog", "timestamp": "2026-10-08T18:22:56.676409Z"}
{"event": "capability_native_projection_changed", "level": "info", "logger": "app.research_web.capabilities.catalog", "timestamp": "2026-10-08T18:22:56.712564Z"}
{"event": "capability_draft_created", "level": "info", "logger": "app.research_web.capabilities.catalog", "timestamp": "2026-10-08T18:22:56.746218Z"}
{"event": "capability_checked", "level": "info", "logger": "app.research_web.capabilities.catalog", "timestamp": "2026-10-08T18:22:56.765907Z"}
{"event": "capability_native_projection_changed", "level": "info", "logger": "app.research_web.capabilities.catalog", "timestamp": "2026-10-08T18:22:56.800564Z"}
{"event": "capability_draft_created", "level": "info", "logger": "app.research_web.capabilities.catalog", "timestamp": "2026-10-08T18:22:56.834624Z"}
{"event": "capability_checked", "level": "info", "logger": "app.research_web.capabilities.catalog", "timestamp": "2026-10-08T18:22:56.856429Z"}
{"event": "capability_native_projection_changed", "level": "info", "logger": "app.research_web.capabilities.catalog", "timestamp": "2026-10-08T18:22:56.891512Z"}
{"event": "capability_draft_created", "level": "info", "logger": "app.research_web.capabilities.catalog", "timestamp": "2026-10-08T18:22:56.925470Z"}
{"event": "capability_checked", "level": "info", "logger": "app.research_web.capabilities.catalog", "timestamp": "2026-10-08T18:22:56.945504Z"}
{"event": "capability_native_projection_changed", "level": "info", "logger": "app.research_web.capabilities.catalog", "timestamp": "2026-10-08T18:22:56.980183Z"}
{"event": "capability_draft_created", "level": "info", "logger": "app.research_web.capabilities.catalog", "timestamp": "2026-10-08T18:22:57.014109Z"}
{"event": "capability_checked", "level": "info", "logger": "app.research_web.capabilities.catalog", "timestamp": "2026-10-08T18:22:57.034389Z"}
{"event": "capability_native_projection_changed", "level": "info", "logger": "app.research_web.capabilities.catalog", "timestamp": "2026-10-08T18:22:57.069817Z"}
{"event": "framework_runtime_started", "level": "info", "logger": "app.research_web.frameworks.service", "timestamp": "2026-10-08T18:22:57.202688Z"}
{"event": "mcp_registry_service_started", "level": "info", "logger": "app.research_web.mcp_registry.service", "timestamp": "2026-10-08T18:22:57.202813Z"}
{"event": "mcp_runtime_service_started", "level": "info", "logger": "app.research_web.mcp_runtime.service", "timestamp": "2026-10-08T18:22:57.202887Z"}
{"event": "Scheduler started", "level": "info", "logger": "apscheduler.scheduler", "timestamp": "2026-10-08T18:22:57.203638Z"}
{"event": "research_web_started", "level": "info", "logger": "app.research_web.main", "timestamp": "2026-10-08T18:22:57.203760Z"}
{"event": "report_workflow_draft_created", "level": "info", "logger": "app.research_web.report_workflows.catalog", "timestamp": "2026-10-08T18:22:57.247785Z"}
{"event": "HTTP Request: POST http://testserver/api/research/report-workflows \"HTTP/1.1 201 Created\"", "level": "info", "logger": "httpx2", "timestamp": "2026-10-08T18:22:57.251247Z"}
{"event": "report_workflow_resource_uploaded", "level": "info", "logger": "app.research_web.report_workflows.catalog", "timestamp": "2026-10-08T18:22:57.254003Z"}
{"event": "HTTP Request: POST http://testserver/api/research/report-workflows/weekly-report/resources \"HTTP/1.1 201 Created\"", "level": "info", "logger": "httpx2", "timestamp": "2026-10-08T18:22:57.254944Z"}
{"event": "report_workflow_version_created", "level": "info", "logger": "app.research_web.report_workflows.catalog", "timestamp": "2026-10-08T18:22:57.262153Z"}
{"event": "HTTP Request: POST http://testserver/api/research/report-workflows/weekly-report/versions \"HTTP/1.1 201 Created\"", "level": "info", "logger": "httpx2", "timestamp": "2026-10-08T18:22:57.263381Z"}
{"event": "report_workflow_version_published", "level": "info", "logger": "app.research_web.report_workflows.catalog", "timestamp": "2026-10-08T18:22:57.287335Z"}
{"event": "HTTP Request: POST http://testserver/api/research/report-workflows/weekly-report/versions/1/publish \"HTTP/1.1 200 OK\"", "level": "info", "logger": "httpx2", "timestamp": "2026-10-08T18:22:57.294791Z"}
.{"event": "Scheduler has been shut down", "level": "info", "logger": "apscheduler.scheduler", "timestamp": "2026-10-08T18:22:57.307945Z"}
{"event": "framework_runtime_closed", "level": "info", "logger": "app.research_web.frameworks.service", "timestamp": "2026-10-08T18:22:57.308731Z"}
{"event": "capability_draft_created", "level": "info", "logger": "app.research_web.capabilities.catalog", "timestamp": "2026-10-08T18:22:57.338383Z"}
{"event": "capability_checked", "level": "info", "logger": "app.research_web.capabilities.catalog", "timestamp": "2026-10-08T18:22:57.343427Z"}
{"event": "capability_native_projection_changed", "level": "info", "logger": "app.research_web.capabilities.catalog", "timestamp": "2026-10-08T18:22:57.347968Z"}
{"event": "capability_draft_created", "level": "info", "logger": "app.research_web.capabilities.catalog", "timestamp": "2026-10-08T18:22:57.349263Z"}
{"event": "capability_checked", "level": "info", "logger": "app.research_web.capabilities.catalog", "timestamp": "2026-10-08T18:22:57.353941Z"}
{"event": "capability_native_projection_changed", "level": "info", "logger": "app.research_web.capabilities.catalog", "timestamp": "2026-10-08T18:22:57.359306Z"}
{"event": "capability_draft_created", "level": "info", "logger": "app.research_web.capabilities.catalog", "timestamp": "2026-10-08T18:22:57.361259Z"}
{"event": "capability_checked", "level": "info", "logger": "app.research_web.capabilities.catalog", "timestamp": "2026-10-08T18:22:57.366649Z"}
{"event": "capability_native_projection_changed", "level": "info", "logger": "app.research_web.capabilities.catalog", "timestamp": "2026-10-08T18:22:57.371432Z"}
{"event": "capability_draft_created", "level": "info", "logger": "app.research_web.capabilities.catalog", "timestamp": "2026-10-08T18:22:57.373442Z"}
{"event": "capability_checked", "level": "info", "logger": "app.research_web.capabilities.catalog", "timestamp": "2026-10-08T18:22:57.378424Z"}
{"event": "capability_native_projection_changed", "level": "info", "logger": "app.research_web.capabilities.catalog", "timestamp": "2026-10-08T18:22:57.383454Z"}
{"event": "capability_draft_created", "level": "info", "logger": "app.research_web.capabilities.catalog", "timestamp": "2026-10-08T18:22:57.385504Z"}
{"event": "capability_checked", "level": "info", "logger": "app.research_web.capabilities.catalog", "timestamp": "2026-10-08T18:22:57.391752Z"}
{"event": "capability_native_projection_changed", "level": "info", "logger": "app.research_web.capabilities.catalog", "timestamp": "2026-10-08T18:22:57.397522Z"}
{"event": "capability_draft_created", "level": "info", "logger": "app.research_web.capabilities.catalog", "timestamp": "2026-10-08T18:22:57.400021Z"}
{"event": "capability_checked", "level": "info", "logger": "app.research_web.capabilities.catalog", "timestamp": "2026-10-08T18:22:57.404743Z"}
{"event": "capability_native_projection_changed", "level": "info", "logger": "app.research_web.capabilities.catalog", "timestamp": "2026-10-08T18:22:57.410041Z"}
{"event": "capability_draft_created", "level": "info", "logger": "app.research_web.capabilities.catalog", "timestamp": "2026-10-08T18:22:57.413108Z"}
{"event": "capability_checked", "level": "info", "logger": "app.research_web.capabilities.catalog", "timestamp": "2026-10-08T18:22:57.438128Z"}
{"event": "capability_native_projection_changed", "level": "info", "logger": "app.research_web.capabilities.catalog", "timestamp": "2026-10-08T18:22:57.448345Z"}
{"event": "capability_draft_created", "level": "info", "logger": "app.research_web.capabilities.catalog", "timestamp": "2026-10-08T18:22:57.452109Z"}
{"event": "capability_checked", "level": "info", "logger": "app.research_web.capabilities.catalog", "timestamp": "2026-10-08T18:22:57.457608Z"}
{"event": "capability_native_projection_changed", "level": "info", "logger": "app.research_web.capabilities.catalog", "timestamp": "2026-10-08T18:22:57.464718Z"}
{"event": "capability_draft_created", "level": "info", "logger": "app.research_web.capabilities.catalog", "timestamp": "2026-10-08T18:22:57.468750Z"}
{"event": "capability_checked", "level": "info", "logger": "app.research_web.capabilities.catalog", "timestamp": "2026-10-08T18:22:57.474180Z"}
{"event": "capability_native_projection_changed", "level": "info", "logger": "app.research_web.capabilities.catalog", "timestamp": "2026-10-08T18:22:57.482068Z"}
{"event": "capability_draft_created", "level": "info", "logger": "app.research_web.capabilities.catalog", "timestamp": "2026-10-08T18:22:57.487183Z"}
{"event": "capability_checked", "level": "info", "logger": "app.research_web.capabilities.catalog", "timestamp": "2026-10-08T18:22:57.492943Z"}
{"event": "capability_native_projection_changed", "level": "info", "logger": "app.research_web.capabilities.catalog", "timestamp": "2026-10-08T18:22:57.500700Z"}
{"event": "capability_draft_created", "level": "info", "logger": "app.research_web.capabilities.catalog", "timestamp": "2026-10-08T18:22:57.506104Z"}
{"event": "capability_checked", "level": "info", "logger": "app.research_web.capabilities.catalog", "timestamp": "2026-10-08T18:22:57.511877Z"}
{"event": "capability_native_projection_changed", "level": "info", "logger": "app.research_web.capabilities.catalog", "timestamp": "2026-10-08T18:22:57.519700Z"}
{"event": "capability_draft_created", "level": "info", "logger": "app.research_web.capabilities.catalog", "timestamp": "2026-10-08T18:22:57.524954Z"}
{"event": "capability_checked", "level": "info", "logger": "app.research_web.capabilities.catalog", "timestamp": "2026-10-08T18:22:57.530738Z"}
{"event": "capability_native_projection_changed", "level": "info", "logger": "app.research_web.capabilities.catalog", "timestamp": "2026-10-08T18:22:57.538864Z"}
{"event": "capability_draft_created", "level": "info", "logger": "app.research_web.capabilities.catalog", "timestamp": "2026-10-08T18:22:57.545090Z"}
{"event": "capability_checked", "level": "info", "logger": "app.research_web.capabilities.catalog", "timestamp": "2026-10-08T18:22:57.884864Z"}
{"event": "capability_native_projection_changed", "level": "info", "logger": "app.research_web.capabilities.catalog", "timestamp": "2026-10-08T18:22:57.895374Z"}
{"event": "capability_draft_created", "level": "info", "logger": "app.research_web.capabilities.catalog", "timestamp": "2026-10-08T18:22:57.902899Z"}
{"event": "capability_checked", "level": "info", "logger": "app.research_web.capabilities.catalog", "timestamp": "2026-10-08T18:22:58.190703Z"}
{"event": "capability_native_projection_changed", "level": "info", "logger": "app.research_web.capabilities.catalog", "timestamp": "2026-10-08T18:22:58.202573Z"}
{"event": "capability_draft_created", "level": "info", "logger": "app.research_web.capabilities.catalog", "timestamp": "2026-10-08T18:22:58.212426Z"}
{"event": "capability_checked", "level": "info", "logger": "app.research_web.capabilities.catalog", "timestamp": "2026-10-08T18:22:58.504203Z"}
{"event": "capability_native_projection_changed", "level": "info", "logger": "app.research_web.capabilities.catalog", "timestamp": "2026-10-08T18:22:58.517981Z"}
{"event": "capability_draft_created", "level": "info", "logger": "app.research_web.capabilities.catalog", "timestamp": "2026-10-08T18:22:58.528584Z"}
{"event": "capability_checked", "level": "info", "logger": "app.research_web.capabilities.catalog", "timestamp": "2026-10-08T18:22:58.813579Z"}
{"event": "capability_native_projection_changed", "level": "info", "logger": "app.research_web.capabilities.catalog", "timestamp": "2026-10-08T18:22:58.828743Z"}
{"event": "capability_draft_created", "level": "info", "logger": "app.research_web.capabilities.catalog", "timestamp": "2026-10-08T18:22:58.840352Z"}
{"event": "capability_checked", "level": "info", "logger": "app.research_web.capabilities.catalog", "timestamp": "2026-10-08T18:22:59.175906Z"}
{"event": "capability_native_projection_changed", "level": "info", "logger": "app.research_web.capabilities.catalog", "timestamp": "2026-10-08T18:22:59.191752Z"}
{"event": "capability_draft_created", "level": "info", "logger": "app.research_web.capabilities.catalog", "timestamp": "2026-10-08T18:22:59.207724Z"}
{"event": "capability_checked", "level": "info", "logger": "app.research_web.capabilities.catalog", "timestamp": "2026-10-08T18:22:59.498204Z"}
{"event": "capability_native_projection_changed", "level": "info", "logger": "app.research_web.capabilities.catalog", "timestamp": "2026-10-08T18:22:59.515966Z"}
{"event": "capability_draft_created", "level": "info", "logger": "app.research_web.capabilities.catalog", "timestamp": "2026-10-08T18:22:59.531428Z"}
{"event": "capability_checked", "level": "info", "logger": "app.research_web.capabilities.catalog", "timestamp": "2026-10-08T18:22:59.820298Z"}
{"event": "capability_native_projection_changed", "level": "info", "logger": "app.research_web.capabilities.catalog", "timestamp": "2026-10-08T18:22:59.839699Z"}
{"event": "capability_draft_created", "level": "info", "logger": "app.research_web.capabilities.catalog", "timestamp": "2026-10-08T18:22:59.855865Z"}
{"event": "capability_checked", "level": "info", "logger": "app.research_web.capabilities.catalog", "timestamp": "2026-10-08T18:23:00.192278Z"}
{"event": "capability_native_projection_changed", "level": "info", "logger": "app.research_web.capabilities.catalog", "timestamp": "2026-10-08T18:23:00.212775Z"}
{"event": "capability_draft_created", "level": "info", "logger": "app.research_web.capabilities.catalog", "timestamp": "2026-10-08T18:23:00.230479Z"}
{"event": "capability_checked", "level": "info", "logger": "app.research_web.capabilities.catalog", "timestamp": "2026-10-08T18:23:00.523505Z"}
{"event": "capability_native_projection_changed", "level": "info", "logger": "app.research_web.capabilities.catalog", "timestamp": "2026-10-08T18:23:00.546893Z"}
{"event": "capability_draft_created", "level": "info", "logger": "app.research_web.capabilities.catalog", "timestamp": "2026-10-08T18:23:00.566888Z"}
{"event": "capability_checked", "level": "info", "logger": "app.research_web.capabilities.catalog", "timestamp": "2026-10-08T18:23:00.862625Z"}
{"event": "capability_native_projection_changed", "level": "info", "logger": "app.research_web.capabilities.catalog", "timestamp": "2026-10-08T18:23:00.886687Z"}
{"event": "capability_draft_created", "level": "info", "logger": "app.research_web.capabilities.catalog", "timestamp": "2026-10-08T18:23:00.907742Z"}
{"event": "capability_checked", "level": "info", "logger": "app.research_web.capabilities.catalog", "timestamp": "2026-10-08T18:23:01.202516Z"}
{"event": "capability_native_projection_changed", "level": "info", "logger": "app.research_web.capabilities.catalog", "timestamp": "2026-10-08T18:23:01.227965Z"}
{"event": "capability_draft_created", "level": "info", "logger": "app.research_web.capabilities.catalog", "timestamp": "2026-10-08T18:23:01.249996Z"}
{"event": "capability_checked", "level": "info", "logger": "app.research_web.capabilities.catalog", "timestamp": "2026-10-08T18:23:01.582609Z"}
{"event": "capability_native_projection_changed", "level": "info", "logger": "app.research_web.capabilities.catalog", "timestamp": "2026-10-08T18:23:01.609570Z"}
{"event": "capability_draft_created", "level": "info", "logger": "app.research_web.capabilities.catalog", "timestamp": "2026-10-08T18:23:01.633205Z"}
{"event": "capability_checked", "level": "info", "logger": "app.research_web.capabilities.catalog", "timestamp": "2026-10-08T18:23:01.930138Z"}
{"event": "capability_native_projection_changed", "level": "info", "logger": "app.research_web.capabilities.catalog", "timestamp": "2026-10-08T18:23:01.957219Z"}
{"event": "capability_draft_created", "level": "info", "logger": "app.research_web.capabilities.catalog", "timestamp": "2026-10-08T18:23:01.981478Z"}
{"event": "capability_checked", "level": "info", "logger": "app.research_web.capabilities.catalog", "timestamp": "2026-10-08T18:23:02.280968Z"}
{"event": "capability_native_projection_changed", "level": "info", "logger": "app.research_web.capabilities.catalog", "timestamp": "2026-10-08T18:23:02.308617Z"}
{"event": "capability_draft_created", "level": "info", "logger": "app.research_web.capabilities.catalog", "timestamp": "2026-10-08T18:23:02.335111Z"}
{"event": "capability_checked", "level": "info", "logger": "app.research_web.capabilities.catalog", "timestamp": "2026-10-08T18:23:02.633763Z"}
{"event": "capability_native_projection_changed", "level": "info", "logger": "app.research_web.capabilities.catalog", "timestamp": "2026-10-08T18:23:02.663205Z"}
{"event": "capability_draft_created", "level": "info", "logger": "app.research_web.capabilities.catalog", "timestamp": "2026-10-08T18:23:02.690574Z"}
{"event": "capability_checked", "level": "info", "logger": "app.research_web.capabilities.catalog", "timestamp": "2026-10-08T18:23:03.047128Z"}
{"event": "capability_native_projection_changed", "level": "info", "logger": "app.research_web.capabilities.catalog", "timestamp": "2026-10-08T18:23:03.079040Z"}
{"event": "capability_draft_created", "level": "info", "logger": "app.research_web.capabilities.catalog", "timestamp": "2026-10-08T18:23:03.107634Z"}
{"event": "capability_checked", "level": "info", "logger": "app.research_web.capabilities.catalog", "timestamp": "2026-10-08T18:23:03.410904Z"}
{"event": "capability_native_projection_changed", "level": "info", "logger": "app.research_web.capabilities.catalog", "timestamp": "2026-10-08T18:23:03.444530Z"}
{"event": "capability_draft_created", "level": "info", "logger": "app.research_web.capabilities.catalog", "timestamp": "2026-10-08T18:23:03.475297Z"}
{"event": "capability_checked", "level": "info", "logger": "app.research_web.capabilities.catalog", "timestamp": "2026-10-08T18:23:03.778810Z"}
{"event": "capability_native_projection_changed", "level": "info", "logger": "app.research_web.capabilities.catalog", "timestamp": "2026-10-08T18:23:03.814010Z"}
{"event": "capability_draft_created", "level": "info", "logger": "app.research_web.capabilities.catalog", "timestamp": "2026-10-08T18:23:03.845560Z"}
{"event": "capability_checked", "level": "info", "logger": "app.research_web.capabilities.catalog", "timestamp": "2026-10-08T18:23:03.864529Z"}
{"event": "capability_native_projection_changed", "level": "info", "logger": "app.research_web.capabilities.catalog", "timestamp": "2026-10-08T18:23:03.897266Z"}
{"event": "capability_draft_created", "level": "info", "logger": "app.research_web.capabilities.catalog", "timestamp": "2026-10-08T18:23:03.928376Z"}
{"event": "capability_checked", "level": "info", "logger": "app.research_web.capabilities.catalog", "timestamp": "2026-10-08T18:23:03.947389Z"}
{"event": "capability_native_projection_changed", "level": "info", "logger": "app.research_web.capabilities.catalog", "timestamp": "2026-10-08T18:23:03.980537Z"}
{"event": "capability_draft_created", "level": "info", "logger": "app.research_web.capabilities.catalog", "timestamp": "2026-10-08T18:23:04.011669Z"}
{"event": "capability_checked", "level": "info", "logger": "app.research_web.capabilities.catalog", "timestamp": "2026-10-08T18:23:04.030649Z"}
{"event": "capability_native_projection_changed", "level": "info", "logger": "app.research_web.capabilities.catalog", "timestamp": "2026-10-08T18:23:04.063383Z"}
{"event": "capability_draft_created", "level": "info", "logger": "app.research_web.capabilities.catalog", "timestamp": "2026-10-08T18:23:04.094831Z"}
{"event": "capability_checked", "level": "info", "logger": "app.research_web.capabilities.catalog", "timestamp": "2026-10-08T18:23:04.113911Z"}
{"event": "capability_native_projection_changed", "level": "info", "logger": "app.research_web.capabilities.catalog", "timestamp": "2026-10-08T18:23:04.147230Z"}
{"event": "capability_draft_created", "level": "info", "logger": "app.research_web.capabilities.catalog", "timestamp": "2026-10-08T18:23:04.179140Z"}
{"event": "capability_checked", "level": "info", "logger": "app.research_web.capabilities.catalog", "timestamp": "2026-10-08T18:23:04.198312Z"}
{"event": "capability_native_projection_changed", "level": "info", "logger": "app.research_web.capabilities.catalog", "timestamp": "2026-10-08T18:23:04.232032Z"}
{"event": "capability_draft_created", "level": "info", "logger": "app.research_web.capabilities.catalog", "timestamp": "2026-10-08T18:23:04.263823Z"}
{"event": "capability_checked", "level": "info", "logger": "app.research_web.capabilities.catalog", "timestamp": "2026-10-08T18:23:04.283472Z"}
{"event": "capability_native_projection_changed", "level": "info", "logger": "app.research_web.capabilities.catalog", "timestamp": "2026-10-08T18:23:04.317823Z"}
{"event": "capability_draft_created", "level": "info", "logger": "app.research_web.capabilities.catalog", "timestamp": "2026-10-08T18:23:04.350006Z"}
{"event": "capability_checked", "level": "info", "logger": "app.research_web.capabilities.catalog", "timestamp": "2026-10-08T18:23:04.369719Z"}
{"event": "capability_native_projection_changed", "level": "info", "logger": "app.research_web.capabilities.catalog", "timestamp": "2026-10-08T18:23:04.412515Z"}
{"event": "capability_draft_created", "level": "info", "logger": "app.research_web.capabilities.catalog", "timestamp": "2026-10-08T18:23:04.445114Z"}
{"event": "capability_checked", "level": "info", "logger": "app.research_web.capabilities.catalog", "timestamp": "2026-10-08T18:23:04.464255Z"}
{"event": "capability_native_projection_changed", "level": "info", "logger": "app.research_web.capabilities.catalog", "timestamp": "2026-10-08T18:23:04.498882Z"}
{"event": "capability_draft_created", "level": "info", "logger": "app.research_web.capabilities.catalog", "timestamp": "2026-10-08T18:23:04.531106Z"}
{"event": "capability_checked", "level": "info", "logger": "app.research_web.capabilities.catalog", "timestamp": "2026-10-08T18:23:04.550170Z"}
{"event": "capability_native_projection_changed", "level": "info", "logger": "app.research_web.capabilities.catalog", "timestamp": "2026-10-08T18:23:04.584665Z"}
{"event": "capability_draft_created", "level": "info", "logger": "app.research_web.capabilities.catalog", "timestamp": "2026-10-08T18:23:04.617659Z"}
{"event": "capability_checked", "level": "info", "logger": "app.research_web.capabilities.catalog", "timestamp": "2026-10-08T18:23:04.637480Z"}
{"event": "capability_native_projection_changed", "level": "info", "logger": "app.research_web.capabilities.catalog", "timestamp": "2026-10-08T18:23:04.672371Z"}
{"event": "capability_draft_created", "level": "info", "logger": "app.research_web.capabilities.catalog", "timestamp": "2026-10-08T18:23:04.706211Z"}
{"event": "capability_checked", "level": "info", "logger": "app.research_web.capabilities.catalog", "timestamp": "2026-10-08T18:23:04.726037Z"}
{"event": "capability_native_projection_changed", "level": "info", "logger": "app.research_web.capabilities.catalog", "timestamp": "2026-10-08T18:23:04.762332Z"}
{"event": "capability_draft_created", "level": "info", "logger": "app.research_web.capabilities.catalog", "timestamp": "2026-10-08T18:23:04.796679Z"}
{"event": "capability_checked", "level": "info", "logger": "app.research_web.capabilities.catalog", "timestamp": "2026-10-08T18:23:04.817147Z"}
{"event": "capability_native_projection_changed", "level": "info", "logger": "app.research_web.capabilities.catalog", "timestamp": "2026-10-08T18:23:04.853354Z"}
{"event": "capability_draft_created", "level": "info", "logger": "app.research_web.capabilities.catalog", "timestamp": "2026-10-08T18:23:04.887450Z"}
{"event": "capability_checked", "level": "info", "logger": "app.research_web.capabilities.catalog", "timestamp": "2026-10-08T18:23:04.906859Z"}
{"event": "capability_native_projection_changed", "level": "info", "logger": "app.research_web.capabilities.catalog", "timestamp": "2026-10-08T18:23:04.941894Z"}
{"event": "capability_draft_created", "level": "info", "logger": "app.research_web.capabilities.catalog", "timestamp": "2026-10-08T18:23:04.976312Z"}
{"event": "capability_checked", "level": "info", "logger": "app.research_web.capabilities.catalog", "timestamp": "2026-10-08T18:23:04.996814Z"}
{"event": "capability_native_projection_changed", "level": "info", "logger": "app.research_web.capabilities.catalog", "timestamp": "2026-10-08T18:23:05.032935Z"}
{"event": "framework_runtime_started", "level": "info", "logger": "app.research_web.frameworks.service", "timestamp": "2026-10-08T18:23:05.168551Z"}
{"event": "mcp_registry_service_started", "level": "info", "logger": "app.research_web.mcp_registry.service", "timestamp": "2026-10-08T18:23:05.168670Z"}
{"event": "mcp_runtime_service_started", "level": "info", "logger": "app.research_web.mcp_runtime.service", "timestamp": "2026-10-08T18:23:05.168741Z"}
{"event": "Scheduler started", "level": "info", "logger": "apscheduler.scheduler", "timestamp": "2026-10-08T18:23:05.169349Z"}
{"event": "research_web_started", "level": "info", "logger": "app.research_web.main", "timestamp": "2026-10-08T18:23:05.169528Z"}
{"event": "report_workflow_draft_created", "level": "info", "logger": "app.research_web.report_workflows.catalog", "timestamp": "2026-10-08T18:23:05.213544Z"}
{"event": "HTTP Request: POST http://testserver/api/research/report-workflows \"HTTP/1.1 201 Created\"", "level": "info", "logger": "httpx2", "timestamp": "2026-10-08T18:23:05.216889Z"}
{"event": "report_workflow_resource_uploaded", "level": "info", "logger": "app.research_web.report_workflows.catalog", "timestamp": "2026-10-08T18:23:05.219934Z"}
{"event": "HTTP Request: POST http://testserver/api/research/report-workflows/weekly-report/resources \"HTTP/1.1 201 Created\"", "level": "info", "logger": "httpx2", "timestamp": "2026-10-08T18:23:05.220920Z"}
{"event": "report_workflow_version_created", "level": "info", "logger": "app.research_web.report_workflows.catalog", "timestamp": "2026-10-08T18:23:05.231561Z"}
{"event": "HTTP Request: POST http://testserver/api/research/report-workflows/weekly-report/versions \"HTTP/1.1 201 Created\"", "level": "info", "logger": "httpx2", "timestamp": "2026-10-08T18:23:05.233813Z"}
{"event": "report_workflow_version_published", "level": "info", "logger": "app.research_web.report_workflows.catalog", "timestamp": "2026-10-08T18:23:05.257002Z"}
{"event": "HTTP Request: POST http://testserver/api/research/report-workflows/weekly-report/versions/1/publish \"HTTP/1.1 200 OK\"", "level": "info", "logger": "httpx2", "timestamp": "2026-10-08T18:23:05.264094Z"}
{"event": "research_session_registered", "level": "info", "logger": "app.research_web.store", "timestamp": "2026-10-08T18:23:05.265331Z"}
.{"event": "Scheduler has been shut down", "level": "info", "logger": "apscheduler.scheduler", "timestamp": "2026-10-08T18:23:05.269559Z"}
{"event": "framework_runtime_closed", "level": "info", "logger": "app.research_web.frameworks.service", "timestamp": "2026-10-08T18:23:05.270283Z"}
{"event": "capability_draft_created", "level": "info", "logger": "app.research_web.capabilities.catalog", "timestamp": "2026-10-08T18:23:05.299529Z"}
{"event": "capability_checked", "level": "info", "logger": "app.research_web.capabilities.catalog", "timestamp": "2026-10-08T18:23:05.305420Z"}
{"event": "capability_native_projection_changed", "level": "info", "logger": "app.research_web.capabilities.catalog", "timestamp": "2026-10-08T18:23:05.309773Z"}
{"event": "capability_draft_created", "level": "info", "logger": "app.research_web.capabilities.catalog", "timestamp": "2026-10-08T18:23:05.311109Z"}
{"event": "capability_checked", "level": "info", "logger": "app.research_web.capabilities.catalog", "timestamp": "2026-10-08T18:23:05.316249Z"}
{"event": "capability_native_projection_changed", "level": "info", "logger": "app.research_web.capabilities.catalog", "timestamp": "2026-10-08T18:23:05.321366Z"}
{"event": "capability_draft_created", "level": "info", "logger": "app.research_web.capabilities.catalog", "timestamp": "2026-10-08T18:23:05.331382Z"}
{"event": "capability_checked", "level": "info", "logger": "app.research_web.capabilities.catalog", "timestamp": "2026-10-08T18:23:05.340796Z"}
{"event": "capability_native_projection_changed", "level": "info", "logger": "app.research_web.capabilities.catalog", "timestamp": "2026-10-08T18:23:05.347554Z"}
{"event": "capability_draft_created", "level": "info", "logger": "app.research_web.capabilities.catalog", "timestamp": "2026-10-08T18:23:05.349311Z"}
{"event": "capability_checked", "level": "info", "logger": "app.research_web.capabilities.catalog", "timestamp": "2026-10-08T18:23:05.354156Z"}
{"event": "capability_native_projection_changed", "level": "info", "logger": "app.research_web.capabilities.catalog", "timestamp": "2026-10-08T18:23:05.358899Z"}
{"event": "capability_draft_created", "level": "info", "logger": "app.research_web.capabilities.catalog", "timestamp": "2026-10-08T18:23:05.360885Z"}
{"event": "capability_checked", "level": "info", "logger": "app.research_web.capabilities.catalog", "timestamp": "2026-10-08T18:23:05.367165Z"}
{"event": "capability_native_projection_changed", "level": "info", "logger": "app.research_web.capabilities.catalog", "timestamp": "2026-10-08T18:23:05.372711Z"}
{"event": "capability_draft_created", "level": "info", "logger": "app.research_web.capabilities.catalog", "timestamp": "2026-10-08T18:23:05.375247Z"}
{"event": "capability_checked", "level": "info", "logger": "app.research_web.capabilities.catalog", "timestamp": "2026-10-08T18:23:05.379864Z"}
{"event": "capability_native_projection_changed", "level": "info", "logger": "app.research_web.capabilities.catalog", "timestamp": "2026-10-08T18:23:05.385067Z"}
{"event": "capability_draft_created", "level": "info", "logger": "app.research_web.capabilities.catalog", "timestamp": "2026-10-08T18:23:05.391948Z"}
{"event": "capability_checked", "level": "info", "logger": "app.research_web.capabilities.catalog", "timestamp": "2026-10-08T18:23:05.416820Z"}
{"event": "capability_native_projection_changed", "level": "info", "logger": "app.research_web.capabilities.catalog", "timestamp": "2026-10-08T18:23:05.432349Z"}
{"event": "capability_draft_created", "level": "info", "logger": "app.research_web.capabilities.catalog", "timestamp": "2026-10-08T18:23:05.436436Z"}
{"event": "capability_checked", "level": "info", "logger": "app.research_web.capabilities.catalog", "timestamp": "2026-10-08T18:23:05.441941Z"}
{"event": "capability_native_projection_changed", "level": "info", "logger": "app.research_web.capabilities.catalog", "timestamp": "2026-10-08T18:23:05.449110Z"}
{"event": "capability_draft_created", "level": "info", "logger": "app.research_web.capabilities.catalog", "timestamp": "2026-10-08T18:23:05.455702Z"}
{"event": "capability_checked", "level": "info", "logger": "app.research_web.capabilities.catalog", "timestamp": "2026-10-08T18:23:05.460895Z"}
{"event": "capability_native_projection_changed", "level": "info", "logger": "app.research_web.capabilities.catalog", "timestamp": "2026-10-08T18:23:05.468865Z"}
{"event": "capability_draft_created", "level": "info", "logger": "app.research_web.capabilities.catalog", "timestamp": "2026-10-08T18:23:05.474582Z"}
{"event": "capability_checked", "level": "info", "logger": "app.research_web.capabilities.catalog", "timestamp": "2026-10-08T18:23:05.479878Z"}
{"event": "capability_native_projection_changed", "level": "info", "logger": "app.research_web.capabilities.catalog", "timestamp": "2026-10-08T18:23:05.489678Z"}
{"event": "capability_draft_created", "level": "info", "logger": "app.research_web.capabilities.catalog", "timestamp": "2026-10-08T18:23:05.496109Z"}
{"event": "capability_checked", "level": "info", "logger": "app.research_web.capabilities.catalog", "timestamp": "2026-10-08T18:23:05.502864Z"}
{"event": "capability_native_projection_changed", "level": "info", "logger": "app.research_web.capabilities.catalog", "timestamp": "2026-10-08T18:23:05.512285Z"}
{"event": "capability_draft_created", "level": "info", "logger": "app.research_web.capabilities.catalog", "timestamp": "2026-10-08T18:23:05.520078Z"}
{"event": "capability_checked", "level": "info", "logger": "app.research_web.capabilities.catalog", "timestamp": "2026-10-08T18:23:05.526096Z"}
{"event": "capability_native_projection_changed", "level": "info", "logger": "app.research_web.capabilities.catalog", "timestamp": "2026-10-08T18:23:05.534279Z"}
{"event": "capability_draft_created", "level": "info", "logger": "app.research_web.capabilities.catalog", "timestamp": "2026-10-08T18:23:05.542115Z"}
{"event": "capability_checked", "level": "info", "logger": "app.research_web.capabilities.catalog", "timestamp": "2026-10-08T18:23:05.885358Z"}
{"event": "capability_native_projection_changed", "level": "info", "logger": "app.research_web.capabilities.catalog", "timestamp": "2026-10-08T18:23:05.898307Z"}
{"event": "capability_draft_created", "level": "info", "logger": "app.research_web.capabilities.catalog", "timestamp": "2026-10-08T18:23:05.907959Z"}
{"event": "capability_checked", "level": "info", "logger": "app.research_web.capabilities.catalog", "timestamp": "2026-10-08T18:23:06.201844Z"}
{"event": "capability_native_projection_changed", "level": "info", "logger": "app.research_web.capabilities.catalog", "timestamp": "2026-10-08T18:23:06.213501Z"}
{"event": "capability_draft_created", "level": "info", "logger": "app.research_web.capabilities.catalog", "timestamp": "2026-10-08T18:23:06.222655Z"}
{"event": "capability_checked", "level": "info", "logger": "app.research_web.capabilities.catalog", "timestamp": "2026-10-08T18:23:06.517728Z"}
{"event": "capability_native_projection_changed", "level": "info", "logger": "app.research_web.capabilities.catalog", "timestamp": "2026-10-08T18:23:06.535144Z"}
{"event": "capability_draft_created", "level": "info", "logger": "app.research_web.capabilities.catalog", "timestamp": "2026-10-08T18:23:06.546530Z"}
{"event": "capability_checked", "level": "info", "logger": "app.research_web.capabilities.catalog", "timestamp": "2026-10-08T18:23:06.878626Z"}
{"event": "capability_native_projection_changed", "level": "info", "logger": "app.research_web.capabilities.catalog", "timestamp": "2026-10-08T18:23:06.893316Z"}
{"event": "capability_draft_created", "level": "info", "logger": "app.research_web.capabilities.catalog", "timestamp": "2026-10-08T18:23:06.905395Z"}
{"event": "capability_checked", "level": "info", "logger": "app.research_web.capabilities.catalog", "timestamp": "2026-10-08T18:23:07.191489Z"}
{"event": "capability_native_projection_changed", "level": "info", "logger": "app.research_web.capabilities.catalog", "timestamp": "2026-10-08T18:23:07.207492Z"}
{"event": "capability_draft_created", "level": "info", "logger": "app.research_web.capabilities.catalog", "timestamp": "2026-10-08T18:23:07.220876Z"}
{"event": "capability_checked", "level": "info", "logger": "app.research_web.capabilities.catalog", "timestamp": "2026-10-08T18:23:07.513923Z"}
{"event": "capability_native_projection_changed", "level": "info", "logger": "app.research_web.capabilities.catalog", "timestamp": "2026-10-08T18:23:07.530965Z"}
{"event": "capability_draft_created", "level": "info", "logger": "app.research_web.capabilities.catalog", "timestamp": "2026-10-08T18:23:07.545661Z"}
{"event": "capability_checked", "level": "info", "logger": "app.research_web.capabilities.catalog", "timestamp": "2026-10-08T18:23:07.837967Z"}
{"event": "capability_native_projection_changed", "level": "info", "logger": "app.research_web.capabilities.catalog", "timestamp": "2026-10-08T18:23:07.856946Z"}
{"event": "capability_draft_created", "level": "info", "logger": "app.research_web.capabilities.catalog", "timestamp": "2026-10-08T18:23:07.873226Z"}
{"event": "capability_checked", "level": "info", "logger": "app.research_web.capabilities.catalog", "timestamp": "2026-10-08T18:23:08.209008Z"}
{"event": "capability_native_projection_changed", "level": "info", "logger": "app.research_web.capabilities.catalog", "timestamp": "2026-10-08T18:23:08.230285Z"}
{"event": "capability_draft_created", "level": "info", "logger": "app.research_web.capabilities.catalog", "timestamp": "2026-10-08T18:23:08.247849Z"}
{"event": "capability_checked", "level": "info", "logger": "app.research_web.capabilities.catalog", "timestamp": "2026-10-08T18:23:08.539644Z"}
{"event": "capability_native_projection_changed", "level": "info", "logger": "app.research_web.capabilities.catalog", "timestamp": "2026-10-08T18:23:08.561996Z"}
{"event": "capability_draft_created", "level": "info", "logger": "app.research_web.capabilities.catalog", "timestamp": "2026-10-08T18:23:08.580933Z"}
{"event": "capability_checked", "level": "info", "logger": "app.research_web.capabilities.catalog", "timestamp": "2026-10-08T18:23:08.875804Z"}
{"event": "capability_native_projection_changed", "level": "info", "logger": "app.research_web.capabilities.catalog", "timestamp": "2026-10-08T18:23:08.899818Z"}
{"event": "capability_draft_created", "level": "info", "logger": "app.research_web.capabilities.catalog", "timestamp": "2026-10-08T18:23:08.926394Z"}
{"event": "capability_checked", "level": "info", "logger": "app.research_web.capabilities.catalog", "timestamp": "2026-10-08T18:23:09.215356Z"}
{"event": "capability_native_projection_changed", "level": "info", "logger": "app.research_web.capabilities.catalog", "timestamp": "2026-10-08T18:23:09.241178Z"}
{"event": "capability_draft_created", "level": "info", "logger": "app.research_web.capabilities.catalog", "timestamp": "2026-10-08T18:23:09.268445Z"}
{"event": "capability_checked", "level": "info", "logger": "app.research_web.capabilities.catalog", "timestamp": "2026-10-08T18:23:09.597852Z"}
{"event": "capability_native_projection_changed", "level": "info", "logger": "app.research_web.capabilities.catalog", "timestamp": "2026-10-08T18:23:09.623609Z"}
{"event": "capability_draft_created", "level": "info", "logger": "app.research_web.capabilities.catalog", "timestamp": "2026-10-08T18:23:09.646327Z"}
{"event": "capability_checked", "level": "info", "logger": "app.research_web.capabilities.catalog", "timestamp": "2026-10-08T18:23:09.941906Z"}
{"event": "capability_native_projection_changed", "level": "info", "logger": "app.research_web.capabilities.catalog", "timestamp": "2026-10-08T18:23:09.969879Z"}
{"event": "capability_draft_created", "level": "info", "logger": "app.research_web.capabilities.catalog", "timestamp": "2026-10-08T18:23:09.994792Z"}
{"event": "capability_checked", "level": "info", "logger": "app.research_web.capabilities.catalog", "timestamp": "2026-10-08T18:23:10.295503Z"}
{"event": "capability_native_projection_changed", "level": "info", "logger": "app.research_web.capabilities.catalog", "timestamp": "2026-10-08T18:23:10.325163Z"}
{"event": "capability_draft_created", "level": "info", "logger": "app.research_web.capabilities.catalog", "timestamp": "2026-10-08T18:23:10.357504Z"}
{"event": "capability_checked", "level": "info", "logger": "app.research_web.capabilities.catalog", "timestamp": "2026-10-08T18:23:10.654018Z"}
{"event": "capability_native_projection_changed", "level": "info", "logger": "app.research_web.capabilities.catalog", "timestamp": "2026-10-08T18:23:10.684908Z"}
{"event": "capability_draft_created", "level": "info", "logger": "app.research_web.capabilities.catalog", "timestamp": "2026-10-08T18:23:10.712794Z"}
{"event": "capability_checked", "level": "info", "logger": "app.research_web.capabilities.catalog", "timestamp": "2026-10-08T18:23:11.067907Z"}
{"event": "capability_native_projection_changed", "level": "info", "logger": "app.research_web.capabilities.catalog", "timestamp": "2026-10-08T18:23:11.101429Z"}
{"event": "capability_draft_created", "level": "info", "logger": "app.research_web.capabilities.catalog", "timestamp": "2026-10-08T18:23:11.131447Z"}
{"event": "capability_checked", "level": "info", "logger": "app.research_web.capabilities.catalog", "timestamp": "2026-10-08T18:23:11.437089Z"}
{"event": "capability_native_projection_changed", "level": "info", "logger": "app.research_web.capabilities.catalog", "timestamp": "2026-10-08T18:23:11.470509Z"}
{"event": "capability_draft_created", "level": "info", "logger": "app.research_web.capabilities.catalog", "timestamp": "2026-10-08T18:23:11.501791Z"}
{"event": "capability_checked", "level": "info", "logger": "app.research_web.capabilities.catalog", "timestamp": "2026-10-08T18:23:11.804682Z"}
{"event": "capability_native_projection_changed", "level": "info", "logger": "app.research_web.capabilities.catalog", "timestamp": "2026-10-08T18:23:11.847864Z"}
{"event": "capability_draft_created", "level": "info", "logger": "app.research_web.capabilities.catalog", "timestamp": "2026-10-08T18:23:11.889912Z"}
{"event": "capability_checked", "level": "info", "logger": "app.research_web.capabilities.catalog", "timestamp": "2026-10-08T18:23:11.909159Z"}
{"event": "capability_native_projection_changed", "level": "info", "logger": "app.research_web.capabilities.catalog", "timestamp": "2026-10-08T18:23:11.942850Z"}
{"event": "capability_draft_created", "level": "info", "logger": "app.research_web.capabilities.catalog", "timestamp": "2026-10-08T18:23:11.982440Z"}
{"event": "capability_checked", "level": "info", "logger": "app.research_web.capabilities.catalog", "timestamp": "2026-10-08T18:23:12.001629Z"}
{"event": "capability_native_projection_changed", "level": "info", "logger": "app.research_web.capabilities.catalog", "timestamp": "2026-10-08T18:23:12.039851Z"}
{"event": "capability_draft_created", "level": "info", "logger": "app.research_web.capabilities.catalog", "timestamp": "2026-10-08T18:23:12.072555Z"}
{"event": "capability_checked", "level": "info", "logger": "app.research_web.capabilities.catalog", "timestamp": "2026-10-08T18:23:12.091734Z"}
{"event": "capability_native_projection_changed", "level": "info", "logger": "app.research_web.capabilities.catalog", "timestamp": "2026-10-08T18:23:12.125407Z"}
{"event": "capability_draft_created", "level": "info", "logger": "app.research_web.capabilities.catalog", "timestamp": "2026-10-08T18:23:12.157603Z"}
{"event": "capability_checked", "level": "info", "logger": "app.research_web.capabilities.catalog", "timestamp": "2026-10-08T18:23:12.176642Z"}
{"event": "capability_native_projection_changed", "level": "info", "logger": "app.research_web.capabilities.catalog", "timestamp": "2026-10-08T18:23:12.213480Z"}
{"event": "capability_draft_created", "level": "info", "logger": "app.research_web.capabilities.catalog", "timestamp": "2026-10-08T18:23:12.249824Z"}
{"event": "capability_checked", "level": "info", "logger": "app.research_web.capabilities.catalog", "timestamp": "2026-10-08T18:23:12.269249Z"}
{"event": "capability_native_projection_changed", "level": "info", "logger": "app.research_web.capabilities.catalog", "timestamp": "2026-10-08T18:23:12.303144Z"}
{"event": "capability_draft_created", "level": "info", "logger": "app.research_web.capabilities.catalog", "timestamp": "2026-10-08T18:23:12.336106Z"}
{"event": "capability_checked", "level": "info", "logger": "app.research_web.capabilities.catalog", "timestamp": "2026-10-08T18:23:12.355247Z"}
{"event": "capability_native_projection_changed", "level": "info", "logger": "app.research_web.capabilities.catalog", "timestamp": "2026-10-08T18:23:12.389247Z"}
{"event": "capability_draft_created", "level": "info", "logger": "app.research_web.capabilities.catalog", "timestamp": "2026-10-08T18:23:12.422498Z"}
{"event": "capability_checked", "level": "info", "logger": "app.research_web.capabilities.catalog", "timestamp": "2026-10-08T18:23:12.441772Z"}
{"event": "capability_native_projection_changed", "level": "info", "logger": "app.research_web.capabilities.catalog", "timestamp": "2026-10-08T18:23:12.477223Z"}
{"event": "capability_draft_created", "level": "info", "logger": "app.research_web.capabilities.catalog", "timestamp": "2026-10-08T18:23:12.513616Z"}
{"event": "capability_checked", "level": "info", "logger": "app.research_web.capabilities.catalog", "timestamp": "2026-10-08T18:23:12.533495Z"}
{"event": "capability_native_projection_changed", "level": "info", "logger": "app.research_web.capabilities.catalog", "timestamp": "2026-10-08T18:23:12.568791Z"}
{"event": "capability_draft_created", "level": "info", "logger": "app.research_web.capabilities.catalog", "timestamp": "2026-10-08T18:23:12.606921Z"}
{"event": "capability_checked", "level": "info", "logger": "app.research_web.capabilities.catalog", "timestamp": "2026-10-08T18:23:12.629554Z"}
{"event": "capability_native_projection_changed", "level": "info", "logger": "app.research_web.capabilities.catalog", "timestamp": "2026-10-08T18:23:12.666935Z"}
{"event": "capability_draft_created", "level": "info", "logger": "app.research_web.capabilities.catalog", "timestamp": "2026-10-08T18:23:12.703550Z"}
{"event": "capability_checked", "level": "info", "logger": "app.research_web.capabilities.catalog", "timestamp": "2026-10-08T18:23:12.727126Z"}
{"event": "capability_native_projection_changed", "level": "info", "logger": "app.research_web.capabilities.catalog", "timestamp": "2026-10-08T18:23:12.790570Z"}
{"event": "capability_draft_created", "level": "info", "logger": "app.research_web.capabilities.catalog", "timestamp": "2026-10-08T18:23:12.839132Z"}
{"event": "capability_checked", "level": "info", "logger": "app.research_web.capabilities.catalog", "timestamp": "2026-10-08T18:23:12.862863Z"}
{"event": "capability_native_projection_changed", "level": "info", "logger": "app.research_web.capabilities.catalog", "timestamp": "2026-10-08T18:23:12.967092Z"}
{"event": "capability_draft_created", "level": "info", "logger": "app.research_web.capabilities.catalog", "timestamp": "2026-10-08T18:23:13.002430Z"}
{"event": "capability_checked", "level": "info", "logger": "app.research_web.capabilities.catalog", "timestamp": "2026-10-08T18:23:13.022172Z"}
{"event": "capability_native_projection_changed", "level": "info", "logger": "app.research_web.capabilities.catalog", "timestamp": "2026-10-08T18:23:13.058923Z"}
{"event": "capability_draft_created", "level": "info", "logger": "app.research_web.capabilities.catalog", "timestamp": "2026-10-08T18:23:13.102229Z"}
{"event": "capability_checked", "level": "info", "logger": "app.research_web.capabilities.catalog", "timestamp": "2026-10-08T18:23:13.123291Z"}
{"event": "capability_native_projection_changed", "level": "info", "logger": "app.research_web.capabilities.catalog", "timestamp": "2026-10-08T18:23:13.160044Z"}
{"event": "capability_draft_created", "level": "info", "logger": "app.research_web.capabilities.catalog", "timestamp": "2026-10-08T18:23:13.203415Z"}
{"event": "capability_checked", "level": "info", "logger": "app.research_web.capabilities.catalog", "timestamp": "2026-10-08T18:23:13.236221Z"}
{"event": "capability_native_projection_changed", "level": "info", "logger": "app.research_web.capabilities.catalog", "timestamp": "2026-10-08T18:23:13.272436Z"}
{"event": "framework_runtime_started", "level": "info", "logger": "app.research_web.frameworks.service", "timestamp": "2026-10-08T18:23:13.424207Z"}
{"event": "mcp_registry_service_started", "level": "info", "logger": "app.research_web.mcp_registry.service", "timestamp": "2026-10-08T18:23:13.424346Z"}
{"event": "mcp_runtime_service_started", "level": "info", "logger": "app.research_web.mcp_runtime.service", "timestamp": "2026-10-08T18:23:13.424442Z"}
{"event": "Scheduler started", "level": "info", "logger": "apscheduler.scheduler", "timestamp": "2026-10-08T18:23:13.425106Z"}
{"event": "research_web_started", "level": "info", "logger": "app.research_web.main", "timestamp": "2026-10-08T18:23:13.425261Z"}
{"event": "report_workflow_draft_created", "level": "info", "logger": "app.research_web.report_workflows.catalog", "timestamp": "2026-10-08T18:23:13.469286Z"}
{"event": "HTTP Request: POST http://testserver/api/research/report-workflows \"HTTP/1.1 201 Created\"", "level": "info", "logger": "httpx2", "timestamp": "2026-10-08T18:23:13.473077Z"}
{"event": "report_workflow_resource_uploaded", "level": "info", "logger": "app.research_web.report_workflows.catalog", "timestamp": "2026-10-08T18:23:13.476260Z"}
{"event": "HTTP Request: POST http://testserver/api/research/report-workflows/weekly-report/resources \"HTTP/1.1 201 Created\"", "level": "info", "logger": "httpx2", "timestamp": "2026-10-08T18:23:13.477528Z"}
{"event": "report_workflow_version_created", "level": "info", "logger": "app.research_web.report_workflows.catalog", "timestamp": "2026-10-08T18:23:13.485424Z"}
{"event": "HTTP Request: POST http://testserver/api/research/report-workflows/weekly-report/versions \"HTTP/1.1 201 Created\"", "level": "info", "logger": "httpx2", "timestamp": "2026-10-08T18:23:13.486723Z"}
{"event": "report_workflow_version_published", "level": "info", "logger": "app.research_web.report_workflows.catalog", "timestamp": "2026-10-08T18:23:13.510779Z"}
{"event": "HTTP Request: POST http://testserver/api/research/report-workflows/weekly-report/versions/1/publish \"HTTP/1.1 200 OK\"", "level": "info", "logger": "httpx2", "timestamp": "2026-10-08T18:23:13.518120Z"}
{"event": "HTTP Request: PUT http://testserver/api/research/report-workflows/weekly-report/schedule \"HTTP/1.1 200 OK\"", "level": "info", "logger": "httpx2", "timestamp": "2026-10-08T18:23:13.522262Z"}
.{"event": "Scheduler has been shut down", "level": "info", "logger": "apscheduler.scheduler", "timestamp": "2026-10-08T18:23:13.526864Z"}
{"event": "framework_runtime_closed", "level": "info", "logger": "app.research_web.frameworks.service", "timestamp": "2026-10-08T18:23:13.527599Z"}
{"event": "capability_draft_created", "level": "info", "logger": "app.research_web.capabilities.catalog", "timestamp": "2026-10-08T18:23:13.558195Z"}
{"event": "capability_checked", "level": "info", "logger": "app.research_web.capabilities.catalog", "timestamp": "2026-10-08T18:23:13.563484Z"}
{"event": "capability_native_projection_changed", "level": "info", "logger": "app.research_web.capabilities.catalog", "timestamp": "2026-10-08T18:23:13.568008Z"}
{"event": "capability_draft_created", "level": "info", "logger": "app.research_web.capabilities.catalog", "timestamp": "2026-10-08T18:23:13.569551Z"}
{"event": "capability_checked", "level": "info", "logger": "app.research_web.capabilities.catalog", "timestamp": "2026-10-08T18:23:13.574843Z"}
{"event": "capability_native_projection_changed", "level": "info", "logger": "app.research_web.capabilities.catalog", "timestamp": "2026-10-08T18:23:13.585361Z"}
{"event": "capability_draft_created", "level": "info", "logger": "app.research_web.capabilities.catalog", "timestamp": "2026-10-08T18:23:13.588178Z"}
{"event": "capability_checked", "level": "info", "logger": "app.research_web.capabilities.catalog", "timestamp": "2026-10-08T18:23:13.593861Z"}
{"event": "capability_native_projection_changed", "level": "info", "logger": "app.research_web.capabilities.catalog", "timestamp": "2026-10-08T18:23:13.599333Z"}
{"event": "capability_draft_created", "level": "info", "logger": "app.research_web.capabilities.catalog", "timestamp": "2026-10-08T18:23:13.601484Z"}
{"event": "capability_checked", "level": "info", "logger": "app.research_web.capabilities.catalog", "timestamp": "2026-10-08T18:23:13.606875Z"}
{"event": "capability_native_projection_changed", "level": "info", "logger": "app.research_web.capabilities.catalog", "timestamp": "2026-10-08T18:23:13.612318Z"}
{"event": "capability_draft_created", "level": "info", "logger": "app.research_web.capabilities.catalog", "timestamp": "2026-10-08T18:23:13.614703Z"}
{"event": "capability_checked", "level": "info", "logger": "app.research_web.capabilities.catalog", "timestamp": "2026-10-08T18:23:13.621242Z"}
{"event": "capability_native_projection_changed", "level": "info", "logger": "app.research_web.capabilities.catalog", "timestamp": "2026-10-08T18:23:13.627310Z"}
{"event": "capability_draft_created", "level": "info", "logger": "app.research_web.capabilities.catalog", "timestamp": "2026-10-08T18:23:13.629901Z"}
{"event": "capability_checked", "level": "info", "logger": "app.research_web.capabilities.catalog", "timestamp": "2026-10-08T18:23:13.634662Z"}
{"event": "capability_native_projection_changed", "level": "info", "logger": "app.research_web.capabilities.catalog", "timestamp": "2026-10-08T18:23:13.640007Z"}
{"event": "capability_draft_created", "level": "info", "logger": "app.research_web.capabilities.catalog", "timestamp": "2026-10-08T18:23:13.643713Z"}
{"event": "capability_checked", "level": "info", "logger": "app.research_web.capabilities.catalog", "timestamp": "2026-10-08T18:23:13.668258Z"}
{"event": "capability_native_projection_changed", "level": "info", "logger": "app.research_web.capabilities.catalog", "timestamp": "2026-10-08T18:23:13.678470Z"}
{"event": "capability_draft_created", "level": "info", "logger": "app.research_web.capabilities.catalog", "timestamp": "2026-10-08T18:23:13.682578Z"}
{"event": "capability_checked", "level": "info", "logger": "app.research_web.capabilities.catalog", "timestamp": "2026-10-08T18:23:13.688297Z"}
{"event": "capability_native_projection_changed", "level": "info", "logger": "app.research_web.capabilities.catalog", "timestamp": "2026-10-08T18:23:13.695432Z"}
{"event": "capability_draft_created", "level": "info", "logger": "app.research_web.capabilities.catalog", "timestamp": "2026-10-08T18:23:13.699534Z"}
{"event": "capability_checked", "level": "info", "logger": "app.research_web.capabilities.catalog", "timestamp": "2026-10-08T18:23:13.705149Z"}
{"event": "capability_native_projection_changed", "level": "info", "logger": "app.research_web.capabilities.catalog", "timestamp": "2026-10-08T18:23:13.712104Z"}
{"event": "capability_draft_created", "level": "info", "logger": "app.research_web.capabilities.catalog", "timestamp": "2026-10-08T18:23:13.716441Z"}
{"event": "capability_checked", "level": "info", "logger": "app.research_web.capabilities.catalog", "timestamp": "2026-10-08T18:23:13.722022Z"}
{"event": "capability_native_projection_changed", "level": "info", "logger": "app.research_web.capabilities.catalog", "timestamp": "2026-10-08T18:23:13.729830Z"}
{"event": "capability_draft_created", "level": "info", "logger": "app.research_web.capabilities.catalog", "timestamp": "2026-10-08T18:23:13.734764Z"}
{"event": "capability_checked", "level": "info", "logger": "app.research_web.capabilities.catalog", "timestamp": "2026-10-08T18:23:13.740246Z"}
{"event": "capability_native_projection_changed", "level": "info", "logger": "app.research_web.capabilities.catalog", "timestamp": "2026-10-08T18:23:13.747671Z"}
{"event": "capability_draft_created", "level": "info", "logger": "app.research_web.capabilities.catalog", "timestamp": "2026-10-08T18:23:13.752521Z"}
{"event": "capability_checked", "level": "info", "logger": "app.research_web.capabilities.catalog", "timestamp": "2026-10-08T18:23:13.758373Z"}
{"event": "capability_native_projection_changed", "level": "info", "logger": "app.research_web.capabilities.catalog", "timestamp": "2026-10-08T18:23:13.766124Z"}
{"event": "capability_draft_created", "level": "info", "logger": "app.research_web.capabilities.catalog", "timestamp": "2026-10-08T18:23:13.772143Z"}
{"event": "capability_checked", "level": "info", "logger": "app.research_web.capabilities.catalog", "timestamp": "2026-10-08T18:23:14.121662Z"}
{"event": "capability_native_projection_changed", "level": "info", "logger": "app.research_web.capabilities.catalog", "timestamp": "2026-10-08T18:23:14.132252Z"}
{"event": "capability_draft_created", "level": "info", "logger": "app.research_web.capabilities.catalog", "timestamp": "2026-10-08T18:23:14.141311Z"}
{"event": "capability_checked", "level": "info", "logger": "app.research_web.capabilities.catalog", "timestamp": "2026-10-08T18:23:14.426288Z"}
{"event": "capability_native_projection_changed", "level": "info", "logger": "app.research_web.capabilities.catalog", "timestamp": "2026-10-08T18:23:14.438368Z"}
{"event": "capability_draft_created", "level": "info", "logger": "app.research_web.capabilities.catalog", "timestamp": "2026-10-08T18:23:14.447449Z"}
{"event": "capability_checked", "level": "info", "logger": "app.research_web.capabilities.catalog", "timestamp": "2026-10-08T18:23:14.769300Z"}
{"event": "capability_native_projection_changed", "level": "info", "logger": "app.research_web.capabilities.catalog", "timestamp": "2026-10-08T18:23:14.783720Z"}
{"event": "capability_draft_created", "level": "info", "logger": "app.research_web.capabilities.catalog", "timestamp": "2026-10-08T18:23:14.796075Z"}
{"event": "capability_checked", "level": "info", "logger": "app.research_web.capabilities.catalog", "timestamp": "2026-10-08T18:23:15.083799Z"}
{"event": "capability_native_projection_changed", "level": "info", "logger": "app.research_web.capabilities.catalog", "timestamp": "2026-10-08T18:23:15.098344Z"}
{"event": "capability_draft_created", "level": "info", "logger": "app.research_web.capabilities.catalog", "timestamp": "2026-10-08T18:23:15.110526Z"}
{"event": "capability_checked", "level": "info", "logger": "app.research_web.capabilities.catalog", "timestamp": "2026-10-08T18:23:15.470030Z"}
{"event": "capability_native_projection_changed", "level": "info", "logger": "app.research_web.capabilities.catalog", "timestamp": "2026-10-08T18:23:15.485870Z"}
{"event": "capability_draft_created", "level": "info", "logger": "app.research_web.capabilities.catalog", "timestamp": "2026-10-08T18:23:15.499089Z"}
{"event": "capability_checked", "level": "info", "logger": "app.research_web.capabilities.catalog", "timestamp": "2026-10-08T18:23:15.784009Z"}
{"event": "capability_native_projection_changed", "level": "info", "logger": "app.research_web.capabilities.catalog", "timestamp": "2026-10-08T18:23:15.801135Z"}
{"event": "capability_draft_created", "level": "info", "logger": "app.research_web.capabilities.catalog", "timestamp": "2026-10-08T18:23:15.815476Z"}
{"event": "capability_checked", "level": "info", "logger": "app.research_web.capabilities.catalog", "timestamp": "2026-10-08T18:23:16.114236Z"}
{"event": "capability_native_projection_changed", "level": "info", "logger": "app.research_web.capabilities.catalog", "timestamp": "2026-10-08T18:23:16.133643Z"}
{"event": "capability_draft_created", "level": "info", "logger": "app.research_web.capabilities.catalog", "timestamp": "2026-10-08T18:23:16.149320Z"}
{"event": "capability_checked", "level": "info", "logger": "app.research_web.capabilities.catalog", "timestamp": "2026-10-08T18:23:16.490684Z"}
{"event": "capability_native_projection_changed", "level": "info", "logger": "app.research_web.capabilities.catalog", "timestamp": "2026-10-08T18:23:16.518235Z"}
{"event": "capability_draft_created", "level": "info", "logger": "app.research_web.capabilities.catalog", "timestamp": "2026-10-08T18:23:16.535858Z"}
{"event": "capability_checked", "level": "info", "logger": "app.research_web.capabilities.catalog", "timestamp": "2026-10-08T18:23:16.853753Z"}
{"event": "capability_native_projection_changed", "level": "info", "logger": "app.research_web.capabilities.catalog", "timestamp": "2026-10-08T18:23:16.874840Z"}
{"event": "capability_draft_created", "level": "info", "logger": "app.research_web.capabilities.catalog", "timestamp": "2026-10-08T18:23:16.893201Z"}
{"event": "capability_checked", "level": "info", "logger": "app.research_web.capabilities.catalog", "timestamp": "2026-10-08T18:23:17.189457Z"}
{"event": "capability_native_projection_changed", "level": "info", "logger": "app.research_web.capabilities.catalog", "timestamp": "2026-10-08T18:23:17.212639Z"}
{"event": "capability_draft_created", "level": "info", "logger": "app.research_web.capabilities.catalog", "timestamp": "2026-10-08T18:23:17.232608Z"}
{"event": "capability_checked", "level": "info", "logger": "app.research_web.capabilities.catalog", "timestamp": "2026-10-08T18:23:17.526577Z"}
{"event": "capability_native_projection_changed", "level": "info", "logger": "app.research_web.capabilities.catalog", "timestamp": "2026-10-08T18:23:17.551097Z"}
{"event": "capability_draft_created", "level": "info", "logger": "app.research_web.capabilities.catalog", "timestamp": "2026-10-08T18:23:17.572738Z"}
{"event": "capability_checked", "level": "info", "logger": "app.research_web.capabilities.catalog", "timestamp": "2026-10-08T18:23:17.869822Z"}
{"event": "capability_native_projection_changed", "level": "info", "logger": "app.research_web.capabilities.catalog", "timestamp": "2026-10-08T18:23:17.903947Z"}
{"event": "capability_draft_created", "level": "info", "logger": "app.research_web.capabilities.catalog", "timestamp": "2026-10-08T18:23:17.941876Z"}
{"event": "capability_checked", "level": "info", "logger": "app.research_web.capabilities.catalog", "timestamp": "2026-10-08T18:23:18.349160Z"}
{"event": "capability_native_projection_changed", "level": "info", "logger": "app.research_web.capabilities.catalog", "timestamp": "2026-10-08T18:23:18.376612Z"}
{"event": "capability_draft_created", "level": "info", "logger": "app.research_web.capabilities.catalog", "timestamp": "2026-10-08T18:23:18.401013Z"}
{"event": "capability_checked", "level": "info", "logger": "app.research_web.capabilities.catalog", "timestamp": "2026-10-08T18:23:18.705456Z"}
{"event": "capability_native_projection_changed", "level": "info", "logger": "app.research_web.capabilities.catalog", "timestamp": "2026-10-08T18:23:18.736086Z"}
{"event": "capability_draft_created", "level": "info", "logger": "app.research_web.capabilities.catalog", "timestamp": "2026-10-08T18:23:18.762358Z"}
{"event": "capability_checked", "level": "info", "logger": "app.research_web.capabilities.catalog", "timestamp": "2026-10-08T18:23:19.082057Z"}
{"event": "capability_native_projection_changed", "level": "info", "logger": "app.research_web.capabilities.catalog", "timestamp": "2026-10-08T18:23:19.112070Z"}
{"event": "capability_draft_created", "level": "info", "logger": "app.research_web.capabilities.catalog", "timestamp": "2026-10-08T18:23:19.139955Z"}
{"event": "capability_checked", "level": "info", "logger": "app.research_web.capabilities.catalog", "timestamp": "2026-10-08T18:23:19.489106Z"}
{"event": "capability_native_projection_changed", "level": "info", "logger": "app.research_web.capabilities.catalog", "timestamp": "2026-10-08T18:23:19.521587Z"}
{"event": "capability_draft_created", "level": "info", "logger": "app.research_web.capabilities.catalog", "timestamp": "2026-10-08T18:23:19.550835Z"}
{"event": "capability_checked", "level": "info", "logger": "app.research_web.capabilities.catalog", "timestamp": "2026-10-08T18:23:19.853973Z"}
{"event": "capability_native_projection_changed", "level": "info", "logger": "app.research_web.capabilities.catalog", "timestamp": "2026-10-08T18:23:19.887885Z"}
{"event": "capability_draft_created", "level": "info", "logger": "app.research_web.capabilities.catalog", "timestamp": "2026-10-08T18:23:19.918971Z"}
{"event": "capability_checked", "level": "info", "logger": "app.research_web.capabilities.catalog", "timestamp": "2026-10-08T18:23:20.220988Z"}
{"event": "capability_native_projection_changed", "level": "info", "logger": "app.research_web.capabilities.catalog", "timestamp": "2026-10-08T18:23:20.255288Z"}
{"event": "capability_draft_created", "level": "info", "logger": "app.research_web.capabilities.catalog", "timestamp": "2026-10-08T18:23:20.286702Z"}
{"event": "capability_checked", "level": "info", "logger": "app.research_web.capabilities.catalog", "timestamp": "2026-10-08T18:23:20.304874Z"}
{"event": "capability_native_projection_changed", "level": "info", "logger": "app.research_web.capabilities.catalog", "timestamp": "2026-10-08T18:23:20.343222Z"}
{"event": "capability_draft_created", "level": "info", "logger": "app.research_web.capabilities.catalog", "timestamp": "2026-10-08T18:23:20.375839Z"}
{"event": "capability_checked", "level": "info", "logger": "app.research_web.capabilities.catalog", "timestamp": "2026-10-08T18:23:20.394596Z"}
{"event": "capability_native_projection_changed", "level": "info", "logger": "app.research_web.capabilities.catalog", "timestamp": "2026-10-08T18:23:20.427945Z"}
{"event": "capability_draft_created", "level": "info", "logger": "app.research_web.capabilities.catalog", "timestamp": "2026-10-08T18:23:20.459244Z"}
{"event": "capability_checked", "level": "info", "logger": "app.research_web.capabilities.catalog", "timestamp": "2026-10-08T18:23:20.478031Z"}
{"event": "capability_native_projection_changed", "level": "info", "logger": "app.research_web.capabilities.catalog", "timestamp": "2026-10-08T18:23:20.510972Z"}
{"event": "capability_draft_created", "level": "info", "logger": "app.research_web.capabilities.catalog", "timestamp": "2026-10-08T18:23:20.548099Z"}
{"event": "capability_checked", "level": "info", "logger": "app.research_web.capabilities.catalog", "timestamp": "2026-10-08T18:23:20.566935Z"}
{"event": "capability_native_projection_changed", "level": "info", "logger": "app.research_web.capabilities.catalog", "timestamp": "2026-10-08T18:23:20.600143Z"}
{"event": "capability_draft_created", "level": "info", "logger": "app.research_web.capabilities.catalog", "timestamp": "2026-10-08T18:23:20.631593Z"}
{"event": "capability_checked", "level": "info", "logger": "app.research_web.capabilities.catalog", "timestamp": "2026-10-08T18:23:20.650750Z"}
{"event": "capability_native_projection_changed", "level": "info", "logger": "app.research_web.capabilities.catalog", "timestamp": "2026-10-08T18:23:20.684611Z"}
{"event": "capability_draft_created", "level": "info", "logger": "app.research_web.capabilities.catalog", "timestamp": "2026-10-08T18:23:20.716589Z"}
{"event": "capability_checked", "level": "info", "logger": "app.research_web.capabilities.catalog", "timestamp": "2026-10-08T18:23:20.735288Z"}
{"event": "capability_native_projection_changed", "level": "info", "logger": "app.research_web.capabilities.catalog", "timestamp": "2026-10-08T18:23:20.768595Z"}
{"event": "capability_draft_created", "level": "info", "logger": "app.research_web.capabilities.catalog", "timestamp": "2026-10-08T18:23:20.800932Z"}
{"event": "capability_checked", "level": "info", "logger": "app.research_web.capabilities.catalog", "timestamp": "2026-10-08T18:23:20.820735Z"}
{"event": "capability_native_projection_changed", "level": "info", "logger": "app.research_web.capabilities.catalog", "timestamp": "2026-10-08T18:23:20.857737Z"}
{"event": "capability_draft_created", "level": "info", "logger": "app.research_web.capabilities.catalog", "timestamp": "2026-10-08T18:23:20.890486Z"}
{"event": "capability_checked", "level": "info", "logger": "app.research_web.capabilities.catalog", "timestamp": "2026-10-08T18:23:20.911205Z"}
{"event": "capability_native_projection_changed", "level": "info", "logger": "app.research_web.capabilities.catalog", "timestamp": "2026-10-08T18:23:20.945917Z"}
{"event": "capability_draft_created", "level": "info", "logger": "app.research_web.capabilities.catalog", "timestamp": "2026-10-08T18:23:20.979875Z"}
{"event": "capability_checked", "level": "info", "logger": "app.research_web.capabilities.catalog", "timestamp": "2026-10-08T18:23:20.999365Z"}
{"event": "capability_native_projection_changed", "level": "info", "logger": "app.research_web.capabilities.catalog", "timestamp": "2026-10-08T18:23:21.033983Z"}
{"event": "capability_draft_created", "level": "info", "logger": "app.research_web.capabilities.catalog", "timestamp": "2026-10-08T18:23:21.067390Z"}
{"event": "capability_checked", "level": "info", "logger": "app.research_web.capabilities.catalog", "timestamp": "2026-10-08T18:23:21.090281Z"}
{"event": "capability_native_projection_changed", "level": "info", "logger": "app.research_web.capabilities.catalog", "timestamp": "2026-10-08T18:23:21.127880Z"}
{"event": "capability_draft_created", "level": "info", "logger": "app.research_web.capabilities.catalog", "timestamp": "2026-10-08T18:23:21.161532Z"}
{"event": "capability_checked", "level": "info", "logger": "app.research_web.capabilities.catalog", "timestamp": "2026-10-08T18:23:21.182151Z"}
{"event": "capability_native_projection_changed", "level": "info", "logger": "app.research_web.capabilities.catalog", "timestamp": "2026-10-08T18:23:21.219123Z"}
{"event": "capability_draft_created", "level": "info", "logger": "app.research_web.capabilities.catalog", "timestamp": "2026-10-08T18:23:21.253545Z"}
{"event": "capability_checked", "level": "info", "logger": "app.research_web.capabilities.catalog", "timestamp": "2026-10-08T18:23:21.273232Z"}
{"event": "capability_native_projection_changed", "level": "info", "logger": "app.research_web.capabilities.catalog", "timestamp": "2026-10-08T18:23:21.308379Z"}
{"event": "capability_draft_created", "level": "info", "logger": "app.research_web.capabilities.catalog", "timestamp": "2026-10-08T18:23:21.450614Z"}
{"event": "capability_checked", "level": "info", "logger": "app.research_web.capabilities.catalog", "timestamp": "2026-10-08T18:23:21.472005Z"}
{"event": "capability_native_projection_changed", "level": "info", "logger": "app.research_web.capabilities.catalog", "timestamp": "2026-10-08T18:23:21.511531Z"}
{"event": "capability_draft_created", "level": "info", "logger": "app.research_web.capabilities.catalog", "timestamp": "2026-10-08T18:23:21.546410Z"}
{"event": "capability_checked", "level": "info", "logger": "app.research_web.capabilities.catalog", "timestamp": "2026-10-08T18:23:21.567607Z"}
{"event": "capability_native_projection_changed", "level": "info", "logger": "app.research_web.capabilities.catalog", "timestamp": "2026-10-08T18:23:21.604096Z"}
{"event": "framework_runtime_started", "level": "info", "logger": "app.research_web.frameworks.service", "timestamp": "2026-10-08T18:23:21.741578Z"}
{"event": "mcp_registry_service_started", "level": "info", "logger": "app.research_web.mcp_registry.service", "timestamp": "2026-10-08T18:23:21.741700Z"}
{"event": "mcp_runtime_service_started", "level": "info", "logger": "app.research_web.mcp_runtime.service", "timestamp": "2026-10-08T18:23:21.741782Z"}
{"event": "Scheduler started", "level": "info", "logger": "apscheduler.scheduler", "timestamp": "2026-10-08T18:23:21.742345Z"}
{"event": "research_web_started", "level": "info", "logger": "app.research_web.main", "timestamp": "2026-10-08T18:23:21.742472Z"}
{"event": "report_workflow_draft_created", "level": "info", "logger": "app.research_web.report_workflows.catalog", "timestamp": "2026-10-08T18:23:21.784246Z"}
{"event": "HTTP Request: POST http://testserver/api/research/report-workflows \"HTTP/1.1 201 Created\"", "level": "info", "logger": "httpx2", "timestamp": "2026-10-08T18:23:21.787596Z"}
{"event": "report_workflow_resource_uploaded", "level": "info", "logger": "app.research_web.report_workflows.catalog", "timestamp": "2026-10-08T18:23:21.790792Z"}
{"event": "HTTP Request: POST http://testserver/api/research/report-workflows/weekly-report/resources \"HTTP/1.1 201 Created\"", "level": "info", "logger": "httpx2", "timestamp": "2026-10-08T18:23:21.791936Z"}
{"event": "report_workflow_version_created", "level": "info", "logger": "app.research_web.report_workflows.catalog", "timestamp": "2026-10-08T18:23:21.799206Z"}
{"event": "HTTP Request: POST http://testserver/api/research/report-workflows/weekly-report/versions \"HTTP/1.1 201 Created\"", "level": "info", "logger": "httpx2", "timestamp": "2026-10-08T18:23:21.800425Z"}
{"event": "report_workflow_version_published", "level": "info", "logger": "app.research_web.report_workflows.catalog", "timestamp": "2026-10-08T18:23:21.826676Z"}
{"event": "HTTP Request: POST http://testserver/api/research/report-workflows/weekly-report/versions/1/publish \"HTTP/1.1 200 OK\"", "level": "info", "logger": "httpx2", "timestamp": "2026-10-08T18:23:21.834253Z"}
{"event": "report_workflow_request_rejected", "level": "warning", "logger": "app.research_web.main", "timestamp": "2026-10-08T18:23:21.835975Z"}
{"event": "HTTP Request: PUT http://testserver/api/research/report-workflows/weekly-report/schedule \"HTTP/1.1 409 Conflict\"", "level": "info", "logger": "httpx2", "timestamp": "2026-10-08T18:23:21.836419Z"}
.{"event": "Scheduler has been shut down", "level": "info", "logger": "apscheduler.scheduler", "timestamp": "2026-10-08T18:23:21.837134Z"}
{"event": "framework_runtime_closed", "level": "info", "logger": "app.research_web.frameworks.service", "timestamp": "2026-10-08T18:23:21.838034Z"}
{"event": "capability_draft_created", "level": "info", "logger": "app.research_web.capabilities.catalog", "timestamp": "2026-10-08T18:23:21.869000Z"}
{"event": "capability_checked", "level": "info", "logger": "app.research_web.capabilities.catalog", "timestamp": "2026-10-08T18:23:21.874534Z"}
{"event": "capability_native_projection_changed", "level": "info", "logger": "app.research_web.capabilities.catalog", "timestamp": "2026-10-08T18:23:21.879311Z"}
{"event": "capability_draft_created", "level": "info", "logger": "app.research_web.capabilities.catalog", "timestamp": "2026-10-08T18:23:21.880943Z"}
{"event": "capability_checked", "level": "info", "logger": "app.research_web.capabilities.catalog", "timestamp": "2026-10-08T18:23:21.886206Z"}
{"event": "capability_native_projection_changed", "level": "info", "logger": "app.research_web.capabilities.catalog", "timestamp": "2026-10-08T18:23:21.891729Z"}
{"event": "capability_draft_created", "level": "info", "logger": "app.research_web.capabilities.catalog", "timestamp": "2026-10-08T18:23:21.893878Z"}
{"event": "capability_checked", "level": "info", "logger": "app.research_web.capabilities.catalog", "timestamp": "2026-10-08T18:23:21.900055Z"}
{"event": "capability_native_projection_changed", "level": "info", "logger": "app.research_web.capabilities.catalog", "timestamp": "2026-10-08T18:23:21.905303Z"}
{"event": "capability_draft_created", "level": "info", "logger": "app.research_web.capabilities.catalog", "timestamp": "2026-10-08T18:23:21.907633Z"}
{"event": "capability_checked", "level": "info", "logger": "app.research_web.capabilities.catalog", "timestamp": "2026-10-08T18:23:21.913122Z"}
{"event": "capability_native_projection_changed", "level": "info", "logger": "app.research_web.capabilities.catalog", "timestamp": "2026-10-08T18:23:21.918818Z"}
{"event": "capability_draft_created", "level": "info", "logger": "app.research_web.capabilities.catalog", "timestamp": "2026-10-08T18:23:21.921376Z"}
{"event": "capability_checked", "level": "info", "logger": "app.research_web.capabilities.catalog", "timestamp": "2026-10-08T18:23:21.928115Z"}
{"event": "capability_native_projection_changed", "level": "info", "logger": "app.research_web.capabilities.catalog", "timestamp": "2026-10-08T18:23:21.933934Z"}
{"event": "capability_draft_created", "level": "info", "logger": "app.research_web.capabilities.catalog", "timestamp": "2026-10-08T18:23:21.936480Z"}
{"event": "capability_checked", "level": "info", "logger": "app.research_web.capabilities.catalog", "timestamp": "2026-10-08T18:23:21.941009Z"}
{"event": "capability_native_projection_changed", "level": "info", "logger": "app.research_web.capabilities.catalog", "timestamp": "2026-10-08T18:23:21.946369Z"}
{"event": "capability_draft_created", "level": "info", "logger": "app.research_web.capabilities.catalog", "timestamp": "2026-10-08T18:23:21.949996Z"}
{"event": "capability_checked", "level": "info", "logger": "app.research_web.capabilities.catalog", "timestamp": "2026-10-08T18:23:21.974675Z"}
{"event": "capability_native_projection_changed", "level": "info", "logger": "app.research_web.capabilities.catalog", "timestamp": "2026-10-08T18:23:21.985107Z"}
{"event": "capability_draft_created", "level": "info", "logger": "app.research_web.capabilities.catalog", "timestamp": "2026-10-08T18:23:21.989360Z"}
{"event": "capability_checked", "level": "info", "logger": "app.research_web.capabilities.catalog", "timestamp": "2026-10-08T18:23:21.995017Z"}
{"event": "capability_native_projection_changed", "level": "info", "logger": "app.research_web.capabilities.catalog", "timestamp": "2026-10-08T18:23:22.001829Z"}
{"event": "capability_draft_created", "level": "info", "logger": "app.research_web.capabilities.catalog", "timestamp": "2026-10-08T18:23:22.006086Z"}
{"event": "capability_checked", "level": "info", "logger": "app.research_web.capabilities.catalog", "timestamp": "2026-10-08T18:23:22.011515Z"}
{"event": "capability_native_projection_changed", "level": "info", "logger": "app.research_web.capabilities.catalog", "timestamp": "2026-10-08T18:23:22.018649Z"}
{"event": "capability_draft_created", "level": "info", "logger": "app.research_web.capabilities.catalog", "timestamp": "2026-10-08T18:23:22.023360Z"}
{"event": "capability_checked", "level": "info", "logger": "app.research_web.capabilities.catalog", "timestamp": "2026-10-08T18:23:22.029021Z"}
{"event": "capability_native_projection_changed", "level": "info", "logger": "app.research_web.capabilities.catalog", "timestamp": "2026-10-08T18:23:22.036910Z"}
{"event": "capability_draft_created", "level": "info", "logger": "app.research_web.capabilities.catalog", "timestamp": "2026-10-08T18:23:22.041750Z"}
{"event": "capability_checked", "level": "info", "logger": "app.research_web.capabilities.catalog", "timestamp": "2026-10-08T18:23:22.047718Z"}
{"event": "capability_native_projection_changed", "level": "info", "logger": "app.research_web.capabilities.catalog", "timestamp": "2026-10-08T18:23:22.055459Z"}
{"event": "capability_draft_created", "level": "info", "logger": "app.research_web.capabilities.catalog", "timestamp": "2026-10-08T18:23:22.060790Z"}
{"event": "capability_checked", "level": "info", "logger": "app.research_web.capabilities.catalog", "timestamp": "2026-10-08T18:23:22.066552Z"}
{"event": "capability_native_projection_changed", "level": "info", "logger": "app.research_web.capabilities.catalog", "timestamp": "2026-10-08T18:23:22.074120Z"}
{"event": "capability_draft_created", "level": "info", "logger": "app.research_web.capabilities.catalog", "timestamp": "2026-10-08T18:23:22.080249Z"}
{"event": "capability_checked", "level": "info", "logger": "app.research_web.capabilities.catalog", "timestamp": "2026-10-08T18:23:22.419681Z"}
{"event": "capability_native_projection_changed", "level": "info", "logger": "app.research_web.capabilities.catalog", "timestamp": "2026-10-08T18:23:22.430530Z"}
{"event": "capability_draft_created", "level": "info", "logger": "app.research_web.capabilities.catalog", "timestamp": "2026-10-08T18:23:22.438152Z"}
{"event": "capability_checked", "level": "info", "logger": "app.research_web.capabilities.catalog", "timestamp": "2026-10-08T18:23:22.723343Z"}
{"event": "capability_native_projection_changed", "level": "info", "logger": "app.research_web.capabilities.catalog", "timestamp": "2026-10-08T18:23:22.735773Z"}
{"event": "capability_draft_created", "level": "info", "logger": "app.research_web.capabilities.catalog", "timestamp": "2026-10-08T18:23:22.744714Z"}
{"event": "capability_checked", "level": "info", "logger": "app.research_web.capabilities.catalog", "timestamp": "2026-10-08T18:23:23.035689Z"}
{"event": "capability_native_projection_changed", "level": "info", "logger": "app.research_web.capabilities.catalog", "timestamp": "2026-10-08T18:23:23.049675Z"}
{"event": "capability_draft_created", "level": "info", "logger": "app.research_web.capabilities.catalog", "timestamp": "2026-10-08T18:23:23.060184Z"}
{"event": "capability_checked", "level": "info", "logger": "app.research_web.capabilities.catalog", "timestamp": "2026-10-08T18:23:23.441340Z"}
{"event": "capability_native_projection_changed", "level": "info", "logger": "app.research_web.capabilities.catalog", "timestamp": "2026-10-08T18:23:23.469859Z"}
{"event": "capability_draft_created", "level": "info", "logger": "app.research_web.capabilities.catalog", "timestamp": "2026-10-08T18:23:23.485455Z"}
{"event": "capability_checked", "level": "info", "logger": "app.research_web.capabilities.catalog", "timestamp": "2026-10-08T18:23:23.794713Z"}
{"event": "capability_native_projection_changed", "level": "info", "logger": "app.research_web.capabilities.catalog", "timestamp": "2026-10-08T18:23:23.810915Z"}
{"event": "capability_draft_created", "level": "info", "logger": "app.research_web.capabilities.catalog", "timestamp": "2026-10-08T18:23:23.825266Z"}
{"event": "capability_checked", "level": "info", "logger": "app.research_web.capabilities.catalog", "timestamp": "2026-10-08T18:23:24.117293Z"}
{"event": "capability_native_projection_changed", "level": "info", "logger": "app.research_web.capabilities.catalog", "timestamp": "2026-10-08T18:23:24.135988Z"}
{"event": "capability_draft_created", "level": "info", "logger": "app.research_web.capabilities.catalog", "timestamp": "2026-10-08T18:23:24.150662Z"}
{"event": "capability_checked", "level": "info", "logger": "app.research_web.capabilities.catalog", "timestamp": "2026-10-08T18:23:24.441847Z"}
{"event": "capability_native_projection_changed", "level": "info", "logger": "app.research_web.capabilities.catalog", "timestamp": "2026-10-08T18:23:24.460664Z"}
{"event": "capability_draft_created", "level": "info", "logger": "app.research_web.capabilities.catalog", "timestamp": "2026-10-08T18:23:24.476622Z"}
{"event": "capability_checked", "level": "info", "logger": "app.research_web.capabilities.catalog", "timestamp": "2026-10-08T18:23:24.771167Z"}
{"event": "capability_native_projection_changed", "level": "info", "logger": "app.research_web.capabilities.catalog", "timestamp": "2026-10-08T18:23:24.791406Z"}
{"event": "capability_draft_created", "level": "info", "logger": "app.research_web.capabilities.catalog", "timestamp": "2026-10-08T18:23:24.808541Z"}
{"event": "capability_checked", "level": "info", "logger": "app.research_web.capabilities.catalog", "timestamp": "2026-10-08T18:23:25.144357Z"}
{"event": "capability_native_projection_changed", "level": "info", "logger": "app.research_web.capabilities.catalog", "timestamp": "2026-10-08T18:23:25.166123Z"}
{"event": "capability_draft_created", "level": "info", "logger": "app.research_web.capabilities.catalog", "timestamp": "2026-10-08T18:23:25.184565Z"}
{"event": "capability_checked", "level": "info", "logger": "app.research_web.capabilities.catalog", "timestamp": "2026-10-08T18:23:25.480545Z"}
{"event": "capability_native_projection_changed", "level": "info", "logger": "app.research_web.capabilities.catalog", "timestamp": "2026-10-08T18:23:25.504612Z"}
{"event": "capability_draft_created", "level": "info", "logger": "app.research_web.capabilities.catalog", "timestamp": "2026-10-08T18:23:25.548993Z"}
{"event": "capability_checked", "level": "info", "logger": "app.research_web.capabilities.catalog", "timestamp": "2026-10-08T18:23:25.848662Z"}
{"event": "capability_native_projection_changed", "level": "info", "logger": "app.research_web.capabilities.catalog", "timestamp": "2026-10-08T18:23:25.874394Z"}
{"event": "capability_draft_created", "level": "info", "logger": "app.research_web.capabilities.catalog", "timestamp": "2026-10-08T18:23:25.896570Z"}
{"event": "capability_checked", "level": "info", "logger": "app.research_web.capabilities.catalog", "timestamp": "2026-10-08T18:23:26.237208Z"}
{"event": "capability_native_projection_changed", "level": "info", "logger": "app.research_web.capabilities.catalog", "timestamp": "2026-10-08T18:23:26.269004Z"}
{"event": "capability_draft_created", "level": "info", "logger": "app.research_web.capabilities.catalog", "timestamp": "2026-10-08T18:23:26.293447Z"}
{"event": "capability_checked", "level": "info", "logger": "app.research_web.capabilities.catalog", "timestamp": "2026-10-08T18:23:26.593674Z"}
{"event": "capability_native_projection_changed", "level": "info", "logger": "app.research_web.capabilities.catalog", "timestamp": "2026-10-08T18:23:26.620861Z"}
{"event": "capability_draft_created", "level": "info", "logger": "app.research_web.capabilities.catalog", "timestamp": "2026-10-08T18:23:26.645322Z"}
{"event": "capability_checked", "level": "info", "logger": "app.research_web.capabilities.catalog", "timestamp": "2026-10-08T18:23:26.942532Z"}
{"event": "capability_native_projection_changed", "level": "info", "logger": "app.research_web.capabilities.catalog", "timestamp": "2026-10-08T18:23:26.970864Z"}
{"event": "capability_draft_created", "level": "info", "logger": "app.research_web.capabilities.catalog", "timestamp": "2026-10-08T18:23:26.996839Z"}
{"event": "capability_checked", "level": "info", "logger": "app.research_web.capabilities.catalog", "timestamp": "2026-10-08T18:23:27.294388Z"}
{"event": "capability_native_projection_changed", "level": "info", "logger": "app.research_web.capabilities.catalog", "timestamp": "2026-10-08T18:23:27.329234Z"}
{"event": "capability_draft_created", "level": "info", "logger": "app.research_web.capabilities.catalog", "timestamp": "2026-10-08T18:23:27.357396Z"}
{"event": "capability_checked", "level": "info", "logger": "app.research_web.capabilities.catalog", "timestamp": "2026-10-08T18:23:27.698364Z"}
{"event": "capability_native_projection_changed", "level": "info", "logger": "app.research_web.capabilities.catalog", "timestamp": "2026-10-08T18:23:27.731721Z"}
{"event": "capability_draft_created", "level": "info", "logger": "app.research_web.capabilities.catalog", "timestamp": "2026-10-08T18:23:27.764985Z"}
{"event": "capability_checked", "level": "info", "logger": "app.research_web.capabilities.catalog", "timestamp": "2026-10-08T18:23:28.100432Z"}
{"event": "capability_native_projection_changed", "level": "info", "logger": "app.research_web.capabilities.catalog", "timestamp": "2026-10-08T18:23:28.133320Z"}
{"event": "capability_draft_created", "level": "info", "logger": "app.research_web.capabilities.catalog", "timestamp": "2026-10-08T18:23:28.163745Z"}
{"event": "capability_checked", "level": "info", "logger": "app.research_web.capabilities.catalog", "timestamp": "2026-10-08T18:23:28.463405Z"}
{"event": "capability_native_projection_changed", "level": "info", "logger": "app.research_web.capabilities.catalog", "timestamp": "2026-10-08T18:23:28.498458Z"}
{"event": "capability_draft_created", "level": "info", "logger": "app.research_web.capabilities.catalog", "timestamp": "2026-10-08T18:23:28.529498Z"}
{"event": "capability_checked", "level": "info", "logger": "app.research_web.capabilities.catalog", "timestamp": "2026-10-08T18:23:28.548224Z"}
{"event": "capability_native_projection_changed", "level": "info", "logger": "app.research_web.capabilities.catalog", "timestamp": "2026-10-08T18:23:28.585927Z"}
{"event": "capability_draft_created", "level": "info", "logger": "app.research_web.capabilities.catalog", "timestamp": "2026-10-08T18:23:28.617573Z"}
{"event": "capability_checked", "level": "info", "logger": "app.research_web.capabilities.catalog", "timestamp": "2026-10-08T18:23:28.637609Z"}
{"event": "capability_native_projection_changed", "level": "info", "logger": "app.research_web.capabilities.catalog", "timestamp": "2026-10-08T18:23:28.672028Z"}
{"event": "capability_draft_created", "level": "info", "logger": "app.research_web.capabilities.catalog", "timestamp": "2026-10-08T18:23:28.704519Z"}
{"event": "capability_checked", "level": "info", "logger": "app.research_web.capabilities.catalog", "timestamp": "2026-10-08T18:23:28.723729Z"}
{"event": "capability_native_projection_changed", "level": "info", "logger": "app.research_web.capabilities.catalog", "timestamp": "2026-10-08T18:23:28.758434Z"}
{"event": "capability_draft_created", "level": "info", "logger": "app.research_web.capabilities.catalog", "timestamp": "2026-10-08T18:23:28.790189Z"}
{"event": "capability_checked", "level": "info", "logger": "app.research_web.capabilities.catalog", "timestamp": "2026-10-08T18:23:28.809666Z"}
{"event": "capability_native_projection_changed", "level": "info", "logger": "app.research_web.capabilities.catalog", "timestamp": "2026-10-08T18:23:28.844699Z"}
{"event": "capability_draft_created", "level": "info", "logger": "app.research_web.capabilities.catalog", "timestamp": "2026-10-08T18:23:28.877345Z"}
{"event": "capability_checked", "level": "info", "logger": "app.research_web.capabilities.catalog", "timestamp": "2026-10-08T18:23:28.898644Z"}
{"event": "capability_native_projection_changed", "level": "info", "logger": "app.research_web.capabilities.catalog", "timestamp": "2026-10-08T18:23:28.937720Z"}
{"event": "capability_draft_created", "level": "info", "logger": "app.research_web.capabilities.catalog", "timestamp": "2026-10-08T18:23:28.978940Z"}
{"event": "capability_checked", "level": "info", "logger": "app.research_web.capabilities.catalog", "timestamp": "2026-10-08T18:23:28.999535Z"}
{"event": "capability_native_projection_changed", "level": "info", "logger": "app.research_web.capabilities.catalog", "timestamp": "2026-10-08T18:23:29.034969Z"}
{"event": "capability_draft_created", "level": "info", "logger": "app.research_web.capabilities.catalog", "timestamp": "2026-10-08T18:23:29.067874Z"}
{"event": "capability_checked", "level": "info", "logger": "app.research_web.capabilities.catalog", "timestamp": "2026-10-08T18:23:29.087459Z"}
{"event": "capability_native_projection_changed", "level": "info", "logger": "app.research_web.capabilities.catalog", "timestamp": "2026-10-08T18:23:29.122222Z"}
{"event": "capability_draft_created", "level": "info", "logger": "app.research_web.capabilities.catalog", "timestamp": "2026-10-08T18:23:29.155604Z"}
{"event": "capability_checked", "level": "info", "logger": "app.research_web.capabilities.catalog", "timestamp": "2026-10-08T18:23:29.176006Z"}
{"event": "capability_native_projection_changed", "level": "info", "logger": "app.research_web.capabilities.catalog", "timestamp": "2026-10-08T18:23:29.210723Z"}
{"event": "capability_draft_created", "level": "info", "logger": "app.research_web.capabilities.catalog", "timestamp": "2026-10-08T18:23:29.244395Z"}
{"event": "capability_checked", "level": "info", "logger": "app.research_web.capabilities.catalog", "timestamp": "2026-10-08T18:23:29.263177Z"}
{"event": "capability_native_projection_changed", "level": "info", "logger": "app.research_web.capabilities.catalog", "timestamp": "2026-10-08T18:23:29.299609Z"}
{"event": "capability_draft_created", "level": "info", "logger": "app.research_web.capabilities.catalog", "timestamp": "2026-10-08T18:23:29.334155Z"}
{"event": "capability_checked", "level": "info", "logger": "app.research_web.capabilities.catalog", "timestamp": "2026-10-08T18:23:29.354202Z"}
{"event": "capability_native_projection_changed", "level": "info", "logger": "app.research_web.capabilities.catalog", "timestamp": "2026-10-08T18:23:29.389763Z"}
{"event": "capability_draft_created", "level": "info", "logger": "app.research_web.capabilities.catalog", "timestamp": "2026-10-08T18:23:29.424305Z"}
{"event": "capability_checked", "level": "info", "logger": "app.research_web.capabilities.catalog", "timestamp": "2026-10-08T18:23:29.444563Z"}
{"event": "capability_native_projection_changed", "level": "info", "logger": "app.research_web.capabilities.catalog", "timestamp": "2026-10-08T18:23:29.481838Z"}
{"event": "capability_draft_created", "level": "info", "logger": "app.research_web.capabilities.catalog", "timestamp": "2026-10-08T18:23:29.521811Z"}
{"event": "capability_checked", "level": "info", "logger": "app.research_web.capabilities.catalog", "timestamp": "2026-10-08T18:23:29.543109Z"}
{"event": "capability_native_projection_changed", "level": "info", "logger": "app.research_web.capabilities.catalog", "timestamp": "2026-10-08T18:23:29.580125Z"}
{"event": "capability_draft_created", "level": "info", "logger": "app.research_web.capabilities.catalog", "timestamp": "2026-10-08T18:23:29.615613Z"}
{"event": "capability_checked", "level": "info", "logger": "app.research_web.capabilities.catalog", "timestamp": "2026-10-08T18:23:29.636137Z"}
{"event": "capability_native_projection_changed", "level": "info", "logger": "app.research_web.capabilities.catalog", "timestamp": "2026-10-08T18:23:29.672817Z"}
{"event": "capability_draft_created", "level": "info", "logger": "app.research_web.capabilities.catalog", "timestamp": "2026-10-08T18:23:29.708753Z"}
{"event": "capability_checked", "level": "info", "logger": "app.research_web.capabilities.catalog", "timestamp": "2026-10-08T18:23:29.730333Z"}
{"event": "capability_native_projection_changed", "level": "info", "logger": "app.research_web.capabilities.catalog", "timestamp": "2026-10-08T18:23:29.770795Z"}
{"event": "framework_runtime_started", "level": "info", "logger": "app.research_web.frameworks.service", "timestamp": "2026-10-08T18:23:29.910988Z"}
{"event": "mcp_registry_service_started", "level": "info", "logger": "app.research_web.mcp_registry.service", "timestamp": "2026-10-08T18:23:29.911115Z"}
{"event": "mcp_runtime_service_started", "level": "info", "logger": "app.research_web.mcp_runtime.service", "timestamp": "2026-10-08T18:23:29.911190Z"}
{"event": "Scheduler started", "level": "info", "logger": "apscheduler.scheduler", "timestamp": "2026-10-08T18:23:29.911747Z"}
{"event": "research_web_started", "level": "info", "logger": "app.research_web.main", "timestamp": "2026-10-08T18:23:29.911874Z"}
{"event": "report_workflow_draft_created", "level": "info", "logger": "app.research_web.report_workflows.catalog", "timestamp": "2026-10-08T18:23:29.954569Z"}
{"event": "HTTP Request: POST http://testserver/api/research/report-workflows \"HTTP/1.1 201 Created\"", "level": "info", "logger": "httpx2", "timestamp": "2026-10-08T18:23:29.957939Z"}
{"event": "report_workflow_resource_uploaded", "level": "info", "logger": "app.research_web.report_workflows.catalog", "timestamp": "2026-10-08T18:23:29.961006Z"}
{"event": "HTTP Request: POST http://testserver/api/research/report-workflows/disabled-report/resources \"HTTP/1.1 201 Created\"", "level": "info", "logger": "httpx2", "timestamp": "2026-10-08T18:23:29.962106Z"}
{"event": "report_workflow_version_created", "level": "info", "logger": "app.research_web.report_workflows.catalog", "timestamp": "2026-10-08T18:23:29.969274Z"}
{"event": "HTTP Request: POST http://testserver/api/research/report-workflows/disabled-report/versions \"HTTP/1.1 201 Created\"", "level": "info", "logger": "httpx2", "timestamp": "2026-10-08T18:23:29.970287Z"}
{"event": "report_workflow_version_published", "level": "info", "logger": "app.research_web.report_workflows.catalog", "timestamp": "2026-10-08T18:23:29.994577Z"}
{"event": "HTTP Request: POST http://testserver/api/research/report-workflows/disabled-report/versions/1/publish \"HTTP/1.1 200 OK\"", "level": "info", "logger": "httpx2", "timestamp": "2026-10-08T18:23:30.001558Z"}
{"event": "HTTP Request: PUT http://testserver/api/research/report-workflows/disabled-report/schedule \"HTTP/1.1 200 OK\"", "level": "info", "logger": "httpx2", "timestamp": "2026-10-08T18:23:30.005332Z"}
{"event": "report_workflow_draft_created", "level": "info", "logger": "app.research_web.report_workflows.catalog", "timestamp": "2026-10-08T18:23:30.008574Z"}
{"event": "HTTP Request: POST http://testserver/api/research/report-workflows \"HTTP/1.1 201 Created\"", "level": "info", "logger": "httpx2", "timestamp": "2026-10-08T18:23:30.012090Z"}
{"event": "report_workflow_resource_uploaded", "level": "info", "logger": "app.research_web.report_workflows.catalog", "timestamp": "2026-10-08T18:23:30.015177Z"}
{"event": "HTTP Request: POST http://testserver/api/research/report-workflows/ready-report/resources \"HTTP/1.1 201 Created\"", "level": "info", "logger": "httpx2", "timestamp": "2026-10-08T18:23:30.016363Z"}
{"event": "report_workflow_version_created", "level": "info", "logger": "app.research_web.report_workflows.catalog", "timestamp": "2026-10-08T18:23:30.023698Z"}
{"event": "HTTP Request: POST http://testserver/api/research/report-workflows/ready-report/versions \"HTTP/1.1 201 Created\"", "level": "info", "logger": "httpx2", "timestamp": "2026-10-08T18:23:30.025037Z"}
{"event": "report_workflow_version_published", "level": "info", "logger": "app.research_web.report_workflows.catalog", "timestamp": "2026-10-08T18:23:30.048268Z"}
{"event": "HTTP Request: POST http://testserver/api/research/report-workflows/ready-report/versions/1/publish \"HTTP/1.1 200 OK\"", "level": "info", "logger": "httpx2", "timestamp": "2026-10-08T18:23:30.055469Z"}
{"event": "HTTP Request: PUT http://testserver/api/research/report-workflows/ready-report/schedule \"HTTP/1.1 200 OK\"", "level": "info", "logger": "httpx2", "timestamp": "2026-10-08T18:23:30.060281Z"}
{"event": "HTTP Request: POST http://testserver/api/research/report-workflows/disabled-report/disable \"HTTP/1.1 200 OK\"", "level": "info", "logger": "httpx2", "timestamp": "2026-10-08T18:23:30.069006Z"}
{"event": "report_workflow_schedule_failed", "level": "warning", "logger": "app.research_web.report_workflows.runtime", "timestamp": "2026-10-08T18:23:30.072542Z"}
.{"event": "Scheduler has been shut down", "level": "info", "logger": "apscheduler.scheduler", "timestamp": "2026-10-08T18:23:30.074603Z"}
{"event": "framework_runtime_closed", "level": "info", "logger": "app.research_web.frameworks.service", "timestamp": "2026-10-08T18:23:30.075298Z"}
{"event": "capability_draft_created", "level": "info", "logger": "app.research_web.capabilities.catalog", "timestamp": "2026-10-08T18:23:30.105966Z"}
{"event": "capability_checked", "level": "info", "logger": "app.research_web.capabilities.catalog", "timestamp": "2026-10-08T18:23:30.155323Z"}
{"event": "capability_native_projection_changed", "level": "info", "logger": "app.research_web.capabilities.catalog", "timestamp": "2026-10-08T18:23:30.160066Z"}
{"event": "capability_draft_created", "level": "info", "logger": "app.research_web.capabilities.catalog", "timestamp": "2026-10-08T18:23:30.161474Z"}
{"event": "capability_checked", "level": "info", "logger": "app.research_web.capabilities.catalog", "timestamp": "2026-10-08T18:23:30.166340Z"}
{"event": "capability_native_projection_changed", "level": "info", "logger": "app.research_web.capabilities.catalog", "timestamp": "2026-10-08T18:23:30.171254Z"}
{"event": "capability_draft_created", "level": "info", "logger": "app.research_web.capabilities.catalog", "timestamp": "2026-10-08T18:23:30.173470Z"}
{"event": "capability_checked", "level": "info", "logger": "app.research_web.capabilities.catalog", "timestamp": "2026-10-08T18:23:30.178964Z"}
{"event": "capability_native_projection_changed", "level": "info", "logger": "app.research_web.capabilities.catalog", "timestamp": "2026-10-08T18:23:30.184180Z"}
{"event": "capability_draft_created", "level": "info", "logger": "app.research_web.capabilities.catalog", "timestamp": "2026-10-08T18:23:30.186296Z"}
{"event": "capability_checked", "level": "info", "logger": "app.research_web.capabilities.catalog", "timestamp": "2026-10-08T18:23:30.191435Z"}
{"event": "capability_native_projection_changed", "level": "info", "logger": "app.research_web.capabilities.catalog", "timestamp": "2026-10-08T18:23:30.196529Z"}
{"event": "capability_draft_created", "level": "info", "logger": "app.research_web.capabilities.catalog", "timestamp": "2026-10-08T18:23:30.198627Z"}
{"event": "capability_checked", "level": "info", "logger": "app.research_web.capabilities.catalog", "timestamp": "2026-10-08T18:23:30.204986Z"}
{"event": "capability_native_projection_changed", "level": "info", "logger": "app.research_web.capabilities.catalog", "timestamp": "2026-10-08T18:23:30.210908Z"}
{"event": "capability_draft_created", "level": "info", "logger": "app.research_web.capabilities.catalog", "timestamp": "2026-10-08T18:23:30.213608Z"}
{"event": "capability_checked", "level": "info", "logger": "app.research_web.capabilities.catalog", "timestamp": "2026-10-08T18:23:30.218341Z"}
{"event": "capability_native_projection_changed", "level": "info", "logger": "app.research_web.capabilities.catalog", "timestamp": "2026-10-08T18:23:30.223790Z"}
{"event": "capability_draft_created", "level": "info", "logger": "app.research_web.capabilities.catalog", "timestamp": "2026-10-08T18:23:30.227069Z"}
{"event": "capability_checked", "level": "info", "logger": "app.research_web.capabilities.catalog", "timestamp": "2026-10-08T18:23:30.251601Z"}
{"event": "capability_native_projection_changed", "level": "info", "logger": "app.research_web.capabilities.catalog", "timestamp": "2026-10-08T18:23:30.262534Z"}
{"event": "capability_draft_created", "level": "info", "logger": "app.research_web.capabilities.catalog", "timestamp": "2026-10-08T18:23:30.266345Z"}
{"event": "capability_checked", "level": "info", "logger": "app.research_web.capabilities.catalog", "timestamp": "2026-10-08T18:23:30.271601Z"}
{"event": "capability_native_projection_changed", "level": "info", "logger": "app.research_web.capabilities.catalog", "timestamp": "2026-10-08T18:23:30.278168Z"}
{"event": "capability_draft_created", "level": "info", "logger": "app.research_web.capabilities.catalog", "timestamp": "2026-10-08T18:23:30.282153Z"}
{"event": "capability_checked", "level": "info", "logger": "app.research_web.capabilities.catalog", "timestamp": "2026-10-08T18:23:30.287632Z"}
{"event": "capability_native_projection_changed", "level": "info", "logger": "app.research_web.capabilities.catalog", "timestamp": "2026-10-08T18:23:30.294177Z"}
{"event": "capability_draft_created", "level": "info", "logger": "app.research_web.capabilities.catalog", "timestamp": "2026-10-08T18:23:30.298972Z"}
{"event": "capability_checked", "level": "info", "logger": "app.research_web.capabilities.catalog", "timestamp": "2026-10-08T18:23:30.304452Z"}
{"event": "capability_native_projection_changed", "level": "info", "logger": "app.research_web.capabilities.catalog", "timestamp": "2026-10-08T18:23:30.312012Z"}
{"event": "capability_draft_created", "level": "info", "logger": "app.research_web.capabilities.catalog", "timestamp": "2026-10-08T18:23:30.316705Z"}
{"event": "capability_checked", "level": "info", "logger": "app.research_web.capabilities.catalog", "timestamp": "2026-10-08T18:23:30.322590Z"}
{"event": "capability_native_projection_changed", "level": "info", "logger": "app.research_web.capabilities.catalog", "timestamp": "2026-10-08T18:23:30.330981Z"}
{"event": "capability_draft_created", "level": "info", "logger": "app.research_web.capabilities.catalog", "timestamp": "2026-10-08T18:23:30.337348Z"}
{"event": "capability_checked", "level": "info", "logger": "app.research_web.capabilities.catalog", "timestamp": "2026-10-08T18:23:30.344246Z"}
{"event": "capability_native_projection_changed", "level": "info", "logger": "app.research_web.capabilities.catalog", "timestamp": "2026-10-08T18:23:30.354119Z"}
{"event": "capability_draft_created", "level": "info", "logger": "app.research_web.capabilities.catalog", "timestamp": "2026-10-08T18:23:30.361221Z"}
{"event": "capability_checked", "level": "info", "logger": "app.research_web.capabilities.catalog", "timestamp": "2026-10-08T18:23:30.645390Z"}
{"event": "capability_native_projection_changed", "level": "info", "logger": "app.research_web.capabilities.catalog", "timestamp": "2026-10-08T18:23:30.655965Z"}
{"event": "capability_draft_created", "level": "info", "logger": "app.research_web.capabilities.catalog", "timestamp": "2026-10-08T18:23:30.664180Z"}
{"event": "capability_checked", "level": "info", "logger": "app.research_web.capabilities.catalog", "timestamp": "2026-10-08T18:23:30.968426Z"}
{"event": "capability_native_projection_changed", "level": "info", "logger": "app.research_web.capabilities.catalog", "timestamp": "2026-10-08T18:23:30.980613Z"}
{"event": "capability_draft_created", "level": "info", "logger": "app.research_web.capabilities.catalog", "timestamp": "2026-10-08T18:23:30.990046Z"}
{"event": "capability_checked", "level": "info", "logger": "app.research_web.capabilities.catalog", "timestamp": "2026-10-08T18:23:31.284567Z"}
{"event": "capability_native_projection_changed", "level": "info", "logger": "app.research_web.capabilities.catalog", "timestamp": "2026-10-08T18:23:31.298863Z"}
{"event": "capability_draft_created", "level": "info", "logger": "app.research_web.capabilities.catalog", "timestamp": "2026-10-08T18:23:31.309868Z"}
{"event": "capability_checked", "level": "info", "logger": "app.research_web.capabilities.catalog", "timestamp": "2026-10-08T18:23:31.655067Z"}
{"event": "capability_native_projection_changed", "level": "info", "logger": "app.research_web.capabilities.catalog", "timestamp": "2026-10-08T18:23:31.670235Z"}
{"event": "capability_draft_created", "level": "info", "logger": "app.research_web.capabilities.catalog", "timestamp": "2026-10-08T18:23:31.683508Z"}
{"event": "capability_checked", "level": "info", "logger": "app.research_web.capabilities.catalog", "timestamp": "2026-10-08T18:23:31.972497Z"}
{"event": "capability_native_projection_changed", "level": "info", "logger": "app.research_web.capabilities.catalog", "timestamp": "2026-10-08T18:23:31.988988Z"}
{"event": "capability_draft_created", "level": "info", "logger": "app.research_web.capabilities.catalog", "timestamp": "2026-10-08T18:23:32.002561Z"}
{"event": "capability_checked", "level": "info", "logger": "app.research_web.capabilities.catalog", "timestamp": "2026-10-08T18:23:32.291338Z"}
{"event": "capability_native_projection_changed", "level": "info", "logger": "app.research_web.capabilities.catalog", "timestamp": "2026-10-08T18:23:32.308861Z"}
{"event": "capability_draft_created", "level": "info", "logger": "app.research_web.capabilities.catalog", "timestamp": "2026-10-08T18:23:32.323946Z"}
{"event": "capability_checked", "level": "info", "logger": "app.research_web.capabilities.catalog", "timestamp": "2026-10-08T18:23:32.610190Z"}
{"event": "capability_native_projection_changed", "level": "info", "logger": "app.research_web.capabilities.catalog", "timestamp": "2026-10-08T18:23:32.628979Z"}
{"event": "capability_draft_created", "level": "info", "logger": "app.research_web.capabilities.catalog", "timestamp": "2026-10-08T18:23:32.646550Z"}
{"event": "capability_checked", "level": "info", "logger": "app.research_web.capabilities.catalog", "timestamp": "2026-10-08T18:23:33.069398Z"}
{"event": "capability_native_projection_changed", "level": "info", "logger": "app.research_web.capabilities.catalog", "timestamp": "2026-10-08T18:23:33.089584Z"}
{"event": "capability_draft_created", "level": "info", "logger": "app.research_web.capabilities.catalog", "timestamp": "2026-10-08T18:23:33.106705Z"}
{"event": "capability_checked", "level": "info", "logger": "app.research_web.capabilities.catalog", "timestamp": "2026-10-08T18:23:33.402836Z"}
{"event": "capability_native_projection_changed", "level": "info", "logger": "app.research_web.capabilities.catalog", "timestamp": "2026-10-08T18:23:33.424987Z"}
{"event": "capability_draft_created", "level": "info", "logger": "app.research_web.capabilities.catalog", "timestamp": "2026-10-08T18:23:33.443753Z"}
{"event": "capability_checked", "level": "info", "logger": "app.research_web.capabilities.catalog", "timestamp": "2026-10-08T18:23:33.746776Z"}
{"event": "capability_native_projection_changed", "level": "info", "logger": "app.research_web.capabilities.catalog", "timestamp": "2026-10-08T18:23:33.770192Z"}
{"event": "capability_draft_created", "level": "info", "logger": "app.research_web.capabilities.catalog", "timestamp": "2026-10-08T18:23:33.790599Z"}
{"event": "capability_checked", "level": "info", "logger": "app.research_web.capabilities.catalog", "timestamp": "2026-10-08T18:23:34.090924Z"}
{"event": "capability_native_projection_changed", "level": "info", "logger": "app.research_web.capabilities.catalog", "timestamp": "2026-10-08T18:23:34.121664Z"}
{"event": "capability_draft_created", "level": "info", "logger": "app.research_web.capabilities.catalog", "timestamp": "2026-10-08T18:23:34.145858Z"}
{"event": "capability_checked", "level": "info", "logger": "app.research_web.capabilities.catalog", "timestamp": "2026-10-08T18:23:34.479206Z"}
{"event": "capability_native_projection_changed", "level": "info", "logger": "app.research_web.capabilities.catalog", "timestamp": "2026-10-08T18:23:34.504295Z"}
{"event": "capability_draft_created", "level": "info", "logger": "app.research_web.capabilities.catalog", "timestamp": "2026-10-08T18:23:34.527404Z"}
{"event": "capability_checked", "level": "info", "logger": "app.research_web.capabilities.catalog", "timestamp": "2026-10-08T18:23:34.828516Z"}
{"event": "capability_native_projection_changed", "level": "info", "logger": "app.research_web.capabilities.catalog", "timestamp": "2026-10-08T18:23:34.855660Z"}
{"event": "capability_draft_created", "level": "info", "logger": "app.research_web.capabilities.catalog", "timestamp": "2026-10-08T18:23:34.880138Z"}
{"event": "capability_checked", "level": "info", "logger": "app.research_web.capabilities.catalog", "timestamp": "2026-10-08T18:23:35.169452Z"}
{"event": "capability_native_projection_changed", "level": "info", "logger": "app.research_web.capabilities.catalog", "timestamp": "2026-10-08T18:23:35.198638Z"}
{"event": "capability_draft_created", "level": "info", "logger": "app.research_web.capabilities.catalog", "timestamp": "2026-10-08T18:23:35.225474Z"}
{"event": "capability_checked", "level": "info", "logger": "app.research_web.capabilities.catalog", "timestamp": "2026-10-08T18:23:35.579380Z"}
{"event": "capability_native_projection_changed", "level": "info", "logger": "app.research_web.capabilities.catalog", "timestamp": "2026-10-08T18:23:35.610321Z"}
{"event": "capability_draft_created", "level": "info", "logger": "app.research_web.capabilities.catalog", "timestamp": "2026-10-08T18:23:35.637749Z"}
{"event": "capability_checked", "level": "info", "logger": "app.research_web.capabilities.catalog", "timestamp": "2026-10-08T18:23:35.944595Z"}
{"event": "capability_native_projection_changed", "level": "info", "logger": "app.research_web.capabilities.catalog", "timestamp": "2026-10-08T18:23:35.977255Z"}
{"event": "capability_draft_created", "level": "info", "logger": "app.research_web.capabilities.catalog", "timestamp": "2026-10-08T18:23:36.006373Z"}
{"event": "capability_checked", "level": "info", "logger": "app.research_web.capabilities.catalog", "timestamp": "2026-10-08T18:23:36.296688Z"}
{"event": "capability_native_projection_changed", "level": "info", "logger": "app.research_web.capabilities.catalog", "timestamp": "2026-10-08T18:23:36.330070Z"}
{"event": "capability_draft_created", "level": "info", "logger": "app.research_web.capabilities.catalog", "timestamp": "2026-10-08T18:23:36.359465Z"}
{"event": "capability_checked", "level": "info", "logger": "app.research_web.capabilities.catalog", "timestamp": "2026-10-08T18:23:36.676870Z"}
{"event": "capability_native_projection_changed", "level": "info", "logger": "app.research_web.capabilities.catalog", "timestamp": "2026-10-08T18:23:36.710805Z"}
{"event": "capability_draft_created", "level": "info", "logger": "app.research_web.capabilities.catalog", "timestamp": "2026-10-08T18:23:36.741694Z"}
{"event": "capability_checked", "level": "info", "logger": "app.research_web.capabilities.catalog", "timestamp": "2026-10-08T18:23:36.760342Z"}
{"event": "capability_native_projection_changed", "level": "info", "logger": "app.research_web.capabilities.catalog", "timestamp": "2026-10-08T18:23:36.792462Z"}
{"event": "capability_draft_created", "level": "info", "logger": "app.research_web.capabilities.catalog", "timestamp": "2026-10-08T18:23:36.822632Z"}
{"event": "capability_checked", "level": "info", "logger": "app.research_web.capabilities.catalog", "timestamp": "2026-10-08T18:23:36.840987Z"}
{"event": "capability_native_projection_changed", "level": "info", "logger": "app.research_web.capabilities.catalog", "timestamp": "2026-10-08T18:23:36.874111Z"}
{"event": "capability_draft_created", "level": "info", "logger": "app.research_web.capabilities.catalog", "timestamp": "2026-10-08T18:23:36.905515Z"}
{"event": "capability_checked", "level": "info", "logger": "app.research_web.capabilities.catalog", "timestamp": "2026-10-08T18:23:36.924224Z"}
{"event": "capability_native_projection_changed", "level": "info", "logger": "app.research_web.capabilities.catalog", "timestamp": "2026-10-08T18:23:36.957805Z"}
{"event": "capability_draft_created", "level": "info", "logger": "app.research_web.capabilities.catalog", "timestamp": "2026-10-08T18:23:36.990835Z"}
{"event": "capability_checked", "level": "info", "logger": "app.research_web.capabilities.catalog", "timestamp": "2026-10-08T18:23:37.015091Z"}
{"event": "capability_native_projection_changed", "level": "info", "logger": "app.research_web.capabilities.catalog", "timestamp": "2026-10-08T18:23:37.048156Z"}
{"event": "capability_draft_created", "level": "info", "logger": "app.research_web.capabilities.catalog", "timestamp": "2026-10-08T18:23:37.080304Z"}
{"event": "capability_checked", "level": "info", "logger": "app.research_web.capabilities.catalog", "timestamp": "2026-10-08T18:23:37.099375Z"}
{"event": "capability_native_projection_changed", "level": "info", "logger": "app.research_web.capabilities.catalog", "timestamp": "2026-10-08T18:23:37.132971Z"}
{"event": "capability_draft_created", "level": "info", "logger": "app.research_web.capabilities.catalog", "timestamp": "2026-10-08T18:23:37.165131Z"}
{"event": "capability_checked", "level": "info", "logger": "app.research_web.capabilities.catalog", "timestamp": "2026-10-08T18:23:37.184455Z"}
{"event": "capability_native_projection_changed", "level": "info", "logger": "app.research_web.capabilities.catalog", "timestamp": "2026-10-08T18:23:37.218638Z"}
{"event": "capability_draft_created", "level": "info", "logger": "app.research_web.capabilities.catalog", "timestamp": "2026-10-08T18:23:37.250851Z"}
{"event": "capability_checked", "level": "info", "logger": "app.research_web.capabilities.catalog", "timestamp": "2026-10-08T18:23:37.271046Z"}
{"event": "capability_native_projection_changed", "level": "info", "logger": "app.research_web.capabilities.catalog", "timestamp": "2026-10-08T18:23:37.304760Z"}
{"event": "capability_draft_created", "level": "info", "logger": "app.research_web.capabilities.catalog", "timestamp": "2026-10-08T18:23:37.337154Z"}
{"event": "capability_checked", "level": "info", "logger": "app.research_web.capabilities.catalog", "timestamp": "2026-10-08T18:23:37.356335Z"}
{"event": "capability_native_projection_changed", "level": "info", "logger": "app.research_web.capabilities.catalog", "timestamp": "2026-10-08T18:23:37.390360Z"}
{"event": "capability_draft_created", "level": "info", "logger": "app.research_web.capabilities.catalog", "timestamp": "2026-10-08T18:23:37.422060Z"}
{"event": "capability_checked", "level": "info", "logger": "app.research_web.capabilities.catalog", "timestamp": "2026-10-08T18:23:37.440805Z"}
{"event": "capability_native_projection_changed", "level": "info", "logger": "app.research_web.capabilities.catalog", "timestamp": "2026-10-08T18:23:37.474016Z"}
{"event": "capability_draft_created", "level": "info", "logger": "app.research_web.capabilities.catalog", "timestamp": "2026-10-08T18:23:37.506980Z"}
{"event": "capability_checked", "level": "info", "logger": "app.research_web.capabilities.catalog", "timestamp": "2026-10-08T18:23:37.527019Z"}
{"event": "capability_native_projection_changed", "level": "info", "logger": "app.research_web.capabilities.catalog", "timestamp": "2026-10-08T18:23:37.561203Z"}
{"event": "capability_draft_created", "level": "info", "logger": "app.research_web.capabilities.catalog", "timestamp": "2026-10-08T18:23:37.594172Z"}
{"event": "capability_checked", "level": "info", "logger": "app.research_web.capabilities.catalog", "timestamp": "2026-10-08T18:23:37.613475Z"}
{"event": "capability_native_projection_changed", "level": "info", "logger": "app.research_web.capabilities.catalog", "timestamp": "2026-10-08T18:23:37.647898Z"}
{"event": "capability_draft_created", "level": "info", "logger": "app.research_web.capabilities.catalog", "timestamp": "2026-10-08T18:23:37.681188Z"}
{"event": "capability_checked", "level": "info", "logger": "app.research_web.capabilities.catalog", "timestamp": "2026-10-08T18:23:37.701023Z"}
{"event": "capability_native_projection_changed", "level": "info", "logger": "app.research_web.capabilities.catalog", "timestamp": "2026-10-08T18:23:37.736347Z"}
{"event": "capability_draft_created", "level": "info", "logger": "app.research_web.capabilities.catalog", "timestamp": "2026-10-08T18:23:37.769995Z"}
{"event": "capability_checked", "level": "info", "logger": "app.research_web.capabilities.catalog", "timestamp": "2026-10-08T18:23:37.789350Z"}
{"event": "capability_native_projection_changed", "level": "info", "logger": "app.research_web.capabilities.catalog", "timestamp": "2026-10-08T18:23:37.825287Z"}
{"event": "capability_draft_created", "level": "info", "logger": "app.research_web.capabilities.catalog", "timestamp": "2026-10-08T18:23:37.858605Z"}
{"event": "capability_checked", "level": "info", "logger": "app.research_web.capabilities.catalog", "timestamp": "2026-10-08T18:23:37.878321Z"}
{"event": "capability_native_projection_changed", "level": "info", "logger": "app.research_web.capabilities.catalog", "timestamp": "2026-10-08T18:23:37.914065Z"}
{"event": "framework_runtime_started", "level": "info", "logger": "app.research_web.frameworks.service", "timestamp": "2026-10-08T18:23:38.044494Z"}
{"event": "mcp_registry_service_started", "level": "info", "logger": "app.research_web.mcp_registry.service", "timestamp": "2026-10-08T18:23:38.044610Z"}
{"event": "mcp_runtime_service_started", "level": "info", "logger": "app.research_web.mcp_runtime.service", "timestamp": "2026-10-08T18:23:38.044684Z"}
{"event": "Scheduler started", "level": "info", "logger": "apscheduler.scheduler", "timestamp": "2026-10-08T18:23:38.045212Z"}
{"event": "research_web_started", "level": "info", "logger": "app.research_web.main", "timestamp": "2026-10-08T18:23:38.045358Z"}
{"event": "report_workflow_draft_created", "level": "info", "logger": "app.research_web.report_workflows.catalog", "timestamp": "2026-10-08T18:23:38.089126Z"}
{"event": "HTTP Request: POST http://testserver/api/research/report-workflows \"HTTP/1.1 201 Created\"", "level": "info", "logger": "httpx2", "timestamp": "2026-10-08T18:23:38.092547Z"}
{"event": "report_workflow_resource_uploaded", "level": "info", "logger": "app.research_web.report_workflows.catalog", "timestamp": "2026-10-08T18:23:38.095380Z"}
{"event": "HTTP Request: POST http://testserver/api/research/report-workflows/malformed-report/resources \"HTTP/1.1 201 Created\"", "level": "info", "logger": "httpx2", "timestamp": "2026-10-08T18:23:38.096306Z"}
{"event": "report_workflow_version_created", "level": "info", "logger": "app.research_web.report_workflows.catalog", "timestamp": "2026-10-08T18:23:38.103464Z"}
{"event": "HTTP Request: POST http://testserver/api/research/report-workflows/malformed-report/versions \"HTTP/1.1 201 Created\"", "level": "info", "logger": "httpx2", "timestamp": "2026-10-08T18:23:38.104621Z"}
{"event": "report_workflow_version_published", "level": "info", "logger": "app.research_web.report_workflows.catalog", "timestamp": "2026-10-08T18:23:38.128320Z"}
{"event": "HTTP Request: POST http://testserver/api/research/report-workflows/malformed-report/versions/1/publish \"HTTP/1.1 200 OK\"", "level": "info", "logger": "httpx2", "timestamp": "2026-10-08T18:23:38.135368Z"}
{"event": "HTTP Request: PUT http://testserver/api/research/report-workflows/malformed-report/schedule \"HTTP/1.1 200 OK\"", "level": "info", "logger": "httpx2", "timestamp": "2026-10-08T18:23:38.139390Z"}
{"event": "report_workflow_draft_created", "level": "info", "logger": "app.research_web.report_workflows.catalog", "timestamp": "2026-10-08T18:23:38.142880Z"}
{"event": "HTTP Request: POST http://testserver/api/research/report-workflows \"HTTP/1.1 201 Created\"", "level": "info", "logger": "httpx2", "timestamp": "2026-10-08T18:23:38.146428Z"}
{"event": "report_workflow_resource_uploaded", "level": "info", "logger": "app.research_web.report_workflows.catalog", "timestamp": "2026-10-08T18:23:38.149554Z"}
{"event": "HTTP Request: POST http://testserver/api/research/report-workflows/error-report/resources \"HTTP/1.1 201 Created\"", "level": "info", "logger": "httpx2", "timestamp": "2026-10-08T18:23:38.150708Z"}
{"event": "report_workflow_version_created", "level": "info", "logger": "app.research_web.report_workflows.catalog", "timestamp": "2026-10-08T18:23:38.158173Z"}
{"event": "HTTP Request: POST http://testserver/api/research/report-workflows/error-report/versions \"HTTP/1.1 201 Created\"", "level": "info", "logger": "httpx2", "timestamp": "2026-10-08T18:23:38.159575Z"}
{"event": "report_workflow_version_published", "level": "info", "logger": "app.research_web.report_workflows.catalog", "timestamp": "2026-10-08T18:23:38.183556Z"}
{"event": "HTTP Request: POST http://testserver/api/research/report-workflows/error-report/versions/1/publish \"HTTP/1.1 200 OK\"", "level": "info", "logger": "httpx2", "timestamp": "2026-10-08T18:23:38.191181Z"}
{"event": "HTTP Request: PUT http://testserver/api/research/report-workflows/error-report/schedule \"HTTP/1.1 200 OK\"", "level": "info", "logger": "httpx2", "timestamp": "2026-10-08T18:23:38.195943Z"}
{"event": "report_workflow_draft_created", "level": "info", "logger": "app.research_web.report_workflows.catalog", "timestamp": "2026-10-08T18:23:38.199639Z"}
{"event": "HTTP Request: POST http://testserver/api/research/report-workflows \"HTTP/1.1 201 Created\"", "level": "info", "logger": "httpx2", "timestamp": "2026-10-08T18:23:38.203532Z"}
{"event": "report_workflow_resource_uploaded", "level": "info", "logger": "app.research_web.report_workflows.catalog", "timestamp": "2026-10-08T18:23:38.206672Z"}
{"event": "HTTP Request: POST http://testserver/api/research/report-workflows/later-report/resources \"HTTP/1.1 201 Created\"", "level": "info", "logger": "httpx2", "timestamp": "2026-10-08T18:23:38.208173Z"}
{"event": "report_workflow_version_created", "level": "info", "logger": "app.research_web.report_workflows.catalog", "timestamp": "2026-10-08T18:23:38.216891Z"}
{"event": "HTTP Request: POST http://testserver/api/research/report-workflows/later-report/versions \"HTTP/1.1 201 Created\"", "level": "info", "logger": "httpx2", "timestamp": "2026-10-08T18:23:38.218420Z"}
{"event": "report_workflow_version_published", "level": "info", "logger": "app.research_web.report_workflows.catalog", "timestamp": "2026-10-08T18:23:38.241935Z"}
{"event": "HTTP Request: POST http://testserver/api/research/report-workflows/later-report/versions/1/publish \"HTTP/1.1 200 OK\"", "level": "info", "logger": "httpx2", "timestamp": "2026-10-08T18:23:38.249701Z"}
{"event": "HTTP Request: PUT http://testserver/api/research/report-workflows/later-report/schedule \"HTTP/1.1 200 OK\"", "level": "info", "logger": "httpx2", "timestamp": "2026-10-08T18:23:38.254786Z"}
{"event": "report_workflow_schedule_failed", "level": "warning", "logger": "app.research_web.report_workflows.runtime", "timestamp": "2026-10-08T18:23:38.259747Z"}
{"event": "report_workflow_schedule_trigger_failed", "level": "error", "logger": "app.research_web.report_workflows.runtime", "timestamp": "2026-10-08T18:23:38.259865Z"}
{"event": "report_workflow_schedule_failed", "level": "warning", "logger": "app.research_web.report_workflows.runtime", "timestamp": "2026-10-08T18:23:38.261126Z"}
.{"event": "Scheduler has been shut down", "level": "info", "logger": "apscheduler.scheduler", "timestamp": "2026-10-08T18:23:38.263462Z"}
{"event": "framework_runtime_closed", "level": "info", "logger": "app.research_web.frameworks.service", "timestamp": "2026-10-08T18:23:38.264187Z"}
{"event": "capability_draft_created", "level": "info", "logger": "app.research_web.capabilities.catalog", "timestamp": "2026-10-08T18:23:38.297728Z"}
{"event": "capability_checked", "level": "info", "logger": "app.research_web.capabilities.catalog", "timestamp": "2026-10-08T18:23:38.303760Z"}
{"event": "capability_native_projection_changed", "level": "info", "logger": "app.research_web.capabilities.catalog", "timestamp": "2026-10-08T18:23:38.308429Z"}
{"event": "capability_draft_created", "level": "info", "logger": "app.research_web.capabilities.catalog", "timestamp": "2026-10-08T18:23:38.309785Z"}
{"event": "capability_checked", "level": "info", "logger": "app.research_web.capabilities.catalog", "timestamp": "2026-10-08T18:23:38.361705Z"}
{"event": "capability_native_projection_changed", "level": "info", "logger": "app.research_web.capabilities.catalog", "timestamp": "2026-10-08T18:23:38.366648Z"}
{"event": "capability_draft_created", "level": "info", "logger": "app.research_web.capabilities.catalog", "timestamp": "2026-10-08T18:23:38.368530Z"}
{"event": "capability_checked", "level": "info", "logger": "app.research_web.capabilities.catalog", "timestamp": "2026-10-08T18:23:38.373529Z"}
{"event": "capability_native_projection_changed", "level": "info", "logger": "app.research_web.capabilities.catalog", "timestamp": "2026-10-08T18:23:38.378167Z"}
{"event": "capability_draft_created", "level": "info", "logger": "app.research_web.capabilities.catalog", "timestamp": "2026-10-08T18:23:38.379938Z"}
{"event": "capability_checked", "level": "info", "logger": "app.research_web.capabilities.catalog", "timestamp": "2026-10-08T18:23:38.384789Z"}
{"event": "capability_native_projection_changed", "level": "info", "logger": "app.research_web.capabilities.catalog", "timestamp": "2026-10-08T18:23:38.389683Z"}
{"event": "capability_draft_created", "level": "info", "logger": "app.research_web.capabilities.catalog", "timestamp": "2026-10-08T18:23:38.391699Z"}
{"event": "capability_checked", "level": "info", "logger": "app.research_web.capabilities.catalog", "timestamp": "2026-10-08T18:23:38.398094Z"}
{"event": "capability_native_projection_changed", "level": "info", "logger": "app.research_web.capabilities.catalog", "timestamp": "2026-10-08T18:23:38.403545Z"}
{"event": "capability_draft_created", "level": "info", "logger": "app.research_web.capabilities.catalog", "timestamp": "2026-10-08T18:23:38.405889Z"}
{"event": "capability_checked", "level": "info", "logger": "app.research_web.capabilities.catalog", "timestamp": "2026-10-08T18:23:38.410199Z"}
{"event": "capability_native_projection_changed", "level": "info", "logger": "app.research_web.capabilities.catalog", "timestamp": "2026-10-08T18:23:38.415230Z"}
{"event": "capability_draft_created", "level": "info", "logger": "app.research_web.capabilities.catalog", "timestamp": "2026-10-08T18:23:38.418239Z"}
{"event": "capability_checked", "level": "info", "logger": "app.research_web.capabilities.catalog", "timestamp": "2026-10-08T18:23:38.442076Z"}
{"event": "capability_native_projection_changed", "level": "info", "logger": "app.research_web.capabilities.catalog", "timestamp": "2026-10-08T18:23:38.451361Z"}
{"event": "capability_draft_created", "level": "info", "logger": "app.research_web.capabilities.catalog", "timestamp": "2026-10-08T18:23:38.455301Z"}
{"event": "capability_checked", "level": "info", "logger": "app.research_web.capabilities.catalog", "timestamp": "2026-10-08T18:23:38.460496Z"}
{"event": "capability_native_projection_changed", "level": "info", "logger": "app.research_web.capabilities.catalog", "timestamp": "2026-10-08T18:23:38.466711Z"}
{"event": "capability_draft_created", "level": "info", "logger": "app.research_web.capabilities.catalog", "timestamp": "2026-10-08T18:23:38.470514Z"}
{"event": "capability_checked", "level": "info", "logger": "app.research_web.capabilities.catalog", "timestamp": "2026-10-08T18:23:38.475498Z"}
{"event": "capability_native_projection_changed", "level": "info", "logger": "app.research_web.capabilities.catalog", "timestamp": "2026-10-08T18:23:38.482209Z"}
{"event": "capability_draft_created", "level": "info", "logger": "app.research_web.capabilities.catalog", "timestamp": "2026-10-08T18:23:38.486417Z"}
{"event": "capability_checked", "level": "info", "logger": "app.research_web.capabilities.catalog", "timestamp": "2026-10-08T18:23:38.491883Z"}
{"event": "capability_native_projection_changed", "level": "info", "logger": "app.research_web.capabilities.catalog", "timestamp": "2026-10-08T18:23:38.498581Z"}
{"event": "capability_draft_created", "level": "info", "logger": "app.research_web.capabilities.catalog", "timestamp": "2026-10-08T18:23:38.502943Z"}
{"event": "capability_checked", "level": "info", "logger": "app.research_web.capabilities.catalog", "timestamp": "2026-10-08T18:23:38.508308Z"}
{"event": "capability_native_projection_changed", "level": "info", "logger": "app.research_web.capabilities.catalog", "timestamp": "2026-10-08T18:23:38.515327Z"}
{"event": "capability_draft_created", "level": "info", "logger": "app.research_web.capabilities.catalog", "timestamp": "2026-10-08T18:23:38.520575Z"}
{"event": "capability_checked", "level": "info", "logger": "app.research_web.capabilities.catalog", "timestamp": "2026-10-08T18:23:38.526494Z"}
{"event": "capability_native_projection_changed", "level": "info", "logger": "app.research_web.capabilities.catalog", "timestamp": "2026-10-08T18:23:38.533897Z"}
{"event": "capability_draft_created", "level": "info", "logger": "app.research_web.capabilities.catalog", "timestamp": "2026-10-08T18:23:38.539859Z"}
{"event": "capability_checked", "level": "info", "logger": "app.research_web.capabilities.catalog", "timestamp": "2026-10-08T18:23:38.831443Z"}
{"event": "capability_native_projection_changed", "level": "info", "logger": "app.research_web.capabilities.catalog", "timestamp": "2026-10-08T18:23:38.841677Z"}
{"event": "capability_draft_created", "level": "info", "logger": "app.research_web.capabilities.catalog", "timestamp": "2026-10-08T18:23:38.848940Z"}
{"event": "capability_checked", "level": "info", "logger": "app.research_web.capabilities.catalog", "timestamp": "2026-10-08T18:23:39.123086Z"}
{"event": "capability_native_projection_changed", "level": "info", "logger": "app.research_web.capabilities.catalog", "timestamp": "2026-10-08T18:23:39.134423Z"}
{"event": "capability_draft_created", "level": "info", "logger": "app.research_web.capabilities.catalog", "timestamp": "2026-10-08T18:23:39.143439Z"}
{"event": "capability_checked", "level": "info", "logger": "app.research_web.capabilities.catalog", "timestamp": "2026-10-08T18:23:39.424057Z"}
{"event": "capability_native_projection_changed", "level": "info", "logger": "app.research_web.capabilities.catalog", "timestamp": "2026-10-08T18:23:39.437991Z"}
{"event": "capability_draft_created", "level": "info", "logger": "app.research_web.capabilities.catalog", "timestamp": "2026-10-08T18:23:39.448487Z"}
{"event": "capability_checked", "level": "info", "logger": "app.research_web.capabilities.catalog", "timestamp": "2026-10-08T18:23:39.787255Z"}
{"event": "capability_native_projection_changed", "level": "info", "logger": "app.research_web.capabilities.catalog", "timestamp": "2026-10-08T18:23:39.822746Z"}
{"event": "capability_draft_created", "level": "info", "logger": "app.research_web.capabilities.catalog", "timestamp": "2026-10-08T18:23:39.838124Z"}
{"event": "capability_checked", "level": "info", "logger": "app.research_web.capabilities.catalog", "timestamp": "2026-10-08T18:23:40.166812Z"}
{"event": "capability_native_projection_changed", "level": "info", "logger": "app.research_web.capabilities.catalog", "timestamp": "2026-10-08T18:23:40.183478Z"}
{"event": "capability_draft_created", "level": "info", "logger": "app.research_web.capabilities.catalog", "timestamp": "2026-10-08T18:23:40.197554Z"}
{"event": "capability_checked", "level": "info", "logger": "app.research_web.capabilities.catalog", "timestamp": "2026-10-08T18:23:40.489192Z"}
{"event": "capability_native_projection_changed", "level": "info", "logger": "app.research_web.capabilities.catalog", "timestamp": "2026-10-08T18:23:40.506756Z"}
{"event": "capability_draft_created", "level": "info", "logger": "app.research_web.capabilities.catalog", "timestamp": "2026-10-08T18:23:40.522249Z"}
{"event": "capability_checked", "level": "info", "logger": "app.research_web.capabilities.catalog", "timestamp": "2026-10-08T18:23:40.888098Z"}
{"event": "capability_native_projection_changed", "level": "info", "logger": "app.research_web.capabilities.catalog", "timestamp": "2026-10-08T18:23:40.906957Z"}
{"event": "capability_draft_created", "level": "info", "logger": "app.research_web.capabilities.catalog", "timestamp": "2026-10-08T18:23:40.923971Z"}
{"event": "capability_checked", "level": "info", "logger": "app.research_web.capabilities.catalog", "timestamp": "2026-10-08T18:23:41.206163Z"}
{"event": "capability_native_projection_changed", "level": "info", "logger": "app.research_web.capabilities.catalog", "timestamp": "2026-10-08T18:23:41.226416Z"}
{"event": "capability_draft_created", "level": "info", "logger": "app.research_web.capabilities.catalog", "timestamp": "2026-10-08T18:23:41.243604Z"}
{"event": "capability_checked", "level": "info", "logger": "app.research_web.capabilities.catalog", "timestamp": "2026-10-08T18:23:41.531071Z"}
{"event": "capability_native_projection_changed", "level": "info", "logger": "app.research_web.capabilities.catalog", "timestamp": "2026-10-08T18:23:41.565963Z"}
{"event": "capability_draft_created", "level": "info", "logger": "app.research_web.capabilities.catalog", "timestamp": "2026-10-08T18:23:41.587011Z"}
{"event": "capability_checked", "level": "info", "logger": "app.research_web.capabilities.catalog", "timestamp": "2026-10-08T18:23:41.918508Z"}
{"event": "capability_native_projection_changed", "level": "info", "logger": "app.research_web.capabilities.catalog", "timestamp": "2026-10-08T18:23:41.941823Z"}
{"event": "capability_draft_created", "level": "info", "logger": "app.research_web.capabilities.catalog", "timestamp": "2026-10-08T18:23:41.961969Z"}
{"event": "capability_checked", "level": "info", "logger": "app.research_web.capabilities.catalog", "timestamp": "2026-10-08T18:23:42.247442Z"}
{"event": "capability_native_projection_changed", "level": "info", "logger": "app.research_web.capabilities.catalog", "timestamp": "2026-10-08T18:23:42.271489Z"}
{"event": "capability_draft_created", "level": "info", "logger": "app.research_web.capabilities.catalog", "timestamp": "2026-10-08T18:23:42.292251Z"}
{"event": "capability_checked", "level": "info", "logger": "app.research_web.capabilities.catalog", "timestamp": "2026-10-08T18:23:42.629208Z"}
{"event": "capability_native_projection_changed", "level": "info", "logger": "app.research_web.capabilities.catalog", "timestamp": "2026-10-08T18:23:42.667016Z"}
{"event": "capability_draft_created", "level": "info", "logger": "app.research_web.capabilities.catalog", "timestamp": "2026-10-08T18:23:42.698950Z"}
{"event": "capability_checked", "level": "info", "logger": "app.research_web.capabilities.catalog", "timestamp": "2026-10-08T18:23:43.046092Z"}
{"event": "capability_native_projection_changed", "level": "info", "logger": "app.research_web.capabilities.catalog", "timestamp": "2026-10-08T18:23:43.075811Z"}
{"event": "capability_draft_created", "level": "info", "logger": "app.research_web.capabilities.catalog", "timestamp": "2026-10-08T18:23:43.117383Z"}
{"event": "capability_checked", "level": "info", "logger": "app.research_web.capabilities.catalog", "timestamp": "2026-10-08T18:23:43.438066Z"}
{"event": "capability_native_projection_changed", "level": "info", "logger": "app.research_web.capabilities.catalog", "timestamp": "2026-10-08T18:23:43.475862Z"}
{"event": "capability_draft_created", "level": "info", "logger": "app.research_web.capabilities.catalog", "timestamp": "2026-10-08T18:23:43.501351Z"}
{"event": "capability_checked", "level": "info", "logger": "app.research_web.capabilities.catalog", "timestamp": "2026-10-08T18:23:43.852753Z"}
{"event": "capability_native_projection_changed", "level": "info", "logger": "app.research_web.capabilities.catalog", "timestamp": "2026-10-08T18:23:43.892123Z"}
{"event": "capability_draft_created", "level": "info", "logger": "app.research_web.capabilities.catalog", "timestamp": "2026-10-08T18:23:43.920361Z"}
{"event": "capability_checked", "level": "info", "logger": "app.research_web.capabilities.catalog", "timestamp": "2026-10-08T18:23:44.222495Z"}
{"event": "capability_native_projection_changed", "level": "info", "logger": "app.research_web.capabilities.catalog", "timestamp": "2026-10-08T18:23:44.253922Z"}
{"event": "capability_draft_created", "level": "info", "logger": "app.research_web.capabilities.catalog", "timestamp": "2026-10-08T18:23:44.282196Z"}
{"event": "capability_checked", "level": "info", "logger": "app.research_web.capabilities.catalog", "timestamp": "2026-10-08T18:23:44.565806Z"}
{"event": "capability_native_projection_changed", "level": "info", "logger": "app.research_web.capabilities.catalog", "timestamp": "2026-10-08T18:23:44.598423Z"}
{"event": "capability_draft_created", "level": "info", "logger": "app.research_web.capabilities.catalog", "timestamp": "2026-10-08T18:23:44.627553Z"}
{"event": "capability_checked", "level": "info", "logger": "app.research_web.capabilities.catalog", "timestamp": "2026-10-08T18:23:45.008654Z"}
{"event": "capability_native_projection_changed", "level": "info", "logger": "app.research_web.capabilities.catalog", "timestamp": "2026-10-08T18:23:45.042385Z"}
{"event": "capability_draft_created", "level": "info", "logger": "app.research_web.capabilities.catalog", "timestamp": "2026-10-08T18:23:45.072347Z"}
{"event": "capability_checked", "level": "info", "logger": "app.research_web.capabilities.catalog", "timestamp": "2026-10-08T18:23:45.090673Z"}
{"event": "capability_native_projection_changed", "level": "info", "logger": "app.research_web.capabilities.catalog", "timestamp": "2026-10-08T18:23:45.140862Z"}
{"event": "capability_draft_created", "level": "info", "logger": "app.research_web.capabilities.catalog", "timestamp": "2026-10-08T18:23:45.195308Z"}
{"event": "capability_checked", "level": "info", "logger": "app.research_web.capabilities.catalog", "timestamp": "2026-10-08T18:23:45.222443Z"}
{"event": "capability_native_projection_changed", "level": "info", "logger": "app.research_web.capabilities.catalog", "timestamp": "2026-10-08T18:23:45.268657Z"}
{"event": "capability_draft_created", "level": "info", "logger": "app.research_web.capabilities.catalog", "timestamp": "2026-10-08T18:23:45.321368Z"}
{"event": "capability_checked", "level": "info", "logger": "app.research_web.capabilities.catalog", "timestamp": "2026-10-08T18:23:45.351010Z"}
{"event": "capability_native_projection_changed", "level": "info", "logger": "app.research_web.capabilities.catalog", "timestamp": "2026-10-08T18:23:45.391407Z"}
{"event": "capability_draft_created", "level": "info", "logger": "app.research_web.capabilities.catalog", "timestamp": "2026-10-08T18:23:45.437849Z"}
{"event": "capability_checked", "level": "info", "logger": "app.research_web.capabilities.catalog", "timestamp": "2026-10-08T18:23:45.471514Z"}
{"event": "capability_native_projection_changed", "level": "info", "logger": "app.research_web.capabilities.catalog", "timestamp": "2026-10-08T18:23:45.505708Z"}
{"event": "capability_draft_created", "level": "info", "logger": "app.research_web.capabilities.catalog", "timestamp": "2026-10-08T18:23:45.561807Z"}
{"event": "capability_checked", "level": "info", "logger": "app.research_web.capabilities.catalog", "timestamp": "2026-10-08T18:23:45.584341Z"}
{"event": "capability_native_projection_changed", "level": "info", "logger": "app.research_web.capabilities.catalog", "timestamp": "2026-10-08T18:23:45.617935Z"}
{"event": "capability_draft_created", "level": "info", "logger": "app.research_web.capabilities.catalog", "timestamp": "2026-10-08T18:23:45.649352Z"}
{"event": "capability_checked", "level": "info", "logger": "app.research_web.capabilities.catalog", "timestamp": "2026-10-08T18:23:45.668141Z"}
{"event": "capability_native_projection_changed", "level": "info", "logger": "app.research_web.capabilities.catalog", "timestamp": "2026-10-08T18:23:45.720270Z"}
{"event": "capability_draft_created", "level": "info", "logger": "app.research_web.capabilities.catalog", "timestamp": "2026-10-08T18:23:45.752726Z"}
{"event": "capability_checked", "level": "info", "logger": "app.research_web.capabilities.catalog", "timestamp": "2026-10-08T18:23:45.772472Z"}
{"event": "capability_native_projection_changed", "level": "info", "logger": "app.research_web.capabilities.catalog", "timestamp": "2026-10-08T18:23:45.807125Z"}
{"event": "capability_draft_created", "level": "info", "logger": "app.research_web.capabilities.catalog", "timestamp": "2026-10-08T18:23:45.840613Z"}
{"event": "capability_checked", "level": "info", "logger": "app.research_web.capabilities.catalog", "timestamp": "2026-10-08T18:23:45.860051Z"}
{"event": "capability_native_projection_changed", "level": "info", "logger": "app.research_web.capabilities.catalog", "timestamp": "2026-10-08T18:23:45.893916Z"}
{"event": "capability_draft_created", "level": "info", "logger": "app.research_web.capabilities.catalog", "timestamp": "2026-10-08T18:23:45.926730Z"}
{"event": "capability_checked", "level": "info", "logger": "app.research_web.capabilities.catalog", "timestamp": "2026-10-08T18:23:45.946975Z"}
{"event": "capability_native_projection_changed", "level": "info", "logger": "app.research_web.capabilities.catalog", "timestamp": "2026-10-08T18:23:45.983243Z"}
{"event": "capability_draft_created", "level": "info", "logger": "app.research_web.capabilities.catalog", "timestamp": "2026-10-08T18:23:46.024631Z"}
{"event": "capability_checked", "level": "info", "logger": "app.research_web.capabilities.catalog", "timestamp": "2026-10-08T18:23:46.045758Z"}
{"event": "capability_native_projection_changed", "level": "info", "logger": "app.research_web.capabilities.catalog", "timestamp": "2026-10-08T18:23:46.080999Z"}
{"event": "capability_draft_created", "level": "info", "logger": "app.research_web.capabilities.catalog", "timestamp": "2026-10-08T18:23:46.114427Z"}
{"event": "capability_checked", "level": "info", "logger": "app.research_web.capabilities.catalog", "timestamp": "2026-10-08T18:23:46.134047Z"}
{"event": "capability_native_projection_changed", "level": "info", "logger": "app.research_web.capabilities.catalog", "timestamp": "2026-10-08T18:23:46.168423Z"}
{"event": "capability_draft_created", "level": "info", "logger": "app.research_web.capabilities.catalog", "timestamp": "2026-10-08T18:23:46.208247Z"}
{"event": "capability_checked", "level": "info", "logger": "app.research_web.capabilities.catalog", "timestamp": "2026-10-08T18:23:46.227886Z"}
{"event": "capability_native_projection_changed", "level": "info", "logger": "app.research_web.capabilities.catalog", "timestamp": "2026-10-08T18:23:46.280130Z"}
{"event": "capability_draft_created", "level": "info", "logger": "app.research_web.capabilities.catalog", "timestamp": "2026-10-08T18:23:46.315758Z"}
{"event": "capability_checked", "level": "info", "logger": "app.research_web.capabilities.catalog", "timestamp": "2026-10-08T18:23:46.335513Z"}
{"event": "capability_native_projection_changed", "level": "info", "logger": "app.research_web.capabilities.catalog", "timestamp": "2026-10-08T18:23:46.391561Z"}
{"event": "capability_draft_created", "level": "info", "logger": "app.research_web.capabilities.catalog", "timestamp": "2026-10-08T18:23:46.440443Z"}
{"event": "capability_checked", "level": "info", "logger": "app.research_web.capabilities.catalog", "timestamp": "2026-10-08T18:23:46.460739Z"}
{"event": "capability_native_projection_changed", "level": "info", "logger": "app.research_web.capabilities.catalog", "timestamp": "2026-10-08T18:23:46.495330Z"}
{"event": "framework_runtime_started", "level": "info", "logger": "app.research_web.frameworks.service", "timestamp": "2026-10-08T18:23:46.630924Z"}
{"event": "mcp_registry_service_started", "level": "info", "logger": "app.research_web.mcp_registry.service", "timestamp": "2026-10-08T18:23:46.631053Z"}
{"event": "mcp_runtime_service_started", "level": "info", "logger": "app.research_web.mcp_runtime.service", "timestamp": "2026-10-08T18:23:46.631126Z"}
{"event": "Scheduler started", "level": "info", "logger": "apscheduler.scheduler", "timestamp": "2026-10-08T18:23:46.631758Z"}
{"event": "research_web_started", "level": "info", "logger": "app.research_web.main", "timestamp": "2026-10-08T18:23:46.631912Z"}
{"event": "report_workflow_migration_checked", "level": "info", "logger": "app.research_web.report_workflows.migration", "timestamp": "2026-10-08T18:23:46.650477Z"}
{"event": "HTTP Request: GET http://testserver/api/research/report-workflows \"HTTP/1.1 200 OK\"", "level": "info", "logger": "httpx2", "timestamp": "2026-10-08T18:23:46.694459Z"}
{"event": "report_workflow_draft_created", "level": "info", "logger": "app.research_web.report_workflows.catalog", "timestamp": "2026-10-08T18:23:46.704991Z"}
{"event": "report_workflow_resource_uploaded", "level": "info", "logger": "app.research_web.report_workflows.catalog", "timestamp": "2026-10-08T18:23:46.706122Z"}
{"event": "report_workflow_draft_created", "level": "info", "logger": "app.research_web.report_workflows.catalog", "timestamp": "2026-10-08T18:23:46.710771Z"}
{"event": "report_workflow_resource_uploaded", "level": "info", "logger": "app.research_web.report_workflows.catalog", "timestamp": "2026-10-08T18:23:46.712134Z"}
{"event": "report_workflow_resource_uploaded", "level": "info", "logger": "app.research_web.report_workflows.catalog", "timestamp": "2026-10-08T18:23:46.713441Z"}
{"event": "report_workflow_resource_uploaded", "level": "info", "logger": "app.research_web.report_workflows.catalog", "timestamp": "2026-10-08T18:23:46.714749Z"}
{"event": "report_workflow_resource_uploaded", "level": "info", "logger": "app.research_web.report_workflows.catalog", "timestamp": "2026-10-08T18:23:46.716053Z"}
{"event": "report_workflow_version_created", "level": "info", "logger": "app.research_web.report_workflows.catalog", "timestamp": "2026-10-08T18:23:46.724306Z"}
{"event": "report_workflow_version_published", "level": "info", "logger": "app.research_web.report_workflows.catalog", "timestamp": "2026-10-08T18:23:46.768695Z"}
{"event": "report_workflow_draft_created", "level": "info", "logger": "app.research_web.report_workflows.catalog", "timestamp": "2026-10-08T18:23:46.773890Z"}
{"event": "report_workflow_resource_uploaded", "level": "info", "logger": "app.research_web.report_workflows.catalog", "timestamp": "2026-10-08T18:23:46.774996Z"}
{"event": "report_workflow_resource_uploaded", "level": "info", "logger": "app.research_web.report_workflows.catalog", "timestamp": "2026-10-08T18:23:46.776156Z"}
{"event": "report_workflow_resource_uploaded", "level": "info", "logger": "app.research_web.report_workflows.catalog", "timestamp": "2026-10-08T18:23:46.777353Z"}
{"event": "report_workflow_resource_uploaded", "level": "info", "logger": "app.research_web.report_workflows.catalog", "timestamp": "2026-10-08T18:23:46.778617Z"}
{"event": "report_workflow_version_created", "level": "info", "logger": "app.research_web.report_workflows.catalog", "timestamp": "2026-10-08T18:23:46.787042Z"}
{"event": "report_workflow_version_published", "level": "info", "logger": "app.research_web.report_workflows.catalog", "timestamp": "2026-10-08T18:23:46.832344Z"}
{"event": "report_workflow_draft_created", "level": "info", "logger": "app.research_web.report_workflows.catalog", "timestamp": "2026-10-08T18:23:46.838229Z"}
{"event": "report_workflow_resource_uploaded", "level": "info", "logger": "app.research_web.report_workflows.catalog", "timestamp": "2026-10-08T18:23:46.839505Z"}
{"event": "report_workflow_resource_uploaded", "level": "info", "logger": "app.research_web.report_workflows.catalog", "timestamp": "2026-10-08T18:23:46.840752Z"}
{"event": "report_workflow_resource_uploaded", "level": "info", "logger": "app.research_web.report_workflows.catalog", "timestamp": "2026-10-08T18:23:46.842001Z"}
{"event": "report_workflow_resource_uploaded", "level": "info", "logger": "app.research_web.report_workflows.catalog", "timestamp": "2026-10-08T18:23:46.843387Z"}
{"event": "report_workflow_version_created", "level": "info", "logger": "app.research_web.report_workflows.catalog", "timestamp": "2026-10-08T18:23:46.853206Z"}
{"event": "report_workflow_version_published", "level": "info", "logger": "app.research_web.report_workflows.catalog", "timestamp": "2026-10-08T18:23:46.897631Z"}
{"event": "report_workflow_migration_checked", "level": "info", "logger": "app.research_web.report_workflows.migration", "timestamp": "2026-10-08T18:23:46.898932Z"}
{"event": "report_workflow_migration_checked", "level": "info", "logger": "app.research_web.report_workflows.migration", "timestamp": "2026-10-08T18:23:46.913471Z"}
{"event": "HTTP Request: GET http://testserver/api/research/report-workflows \"HTTP/1.1 200 OK\"", "level": "info", "logger": "httpx2", "timestamp": "2026-10-08T18:23:46.915929Z"}
{"event": "HTTP Request: GET http://testserver/api/research/report-workflows/huaan-etf-weekly \"HTTP/1.1 200 OK\"", "level": "info", "logger": "httpx2", "timestamp": "2026-10-08T18:23:46.926735Z"}
{"event": "report_workflow_migration_checked", "level": "info", "logger": "app.research_web.report_workflows.migration", "timestamp": "2026-10-08T18:23:46.940018Z"}
{"event": "HTTP Request: GET http://testserver/api/research/report-workflows/huaan-etf-weekly \"HTTP/1.1 200 OK\"", "level": "info", "logger": "httpx2", "timestamp": "2026-10-08T18:23:46.949167Z"}
{"event": "report_workflow_migration_checked", "level": "info", "logger": "app.research_web.report_workflows.migration", "timestamp": "2026-10-08T18:23:46.960501Z"}
{"event": "report_workflow_migration_checked", "level": "info", "logger": "app.research_web.report_workflows.migration", "timestamp": "2026-10-08T18:23:46.972051Z"}
{"event": "HTTP Request: GET http://testserver/api/research/report-workflows/huaan-etf-weekly \"HTTP/1.1 200 OK\"", "level": "info", "logger": "httpx2", "timestamp": "2026-10-08T18:23:46.981303Z"}
.{"event": "Scheduler has been shut down", "level": "info", "logger": "apscheduler.scheduler", "timestamp": "2026-10-08T18:23:46.982195Z"}
{"event": "framework_runtime_closed", "level": "info", "logger": "app.research_web.frameworks.service", "timestamp": "2026-10-08T18:23:46.983037Z"}
{"event": "capability_draft_created", "level": "info", "logger": "app.research_web.capabilities.catalog", "timestamp": "2026-10-08T18:23:47.012380Z"}
{"event": "capability_checked", "level": "info", "logger": "app.research_web.capabilities.catalog", "timestamp": "2026-10-08T18:23:47.017743Z"}
{"event": "capability_native_projection_changed", "level": "info", "logger": "app.research_web.capabilities.catalog", "timestamp": "2026-10-08T18:23:47.021917Z"}
{"event": "capability_draft_created", "level": "info", "logger": "app.research_web.capabilities.catalog", "timestamp": "2026-10-08T18:23:47.023084Z"}
{"event": "capability_checked", "level": "info", "logger": "app.research_web.capabilities.catalog", "timestamp": "2026-10-08T18:23:47.028153Z"}
{"event": "capability_native_projection_changed", "level": "info", "logger": "app.research_web.capabilities.catalog", "timestamp": "2026-10-08T18:23:47.032627Z"}
{"event": "capability_draft_created", "level": "info", "logger": "app.research_web.capabilities.catalog", "timestamp": "2026-10-08T18:23:47.034526Z"}
{"event": "capability_checked", "level": "info", "logger": "app.research_web.capabilities.catalog", "timestamp": "2026-10-08T18:23:47.040076Z"}
{"event": "capability_native_projection_changed", "level": "info", "logger": "app.research_web.capabilities.catalog", "timestamp": "2026-10-08T18:23:47.048060Z"}
{"event": "capability_draft_created", "level": "info", "logger": "app.research_web.capabilities.catalog", "timestamp": "2026-10-08T18:23:47.049843Z"}
{"event": "capability_checked", "level": "info", "logger": "app.research_web.capabilities.catalog", "timestamp": "2026-10-08T18:23:47.054808Z"}
{"event": "capability_native_projection_changed", "level": "info", "logger": "app.research_web.capabilities.catalog", "timestamp": "2026-10-08T18:23:47.059837Z"}
{"event": "capability_draft_created", "level": "info", "logger": "app.research_web.capabilities.catalog", "timestamp": "2026-10-08T18:23:47.061880Z"}
{"event": "capability_checked", "level": "info", "logger": "app.research_web.capabilities.catalog", "timestamp": "2026-10-08T18:23:47.068103Z"}
{"event": "capability_native_projection_changed", "level": "info", "logger": "app.research_web.capabilities.catalog", "timestamp": "2026-10-08T18:23:47.073552Z"}
{"event": "capability_draft_created", "level": "info", "logger": "app.research_web.capabilities.catalog", "timestamp": "2026-10-08T18:23:47.075846Z"}
{"event": "capability_checked", "level": "info", "logger": "app.research_web.capabilities.catalog", "timestamp": "2026-10-08T18:23:47.080467Z"}
{"event": "capability_native_projection_changed", "level": "info", "logger": "app.research_web.capabilities.catalog", "timestamp": "2026-10-08T18:23:47.085484Z"}
{"event": "capability_draft_created", "level": "info", "logger": "app.research_web.capabilities.catalog", "timestamp": "2026-10-08T18:23:47.088541Z"}
{"event": "capability_checked", "level": "info", "logger": "app.research_web.capabilities.catalog", "timestamp": "2026-10-08T18:23:47.112588Z"}
{"event": "capability_native_projection_changed", "level": "info", "logger": "app.research_web.capabilities.catalog", "timestamp": "2026-10-08T18:23:47.121909Z"}
{"event": "capability_draft_created", "level": "info", "logger": "app.research_web.capabilities.catalog", "timestamp": "2026-10-08T18:23:47.125774Z"}
{"event": "capability_checked", "level": "info", "logger": "app.research_web.capabilities.catalog", "timestamp": "2026-10-08T18:23:47.131145Z"}
{"event": "capability_native_projection_changed", "level": "info", "logger": "app.research_web.capabilities.catalog", "timestamp": "2026-10-08T18:23:47.137924Z"}
{"event": "capability_draft_created", "level": "info", "logger": "app.research_web.capabilities.catalog", "timestamp": "2026-10-08T18:23:47.141787Z"}
{"event": "capability_checked", "level": "info", "logger": "app.research_web.capabilities.catalog", "timestamp": "2026-10-08T18:23:47.147000Z"}
{"event": "capability_native_projection_changed", "level": "info", "logger": "app.research_web.capabilities.catalog", "timestamp": "2026-10-08T18:23:47.153552Z"}
{"event": "capability_draft_created", "level": "info", "logger": "app.research_web.capabilities.catalog", "timestamp": "2026-10-08T18:23:47.157679Z"}
{"event": "capability_checked", "level": "info", "logger": "app.research_web.capabilities.catalog", "timestamp": "2026-10-08T18:23:47.162938Z"}
{"event": "capability_native_projection_changed", "level": "info", "logger": "app.research_web.capabilities.catalog", "timestamp": "2026-10-08T18:23:47.169712Z"}
{"event": "capability_draft_created", "level": "info", "logger": "app.research_web.capabilities.catalog", "timestamp": "2026-10-08T18:23:47.174125Z"}
{"event": "capability_checked", "level": "info", "logger": "app.research_web.capabilities.catalog", "timestamp": "2026-10-08T18:23:47.179491Z"}
{"event": "capability_native_projection_changed", "level": "info", "logger": "app.research_web.capabilities.catalog", "timestamp": "2026-10-08T18:23:47.186835Z"}
{"event": "capability_draft_created", "level": "info", "logger": "app.research_web.capabilities.catalog", "timestamp": "2026-10-08T18:23:47.192288Z"}
{"event": "capability_checked", "level": "info", "logger": "app.research_web.capabilities.catalog", "timestamp": "2026-10-08T18:23:47.198496Z"}
{"event": "capability_native_projection_changed", "level": "info", "logger": "app.research_web.capabilities.catalog", "timestamp": "2026-10-08T18:23:47.219578Z"}
{"event": "capability_draft_created", "level": "info", "logger": "app.research_web.capabilities.catalog", "timestamp": "2026-10-08T18:23:47.226683Z"}
{"event": "capability_checked", "level": "info", "logger": "app.research_web.capabilities.catalog", "timestamp": "2026-10-08T18:23:47.519092Z"}
{"event": "capability_native_projection_changed", "level": "info", "logger": "app.research_web.capabilities.catalog", "timestamp": "2026-10-08T18:23:47.529725Z"}
{"event": "capability_draft_created", "level": "info", "logger": "app.research_web.capabilities.catalog", "timestamp": "2026-10-08T18:23:47.537066Z"}
{"event": "capability_checked", "level": "info", "logger": "app.research_web.capabilities.catalog", "timestamp": "2026-10-08T18:23:47.811141Z"}
{"event": "capability_native_projection_changed", "level": "info", "logger": "app.research_web.capabilities.catalog", "timestamp": "2026-10-08T18:23:47.824726Z"}
{"event": "capability_draft_created", "level": "info", "logger": "app.research_web.capabilities.catalog", "timestamp": "2026-10-08T18:23:47.834526Z"}
{"event": "capability_checked", "level": "info", "logger": "app.research_web.capabilities.catalog", "timestamp": "2026-10-08T18:23:48.228953Z"}
{"event": "capability_native_projection_changed", "level": "info", "logger": "app.research_web.capabilities.catalog", "timestamp": "2026-10-08T18:23:48.242242Z"}
{"event": "capability_draft_created", "level": "info", "logger": "app.research_web.capabilities.catalog", "timestamp": "2026-10-08T18:23:48.252633Z"}
{"event": "capability_checked", "level": "info", "logger": "app.research_web.capabilities.catalog", "timestamp": "2026-10-08T18:23:48.526686Z"}
{"event": "capability_native_projection_changed", "level": "info", "logger": "app.research_web.capabilities.catalog", "timestamp": "2026-10-08T18:23:48.540643Z"}
{"event": "capability_draft_created", "level": "info", "logger": "app.research_web.capabilities.catalog", "timestamp": "2026-10-08T18:23:48.552041Z"}
{"event": "capability_checked", "level": "info", "logger": "app.research_web.capabilities.catalog", "timestamp": "2026-10-08T18:23:48.852291Z"}
{"event": "capability_native_projection_changed", "level": "info", "logger": "app.research_web.capabilities.catalog", "timestamp": "2026-10-08T18:23:48.870368Z"}
{"event": "capability_draft_created", "level": "info", "logger": "app.research_web.capabilities.catalog", "timestamp": "2026-10-08T18:23:48.896110Z"}
{"event": "capability_checked", "level": "info", "logger": "app.research_web.capabilities.catalog", "timestamp": "2026-10-08T18:23:49.198363Z"}
{"event": "capability_native_projection_changed", "level": "info", "logger": "app.research_web.capabilities.catalog", "timestamp": "2026-10-08T18:23:49.215351Z"}
{"event": "capability_draft_created", "level": "info", "logger": "app.research_web.capabilities.catalog", "timestamp": "2026-10-08T18:23:49.229355Z"}
{"event": "capability_checked", "level": "info", "logger": "app.research_web.capabilities.catalog", "timestamp": "2026-10-08T18:23:49.542484Z"}
{"event": "capability_native_projection_changed", "level": "info", "logger": "app.research_web.capabilities.catalog", "timestamp": "2026-10-08T18:23:49.560857Z"}
{"event": "capability_draft_created", "level": "info", "logger": "app.research_web.capabilities.catalog", "timestamp": "2026-10-08T18:23:49.576452Z"}
{"event": "capability_checked", "level": "info", "logger": "app.research_web.capabilities.catalog", "timestamp": "2026-10-08T18:23:49.862484Z"}
{"event": "capability_native_projection_changed", "level": "info", "logger": "app.research_web.capabilities.catalog", "timestamp": "2026-10-08T18:23:49.882705Z"}
{"event": "capability_draft_created", "level": "info", "logger": "app.research_web.capabilities.catalog", "timestamp": "2026-10-08T18:23:49.899591Z"}
{"event": "capability_checked", "level": "info", "logger": "app.research_web.capabilities.catalog", "timestamp": "2026-10-08T18:23:50.176344Z"}
{"event": "capability_native_projection_changed", "level": "info", "logger": "app.research_web.capabilities.catalog", "timestamp": "2026-10-08T18:23:50.197144Z"}
{"event": "capability_draft_created", "level": "info", "logger": "app.research_web.capabilities.catalog", "timestamp": "2026-10-08T18:23:50.215132Z"}
{"event": "capability_checked", "level": "info", "logger": "app.research_web.capabilities.catalog", "timestamp": "2026-10-08T18:23:50.517329Z"}
{"event": "capability_native_projection_changed", "level": "info", "logger": "app.research_web.capabilities.catalog", "timestamp": "2026-10-08T18:23:50.539934Z"}
{"event": "capability_draft_created", "level": "info", "logger": "app.research_web.capabilities.catalog", "timestamp": "2026-10-08T18:23:50.559625Z"}
{"event": "capability_checked", "level": "info", "logger": "app.research_web.capabilities.catalog", "timestamp": "2026-10-08T18:23:50.879582Z"}
{"event": "capability_native_projection_changed", "level": "info", "logger": "app.research_web.capabilities.catalog", "timestamp": "2026-10-08T18:23:50.902793Z"}
{"event": "capability_draft_created", "level": "info", "logger": "app.research_web.capabilities.catalog", "timestamp": "2026-10-08T18:23:50.925262Z"}
{"event": "capability_checked", "level": "info", "logger": "app.research_web.capabilities.catalog", "timestamp": "2026-10-08T18:23:51.219060Z"}
{"event": "capability_native_projection_changed", "level": "info", "logger": "app.research_web.capabilities.catalog", "timestamp": "2026-10-08T18:23:51.244649Z"}
{"event": "capability_draft_created", "level": "info", "logger": "app.research_web.capabilities.catalog", "timestamp": "2026-10-08T18:23:51.266933Z"}
{"event": "capability_checked", "level": "info", "logger": "app.research_web.capabilities.catalog", "timestamp": "2026-10-08T18:23:51.554936Z"}
{"event": "capability_native_projection_changed", "level": "info", "logger": "app.research_web.capabilities.catalog", "timestamp": "2026-10-08T18:23:51.581781Z"}
{"event": "capability_draft_created", "level": "info", "logger": "app.research_web.capabilities.catalog", "timestamp": "2026-10-08T18:23:51.608891Z"}
{"event": "capability_checked", "level": "info", "logger": "app.research_web.capabilities.catalog", "timestamp": "2026-10-08T18:23:51.902933Z"}
{"event": "capability_native_projection_changed", "level": "info", "logger": "app.research_web.capabilities.catalog", "timestamp": "2026-10-08T18:23:51.931928Z"}
{"event": "capability_draft_created", "level": "info", "logger": "app.research_web.capabilities.catalog", "timestamp": "2026-10-08T18:23:51.957585Z"}
{"event": "capability_checked", "level": "info", "logger": "app.research_web.capabilities.catalog", "timestamp": "2026-10-08T18:23:52.257292Z"}
{"event": "capability_native_projection_changed", "level": "info", "logger": "app.research_web.capabilities.catalog", "timestamp": "2026-10-08T18:23:52.287120Z"}
{"event": "capability_draft_created", "level": "info", "logger": "app.research_web.capabilities.catalog", "timestamp": "2026-10-08T18:23:52.313692Z"}
{"event": "capability_checked", "level": "info", "logger": "app.research_web.capabilities.catalog", "timestamp": "2026-10-08T18:23:52.639747Z"}
{"event": "capability_native_projection_changed", "level": "info", "logger": "app.research_web.capabilities.catalog", "timestamp": "2026-10-08T18:23:52.672068Z"}
{"event": "capability_draft_created", "level": "info", "logger": "app.research_web.capabilities.catalog", "timestamp": "2026-10-08T18:23:52.700322Z"}
{"event": "capability_checked", "level": "info", "logger": "app.research_web.capabilities.catalog", "timestamp": "2026-10-08T18:23:52.980043Z"}
{"event": "capability_native_projection_changed", "level": "info", "logger": "app.research_web.capabilities.catalog", "timestamp": "2026-10-08T18:23:53.012465Z"}
{"event": "capability_draft_created", "level": "info", "logger": "app.research_web.capabilities.catalog", "timestamp": "2026-10-08T18:23:53.041502Z"}
{"event": "capability_checked", "level": "info", "logger": "app.research_web.capabilities.catalog", "timestamp": "2026-10-08T18:23:53.355457Z"}
{"event": "capability_native_projection_changed", "level": "info", "logger": "app.research_web.capabilities.catalog", "timestamp": "2026-10-08T18:23:53.388700Z"}
{"event": "capability_draft_created", "level": "info", "logger": "app.research_web.capabilities.catalog", "timestamp": "2026-10-08T18:23:53.418329Z"}
{"event": "capability_checked", "level": "info", "logger": "app.research_web.capabilities.catalog", "timestamp": "2026-10-08T18:23:53.435939Z"}
{"event": "capability_native_projection_changed", "level": "info", "logger": "app.research_web.capabilities.catalog", "timestamp": "2026-10-08T18:23:53.467133Z"}
{"event": "capability_draft_created", "level": "info", "logger": "app.research_web.capabilities.catalog", "timestamp": "2026-10-08T18:23:53.497185Z"}
{"event": "capability_checked", "level": "info", "logger": "app.research_web.capabilities.catalog", "timestamp": "2026-10-08T18:23:53.515617Z"}
{"event": "capability_native_projection_changed", "level": "info", "logger": "app.research_web.capabilities.catalog", "timestamp": "2026-10-08T18:23:53.547059Z"}
{"event": "capability_draft_created", "level": "info", "logger": "app.research_web.capabilities.catalog", "timestamp": "2026-10-08T18:23:53.577490Z"}
{"event": "capability_checked", "level": "info", "logger": "app.research_web.capabilities.catalog", "timestamp": "2026-10-08T18:23:53.596064Z"}
{"event": "capability_native_projection_changed", "level": "info", "logger": "app.research_web.capabilities.catalog", "timestamp": "2026-10-08T18:23:53.627652Z"}
{"event": "capability_draft_created", "level": "info", "logger": "app.research_web.capabilities.catalog", "timestamp": "2026-10-08T18:23:53.657811Z"}
{"event": "capability_checked", "level": "info", "logger": "app.research_web.capabilities.catalog", "timestamp": "2026-10-08T18:23:53.675968Z"}
{"event": "capability_native_projection_changed", "level": "info", "logger": "app.research_web.capabilities.catalog", "timestamp": "2026-10-08T18:23:53.708045Z"}
{"event": "capability_draft_created", "level": "info", "logger": "app.research_web.capabilities.catalog", "timestamp": "2026-10-08T18:23:53.738761Z"}
{"event": "capability_checked", "level": "info", "logger": "app.research_web.capabilities.catalog", "timestamp": "2026-10-08T18:23:53.757291Z"}
{"event": "capability_native_projection_changed", "level": "info", "logger": "app.research_web.capabilities.catalog", "timestamp": "2026-10-08T18:23:53.790749Z"}
{"event": "capability_draft_created", "level": "info", "logger": "app.research_web.capabilities.catalog", "timestamp": "2026-10-08T18:23:53.833058Z"}
{"event": "capability_checked", "level": "info", "logger": "app.research_web.capabilities.catalog", "timestamp": "2026-10-08T18:23:53.852132Z"}
{"event": "capability_native_projection_changed", "level": "info", "logger": "app.research_web.capabilities.catalog", "timestamp": "2026-10-08T18:23:53.884756Z"}
{"event": "capability_draft_created", "level": "info", "logger": "app.research_web.capabilities.catalog", "timestamp": "2026-10-08T18:23:53.916290Z"}
{"event": "capability_checked", "level": "info", "logger": "app.research_web.capabilities.catalog", "timestamp": "2026-10-08T18:23:53.934679Z"}
{"event": "capability_native_projection_changed", "level": "info", "logger": "app.research_web.capabilities.catalog", "timestamp": "2026-10-08T18:23:53.967891Z"}
{"event": "capability_draft_created", "level": "info", "logger": "app.research_web.capabilities.catalog", "timestamp": "2026-10-08T18:23:53.999490Z"}
{"event": "capability_checked", "level": "info", "logger": "app.research_web.capabilities.catalog", "timestamp": "2026-10-08T18:23:54.018059Z"}
{"event": "capability_native_projection_changed", "level": "info", "logger": "app.research_web.capabilities.catalog", "timestamp": "2026-10-08T18:23:54.050799Z"}
{"event": "capability_draft_created", "level": "info", "logger": "app.research_web.capabilities.catalog", "timestamp": "2026-10-08T18:23:54.082346Z"}
{"event": "capability_checked", "level": "info", "logger": "app.research_web.capabilities.catalog", "timestamp": "2026-10-08T18:23:54.102238Z"}
{"event": "capability_native_projection_changed", "level": "info", "logger": "app.research_web.capabilities.catalog", "timestamp": "2026-10-08T18:23:54.136425Z"}
{"event": "capability_draft_created", "level": "info", "logger": "app.research_web.capabilities.catalog", "timestamp": "2026-10-08T18:23:54.170959Z"}
{"event": "capability_checked", "level": "info", "logger": "app.research_web.capabilities.catalog", "timestamp": "2026-10-08T18:23:54.189838Z"}
{"event": "capability_native_projection_changed", "level": "info", "logger": "app.research_web.capabilities.catalog", "timestamp": "2026-10-08T18:23:54.224390Z"}
{"event": "capability_draft_created", "level": "info", "logger": "app.research_web.capabilities.catalog", "timestamp": "2026-10-08T18:23:54.258390Z"}
{"event": "capability_checked", "level": "info", "logger": "app.research_web.capabilities.catalog", "timestamp": "2026-10-08T18:23:54.277675Z"}
{"event": "capability_native_projection_changed", "level": "info", "logger": "app.research_web.capabilities.catalog", "timestamp": "2026-10-08T18:23:54.311773Z"}
{"event": "capability_draft_created", "level": "info", "logger": "app.research_web.capabilities.catalog", "timestamp": "2026-10-08T18:23:54.345248Z"}
{"event": "capability_checked", "level": "info", "logger": "app.research_web.capabilities.catalog", "timestamp": "2026-10-08T18:23:54.364477Z"}
{"event": "capability_native_projection_changed", "level": "info", "logger": "app.research_web.capabilities.catalog", "timestamp": "2026-10-08T18:23:54.399525Z"}
{"event": "capability_draft_created", "level": "info", "logger": "app.research_web.capabilities.catalog", "timestamp": "2026-10-08T18:23:54.433304Z"}
{"event": "capability_checked", "level": "info", "logger": "app.research_web.capabilities.catalog", "timestamp": "2026-10-08T18:23:54.452900Z"}
{"event": "capability_native_projection_changed", "level": "info", "logger": "app.research_web.capabilities.catalog", "timestamp": "2026-10-08T18:23:54.487061Z"}
{"event": "capability_draft_created", "level": "info", "logger": "app.research_web.capabilities.catalog", "timestamp": "2026-10-08T18:23:54.520080Z"}
{"event": "capability_checked", "level": "info", "logger": "app.research_web.capabilities.catalog", "timestamp": "2026-10-08T18:23:54.540247Z"}
{"event": "capability_native_projection_changed", "level": "info", "logger": "app.research_web.capabilities.catalog", "timestamp": "2026-10-08T18:23:54.575268Z"}
{"event": "framework_runtime_started", "level": "info", "logger": "app.research_web.frameworks.service", "timestamp": "2026-10-08T18:23:54.719691Z"}
{"event": "mcp_registry_service_started", "level": "info", "logger": "app.research_web.mcp_registry.service", "timestamp": "2026-10-08T18:23:54.719821Z"}
{"event": "mcp_runtime_service_started", "level": "info", "logger": "app.research_web.mcp_runtime.service", "timestamp": "2026-10-08T18:23:54.719895Z"}
{"event": "Scheduler started", "level": "info", "logger": "apscheduler.scheduler", "timestamp": "2026-10-08T18:23:54.720624Z"}
{"event": "research_web_started", "level": "info", "logger": "app.research_web.main", "timestamp": "2026-10-08T18:23:54.720818Z"}
{"event": "report_workflow_draft_created", "level": "info", "logger": "app.research_web.report_workflows.catalog", "timestamp": "2026-10-08T18:23:54.729056Z"}
{"event": "report_workflow_resource_uploaded", "level": "info", "logger": "app.research_web.report_workflows.catalog", "timestamp": "2026-10-08T18:23:54.730294Z"}
{"event": "report_workflow_resource_uploaded", "level": "info", "logger": "app.research_web.report_workflows.catalog", "timestamp": "2026-10-08T18:23:54.731579Z"}
{"event": "report_workflow_resource_uploaded", "level": "info", "logger": "app.research_web.report_workflows.catalog", "timestamp": "2026-10-08T18:23:54.732868Z"}
{"event": "report_workflow_resource_uploaded", "level": "info", "logger": "app.research_web.report_workflows.catalog", "timestamp": "2026-10-08T18:23:54.734306Z"}
{"event": "report_workflow_resource_uploaded", "level": "info", "logger": "app.research_web.report_workflows.catalog", "timestamp": "2026-10-08T18:23:54.736133Z"}
{"event": "report_workflow_version_created", "level": "info", "logger": "app.research_web.report_workflows.catalog", "timestamp": "2026-10-08T18:23:54.746727Z"}
{"event": "report_workflow_version_published", "level": "info", "logger": "app.research_web.report_workflows.catalog", "timestamp": "2026-10-08T18:23:54.814138Z"}
{"event": "report_workflow_migration_checked", "level": "info", "logger": "app.research_web.report_workflows.migration", "timestamp": "2026-10-08T18:23:54.815238Z"}
{"event": "report_workflow_resource_uploaded", "level": "info", "logger": "app.research_web.report_workflows.catalog", "timestamp": "2026-10-08T18:23:54.825274Z"}
{"event": "report_workflow_version_created", "level": "info", "logger": "app.research_web.report_workflows.catalog", "timestamp": "2026-10-08T18:23:54.835063Z"}
{"event": "report_workflow_version_published", "level": "info", "logger": "app.research_web.report_workflows.catalog", "timestamp": "2026-10-08T18:23:54.903091Z"}
{"event": "report_workflow_migrated_v2", "level": "info", "logger": "app.research_web.report_workflows.migration", "timestamp": "2026-10-08T18:23:54.903816Z"}
{"event": "HTTP Request: GET http://testserver/api/research/report-workflows/chinext-50-weekly \"HTTP/1.1 200 OK\"", "level": "info", "logger": "httpx2", "timestamp": "2026-10-08T18:23:55.003859Z"}
.{"event": "Scheduler has been shut down", "level": "info", "logger": "apscheduler.scheduler", "timestamp": "2026-10-08T18:23:55.010609Z"}
{"event": "framework_runtime_closed", "level": "info", "logger": "app.research_web.frameworks.service", "timestamp": "2026-10-08T18:23:55.011984Z"}
{"event": "capability_draft_created", "level": "info", "logger": "app.research_web.capabilities.catalog", "timestamp": "2026-10-08T18:23:55.041102Z"}
{"event": "capability_checked", "level": "info", "logger": "app.research_web.capabilities.catalog", "timestamp": "2026-10-08T18:23:55.046481Z"}
{"event": "capability_native_projection_changed", "level": "info", "logger": "app.research_web.capabilities.catalog", "timestamp": "2026-10-08T18:23:55.051037Z"}
{"event": "capability_draft_created", "level": "info", "logger": "app.research_web.capabilities.catalog", "timestamp": "2026-10-08T18:23:55.052277Z"}
{"event": "capability_checked", "level": "info", "logger": "app.research_web.capabilities.catalog", "timestamp": "2026-10-08T18:23:55.057038Z"}
{"event": "capability_native_projection_changed", "level": "info", "logger": "app.research_web.capabilities.catalog", "timestamp": "2026-10-08T18:23:55.061381Z"}
{"event": "capability_draft_created", "level": "info", "logger": "app.research_web.capabilities.catalog", "timestamp": "2026-10-08T18:23:55.063167Z"}
{"event": "capability_checked", "level": "info", "logger": "app.research_web.capabilities.catalog", "timestamp": "2026-10-08T18:23:55.068201Z"}
{"event": "capability_native_projection_changed", "level": "info", "logger": "app.research_web.capabilities.catalog", "timestamp": "2026-10-08T18:23:55.072907Z"}
{"event": "capability_draft_created", "level": "info", "logger": "app.research_web.capabilities.catalog", "timestamp": "2026-10-08T18:23:55.075048Z"}
{"event": "capability_checked", "level": "info", "logger": "app.research_web.capabilities.catalog", "timestamp": "2026-10-08T18:23:55.080959Z"}
{"event": "capability_native_projection_changed", "level": "info", "logger": "app.research_web.capabilities.catalog", "timestamp": "2026-10-08T18:23:55.086153Z"}
{"event": "capability_draft_created", "level": "info", "logger": "app.research_web.capabilities.catalog", "timestamp": "2026-10-08T18:23:55.088256Z"}
{"event": "capability_checked", "level": "info", "logger": "app.research_web.capabilities.catalog", "timestamp": "2026-10-08T18:23:55.094676Z"}
{"event": "capability_native_projection_changed", "level": "info", "logger": "app.research_web.capabilities.catalog", "timestamp": "2026-10-08T18:23:55.100026Z"}
{"event": "capability_draft_created", "level": "info", "logger": "app.research_web.capabilities.catalog", "timestamp": "2026-10-08T18:23:55.102612Z"}
{"event": "capability_checked", "level": "info", "logger": "app.research_web.capabilities.catalog", "timestamp": "2026-10-08T18:23:55.107108Z"}
{"event": "capability_native_projection_changed", "level": "info", "logger": "app.research_web.capabilities.catalog", "timestamp": "2026-10-08T18:23:55.112231Z"}
{"event": "capability_draft_created", "level": "info", "logger": "app.research_web.capabilities.catalog", "timestamp": "2026-10-08T18:23:55.115364Z"}
{"event": "capability_checked", "level": "info", "logger": "app.research_web.capabilities.catalog", "timestamp": "2026-10-08T18:23:55.139565Z"}
{"event": "capability_native_projection_changed", "level": "info", "logger": "app.research_web.capabilities.catalog", "timestamp": "2026-10-08T18:23:55.151946Z"}
{"event": "capability_draft_created", "level": "info", "logger": "app.research_web.capabilities.catalog", "timestamp": "2026-10-08T18:23:55.165823Z"}
{"event": "capability_checked", "level": "info", "logger": "app.research_web.capabilities.catalog", "timestamp": "2026-10-08T18:23:55.171507Z"}
{"event": "capability_native_projection_changed", "level": "info", "logger": "app.research_web.capabilities.catalog", "timestamp": "2026-10-08T18:23:55.179269Z"}
{"event": "capability_draft_created", "level": "info", "logger": "app.research_web.capabilities.catalog", "timestamp": "2026-10-08T18:23:55.183917Z"}
{"event": "capability_checked", "level": "info", "logger": "app.research_web.capabilities.catalog", "timestamp": "2026-10-08T18:23:55.189849Z"}
{"event": "capability_native_projection_changed", "level": "info", "logger": "app.research_web.capabilities.catalog", "timestamp": "2026-10-08T18:23:55.198941Z"}
{"event": "capability_draft_created", "level": "info", "logger": "app.research_web.capabilities.catalog", "timestamp": "2026-10-08T18:23:55.204000Z"}
{"event": "capability_checked", "level": "info", "logger": "app.research_web.capabilities.catalog", "timestamp": "2026-10-08T18:23:55.209882Z"}
{"event": "capability_native_projection_changed", "level": "info", "logger": "app.research_web.capabilities.catalog", "timestamp": "2026-10-08T18:23:55.217228Z"}
{"event": "capability_draft_created", "level": "info", "logger": "app.research_web.capabilities.catalog", "timestamp": "2026-10-08T18:23:55.221851Z"}
{"event": "capability_checked", "level": "info", "logger": "app.research_web.capabilities.catalog", "timestamp": "2026-10-08T18:23:55.227629Z"}
{"event": "capability_native_projection_changed", "level": "info", "logger": "app.research_web.capabilities.catalog", "timestamp": "2026-10-08T18:23:55.235064Z"}
{"event": "capability_draft_created", "level": "info", "logger": "app.research_web.capabilities.catalog", "timestamp": "2026-10-08T18:23:55.239845Z"}
{"event": "capability_checked", "level": "info", "logger": "app.research_web.capabilities.catalog", "timestamp": "2026-10-08T18:23:55.245824Z"}
{"event": "capability_native_projection_changed", "level": "info", "logger": "app.research_web.capabilities.catalog", "timestamp": "2026-10-08T18:23:55.253729Z"}
{"event": "capability_draft_created", "level": "info", "logger": "app.research_web.capabilities.catalog", "timestamp": "2026-10-08T18:23:55.259886Z"}
{"event": "capability_checked", "level": "info", "logger": "app.research_web.capabilities.catalog", "timestamp": "2026-10-08T18:23:55.541721Z"}
{"event": "capability_native_projection_changed", "level": "info", "logger": "app.research_web.capabilities.catalog", "timestamp": "2026-10-08T18:23:55.552264Z"}
{"event": "capability_draft_created", "level": "info", "logger": "app.research_web.capabilities.catalog", "timestamp": "2026-10-08T18:23:55.560104Z"}
{"event": "capability_checked", "level": "info", "logger": "app.research_web.capabilities.catalog", "timestamp": "2026-10-08T18:23:55.833399Z"}
{"event": "capability_native_projection_changed", "level": "info", "logger": "app.research_web.capabilities.catalog", "timestamp": "2026-10-08T18:23:55.844835Z"}
{"event": "capability_draft_created", "level": "info", "logger": "app.research_web.capabilities.catalog", "timestamp": "2026-10-08T18:23:55.853444Z"}
{"event": "capability_checked", "level": "info", "logger": "app.research_web.capabilities.catalog", "timestamp": "2026-10-08T18:23:56.161739Z"}
{"event": "capability_native_projection_changed", "level": "info", "logger": "app.research_web.capabilities.catalog", "timestamp": "2026-10-08T18:23:56.175245Z"}
{"event": "capability_draft_created", "level": "info", "logger": "app.research_web.capabilities.catalog", "timestamp": "2026-10-08T18:23:56.185572Z"}
{"event": "capability_checked", "level": "info", "logger": "app.research_web.capabilities.catalog", "timestamp": "2026-10-08T18:23:56.566360Z"}
{"event": "capability_native_projection_changed", "level": "info", "logger": "app.research_web.capabilities.catalog", "timestamp": "2026-10-08T18:23:56.582963Z"}
{"event": "capability_draft_created", "level": "info", "logger": "app.research_web.capabilities.catalog", "timestamp": "2026-10-08T18:23:56.602417Z"}
{"event": "capability_checked", "level": "info", "logger": "app.research_web.capabilities.catalog", "timestamp": "2026-10-08T18:23:56.984455Z"}
{"event": "capability_native_projection_changed", "level": "info", "logger": "app.research_web.capabilities.catalog", "timestamp": "2026-10-08T18:23:57.014290Z"}
{"event": "capability_draft_created", "level": "info", "logger": "app.research_web.capabilities.catalog", "timestamp": "2026-10-08T18:23:57.028908Z"}
{"event": "capability_checked", "level": "info", "logger": "app.research_web.capabilities.catalog", "timestamp": "2026-10-08T18:23:57.402137Z"}
{"event": "capability_native_projection_changed", "level": "info", "logger": "app.research_web.capabilities.catalog", "timestamp": "2026-10-08T18:23:57.428256Z"}
{"event": "capability_draft_created", "level": "info", "logger": "app.research_web.capabilities.catalog", "timestamp": "2026-10-08T18:23:57.457427Z"}
{"event": "capability_checked", "level": "info", "logger": "app.research_web.capabilities.catalog", "timestamp": "2026-10-08T18:23:57.844597Z"}
{"event": "capability_native_projection_changed", "level": "info", "logger": "app.research_web.capabilities.catalog", "timestamp": "2026-10-08T18:23:57.863806Z"}
{"event": "capability_draft_created", "level": "info", "logger": "app.research_web.capabilities.catalog", "timestamp": "2026-10-08T18:23:57.880271Z"}
{"event": "capability_checked", "level": "info", "logger": "app.research_web.capabilities.catalog", "timestamp": "2026-10-08T18:23:58.205076Z"}
{"event": "capability_native_projection_changed", "level": "info", "logger": "app.research_web.capabilities.catalog", "timestamp": "2026-10-08T18:23:58.226301Z"}
{"event": "capability_draft_created", "level": "info", "logger": "app.research_web.capabilities.catalog", "timestamp": "2026-10-08T18:23:58.243323Z"}
{"event": "capability_checked", "level": "info", "logger": "app.research_web.capabilities.catalog", "timestamp": "2026-10-08T18:23:58.523991Z"}
{"event": "capability_native_projection_changed", "level": "info", "logger": "app.research_web.capabilities.catalog", "timestamp": "2026-10-08T18:23:58.545532Z"}
{"event": "capability_draft_created", "level": "info", "logger": "app.research_web.capabilities.catalog", "timestamp": "2026-10-08T18:23:58.564258Z"}
{"event": "capability_checked", "level": "info", "logger": "app.research_web.capabilities.catalog", "timestamp": "2026-10-08T18:23:58.856195Z"}
{"event": "capability_native_projection_changed", "level": "info", "logger": "app.research_web.capabilities.catalog", "timestamp": "2026-10-08T18:23:58.879579Z"}
{"event": "capability_draft_created", "level": "info", "logger": "app.research_web.capabilities.catalog", "timestamp": "2026-10-08T18:23:58.901232Z"}
{"event": "capability_checked", "level": "info", "logger": "app.research_web.capabilities.catalog", "timestamp": "2026-10-08T18:23:59.238996Z"}
{"event": "capability_native_projection_changed", "level": "info", "logger": "app.research_web.capabilities.catalog", "timestamp": "2026-10-08T18:23:59.275773Z"}
{"event": "capability_draft_created", "level": "info", "logger": "app.research_web.capabilities.catalog", "timestamp": "2026-10-08T18:23:59.297375Z"}
{"event": "capability_checked", "level": "info", "logger": "app.research_web.capabilities.catalog", "timestamp": "2026-10-08T18:23:59.581525Z"}
{"event": "capability_native_projection_changed", "level": "info", "logger": "app.research_web.capabilities.catalog", "timestamp": "2026-10-08T18:23:59.608090Z"}
{"event": "capability_draft_created", "level": "info", "logger": "app.research_web.capabilities.catalog", "timestamp": "2026-10-08T18:23:59.631077Z"}
{"event": "capability_checked", "level": "info", "logger": "app.research_web.capabilities.catalog", "timestamp": "2026-10-08T18:23:59.911010Z"}
{"event": "capability_native_projection_changed", "level": "info", "logger": "app.research_web.capabilities.catalog", "timestamp": "2026-10-08T18:23:59.938398Z"}
{"event": "capability_draft_created", "level": "info", "logger": "app.research_web.capabilities.catalog", "timestamp": "2026-10-08T18:23:59.962626Z"}
{"event": "capability_checked", "level": "info", "logger": "app.research_web.capabilities.catalog", "timestamp": "2026-10-08T18:24:00.258097Z"}
{"event": "capability_native_projection_changed", "level": "info", "logger": "app.research_web.capabilities.catalog", "timestamp": "2026-10-08T18:24:00.286464Z"}
{"event": "capability_draft_created", "level": "info", "logger": "app.research_web.capabilities.catalog", "timestamp": "2026-10-08T18:24:00.312507Z"}
{"event": "capability_checked", "level": "info", "logger": "app.research_web.capabilities.catalog", "timestamp": "2026-10-08T18:24:00.671496Z"}
{"event": "capability_native_projection_changed", "level": "info", "logger": "app.research_web.capabilities.catalog", "timestamp": "2026-10-08T18:24:00.706587Z"}
{"event": "capability_draft_created", "level": "info", "logger": "app.research_web.capabilities.catalog", "timestamp": "2026-10-08T18:24:00.735857Z"}
{"event": "capability_checked", "level": "info", "logger": "app.research_web.capabilities.catalog", "timestamp": "2026-10-08T18:24:01.037601Z"}
{"event": "capability_native_projection_changed", "level": "info", "logger": "app.research_web.capabilities.catalog", "timestamp": "2026-10-08T18:24:01.070866Z"}
{"event": "capability_draft_created", "level": "info", "logger": "app.research_web.capabilities.catalog", "timestamp": "2026-10-08T18:24:01.100329Z"}
{"event": "capability_checked", "level": "info", "logger": "app.research_web.capabilities.catalog", "timestamp": "2026-10-08T18:24:01.387459Z"}
{"event": "capability_native_projection_changed", "level": "info", "logger": "app.research_web.capabilities.catalog", "timestamp": "2026-10-08T18:24:01.421925Z"}
{"event": "capability_draft_created", "level": "info", "logger": "app.research_web.capabilities.catalog", "timestamp": "2026-10-08T18:24:01.451465Z"}
{"event": "capability_checked", "level": "info", "logger": "app.research_web.capabilities.catalog", "timestamp": "2026-10-08T18:24:01.733241Z"}
{"event": "capability_native_projection_changed", "level": "info", "logger": "app.research_web.capabilities.catalog", "timestamp": "2026-10-08T18:24:01.767230Z"}
{"event": "capability_draft_created", "level": "info", "logger": "app.research_web.capabilities.catalog", "timestamp": "2026-10-08T18:24:01.798120Z"}
{"event": "capability_checked", "level": "info", "logger": "app.research_web.capabilities.catalog", "timestamp": "2026-10-08T18:24:01.816107Z"}
{"event": "capability_native_projection_changed", "level": "info", "logger": "app.research_web.capabilities.catalog", "timestamp": "2026-10-08T18:24:01.847768Z"}
{"event": "capability_draft_created", "level": "info", "logger": "app.research_web.capabilities.catalog", "timestamp": "2026-10-08T18:24:01.878457Z"}
{"event": "capability_checked", "level": "info", "logger": "app.research_web.capabilities.catalog", "timestamp": "2026-10-08T18:24:01.896517Z"}
{"event": "capability_native_projection_changed", "level": "info", "logger": "app.research_web.capabilities.catalog", "timestamp": "2026-10-08T18:24:01.928251Z"}
{"event": "capability_draft_created", "level": "info", "logger": "app.research_web.capabilities.catalog", "timestamp": "2026-10-08T18:24:01.958992Z"}
{"event": "capability_checked", "level": "info", "logger": "app.research_web.capabilities.catalog", "timestamp": "2026-10-08T18:24:01.977683Z"}
{"event": "capability_native_projection_changed", "level": "info", "logger": "app.research_web.capabilities.catalog", "timestamp": "2026-10-08T18:24:02.009956Z"}
{"event": "capability_draft_created", "level": "info", "logger": "app.research_web.capabilities.catalog", "timestamp": "2026-10-08T18:24:02.042583Z"}
{"event": "capability_checked", "level": "info", "logger": "app.research_web.capabilities.catalog", "timestamp": "2026-10-08T18:24:02.060905Z"}
{"event": "capability_native_projection_changed", "level": "info", "logger": "app.research_web.capabilities.catalog", "timestamp": "2026-10-08T18:24:02.093418Z"}
{"event": "capability_draft_created", "level": "info", "logger": "app.research_web.capabilities.catalog", "timestamp": "2026-10-08T18:24:02.124224Z"}
{"event": "capability_checked", "level": "info", "logger": "app.research_web.capabilities.catalog", "timestamp": "2026-10-08T18:24:02.142774Z"}
{"event": "capability_native_projection_changed", "level": "info", "logger": "app.research_web.capabilities.catalog", "timestamp": "2026-10-08T18:24:02.175863Z"}
{"event": "capability_draft_created", "level": "info", "logger": "app.research_web.capabilities.catalog", "timestamp": "2026-10-08T18:24:02.207406Z"}
{"event": "capability_checked", "level": "info", "logger": "app.research_web.capabilities.catalog", "timestamp": "2026-10-08T18:24:02.226031Z"}
{"event": "capability_native_projection_changed", "level": "info", "logger": "app.research_web.capabilities.catalog", "timestamp": "2026-10-08T18:24:02.258903Z"}
{"event": "capability_draft_created", "level": "info", "logger": "app.research_web.capabilities.catalog", "timestamp": "2026-10-08T18:24:02.290520Z"}
{"event": "capability_checked", "level": "info", "logger": "app.research_web.capabilities.catalog", "timestamp": "2026-10-08T18:24:02.309182Z"}
{"event": "capability_native_projection_changed", "level": "info", "logger": "app.research_web.capabilities.catalog", "timestamp": "2026-10-08T18:24:02.343348Z"}
{"event": "capability_draft_created", "level": "info", "logger": "app.research_web.capabilities.catalog", "timestamp": "2026-10-08T18:24:02.375668Z"}
{"event": "capability_checked", "level": "info", "logger": "app.research_web.capabilities.catalog", "timestamp": "2026-10-08T18:24:02.395215Z"}
{"event": "capability_native_projection_changed", "level": "info", "logger": "app.research_web.capabilities.catalog", "timestamp": "2026-10-08T18:24:02.428900Z"}
{"event": "capability_draft_created", "level": "info", "logger": "app.research_web.capabilities.catalog", "timestamp": "2026-10-08T18:24:02.460796Z"}
{"event": "capability_checked", "level": "info", "logger": "app.research_web.capabilities.catalog", "timestamp": "2026-10-08T18:24:02.479776Z"}
{"event": "capability_native_projection_changed", "level": "info", "logger": "app.research_web.capabilities.catalog", "timestamp": "2026-10-08T18:24:02.513947Z"}
{"event": "capability_draft_created", "level": "info", "logger": "app.research_web.capabilities.catalog", "timestamp": "2026-10-08T18:24:02.546495Z"}
{"event": "capability_checked", "level": "info", "logger": "app.research_web.capabilities.catalog", "timestamp": "2026-10-08T18:24:02.565591Z"}
{"event": "capability_native_projection_changed", "level": "info", "logger": "app.research_web.capabilities.catalog", "timestamp": "2026-10-08T18:24:02.599683Z"}
{"event": "capability_draft_created", "level": "info", "logger": "app.research_web.capabilities.catalog", "timestamp": "2026-10-08T18:24:02.632245Z"}
{"event": "capability_checked", "level": "info", "logger": "app.research_web.capabilities.catalog", "timestamp": "2026-10-08T18:24:02.651507Z"}
{"event": "capability_native_projection_changed", "level": "info", "logger": "app.research_web.capabilities.catalog", "timestamp": "2026-10-08T18:24:02.693602Z"}
{"event": "capability_draft_created", "level": "info", "logger": "app.research_web.capabilities.catalog", "timestamp": "2026-10-08T18:24:02.726255Z"}
{"event": "capability_checked", "level": "info", "logger": "app.research_web.capabilities.catalog", "timestamp": "2026-10-08T18:24:02.745301Z"}
{"event": "capability_native_projection_changed", "level": "info", "logger": "app.research_web.capabilities.catalog", "timestamp": "2026-10-08T18:24:02.779396Z"}
{"event": "capability_draft_created", "level": "info", "logger": "app.research_web.capabilities.catalog", "timestamp": "2026-10-08T18:24:02.811826Z"}
{"event": "capability_checked", "level": "info", "logger": "app.research_web.capabilities.catalog", "timestamp": "2026-10-08T18:24:02.832318Z"}
{"event": "capability_native_projection_changed", "level": "info", "logger": "app.research_web.capabilities.catalog", "timestamp": "2026-10-08T18:24:02.868072Z"}
{"event": "capability_draft_created", "level": "info", "logger": "app.research_web.capabilities.catalog", "timestamp": "2026-10-08T18:24:02.900947Z"}
{"event": "capability_checked", "level": "info", "logger": "app.research_web.capabilities.catalog", "timestamp": "2026-10-08T18:24:02.920471Z"}
{"event": "capability_native_projection_changed", "level": "info", "logger": "app.research_web.capabilities.catalog", "timestamp": "2026-10-08T18:24:02.955583Z"}
{"event": "framework_runtime_started", "level": "info", "logger": "app.research_web.frameworks.service", "timestamp": "2026-10-08T18:24:03.088053Z"}
{"event": "mcp_registry_service_started", "level": "info", "logger": "app.research_web.mcp_registry.service", "timestamp": "2026-10-08T18:24:03.088176Z"}
{"event": "mcp_runtime_service_started", "level": "info", "logger": "app.research_web.mcp_runtime.service", "timestamp": "2026-10-08T18:24:03.088251Z"}
{"event": "Scheduler started", "level": "info", "logger": "apscheduler.scheduler", "timestamp": "2026-10-08T18:24:03.088804Z"}
{"event": "research_web_started", "level": "info", "logger": "app.research_web.main", "timestamp": "2026-10-08T18:24:03.088933Z"}
{"event": "report_workflow_draft_created", "level": "info", "logger": "app.research_web.report_workflows.catalog", "timestamp": "2026-10-08T18:24:03.096633Z"}
{"event": "report_workflow_resource_uploaded", "level": "info", "logger": "app.research_web.report_workflows.catalog", "timestamp": "2026-10-08T18:24:03.097732Z"}
{"event": "report_workflow_resource_uploaded", "level": "info", "logger": "app.research_web.report_workflows.catalog", "timestamp": "2026-10-08T18:24:03.098930Z"}
{"event": "report_workflow_resource_uploaded", "level": "info", "logger": "app.research_web.report_workflows.catalog", "timestamp": "2026-10-08T18:24:03.100149Z"}
{"event": "report_workflow_resource_uploaded", "level": "info", "logger": "app.research_web.report_workflows.catalog", "timestamp": "2026-10-08T18:24:03.101419Z"}
{"event": "report_workflow_resource_uploaded", "level": "info", "logger": "app.research_web.report_workflows.catalog", "timestamp": "2026-10-08T18:24:03.102957Z"}
{"event": "report_workflow_version_created", "level": "info", "logger": "app.research_web.report_workflows.catalog", "timestamp": "2026-10-08T18:24:03.112249Z"}
{"event": "report_workflow_version_published", "level": "info", "logger": "app.research_web.report_workflows.catalog", "timestamp": "2026-10-08T18:24:03.178741Z"}
{"event": "report_workflow_migration_checked", "level": "info", "logger": "app.research_web.report_workflows.migration", "timestamp": "2026-10-08T18:24:03.179665Z"}
{"event": "report_workflow_resource_uploaded", "level": "info", "logger": "app.research_web.report_workflows.catalog", "timestamp": "2026-10-08T18:24:03.189066Z"}
{"event": "report_workflow_version_created", "level": "info", "logger": "app.research_web.report_workflows.catalog", "timestamp": "2026-10-08T18:24:03.199177Z"}
{"event": "report_workflow_version_published", "level": "info", "logger": "app.research_web.report_workflows.catalog", "timestamp": "2026-10-08T18:24:03.263155Z"}
{"event": "report_workflow_migrated_v2", "level": "info", "logger": "app.research_web.report_workflows.migration", "timestamp": "2026-10-08T18:24:03.263807Z"}
{"event": "HTTP Request: GET http://testserver/api/research/report-workflows/huaan-etf-weekly \"HTTP/1.1 200 OK\"", "level": "info", "logger": "httpx2", "timestamp": "2026-10-08T18:24:03.396630Z"}
.{"event": "Scheduler has been shut down", "level": "info", "logger": "apscheduler.scheduler", "timestamp": "2026-10-08T18:24:03.397407Z"}
{"event": "framework_runtime_closed", "level": "info", "logger": "app.research_web.frameworks.service", "timestamp": "2026-10-08T18:24:03.398288Z"}
{"event": "capability_draft_created", "level": "info", "logger": "app.research_web.capabilities.catalog", "timestamp": "2026-10-08T18:24:03.428442Z"}
{"event": "capability_checked", "level": "info", "logger": "app.research_web.capabilities.catalog", "timestamp": "2026-10-08T18:24:03.433276Z"}
{"event": "capability_native_projection_changed", "level": "info", "logger": "app.research_web.capabilities.catalog", "timestamp": "2026-10-08T18:24:03.437697Z"}
{"event": "capability_draft_created", "level": "info", "logger": "app.research_web.capabilities.catalog", "timestamp": "2026-10-08T18:24:03.439234Z"}
{"event": "capability_checked", "level": "info", "logger": "app.research_web.capabilities.catalog", "timestamp": "2026-10-08T18:24:03.443955Z"}
{"event": "capability_native_projection_changed", "level": "info", "logger": "app.research_web.capabilities.catalog", "timestamp": "2026-10-08T18:24:03.448537Z"}
{"event": "capability_draft_created", "level": "info", "logger": "app.research_web.capabilities.catalog", "timestamp": "2026-10-08T18:24:03.450334Z"}
{"event": "capability_checked", "level": "info", "logger": "app.research_web.capabilities.catalog", "timestamp": "2026-10-08T18:24:03.455792Z"}
{"event": "capability_native_projection_changed", "level": "info", "logger": "app.research_web.capabilities.catalog", "timestamp": "2026-10-08T18:24:03.460719Z"}
{"event": "capability_draft_created", "level": "info", "logger": "app.research_web.capabilities.catalog", "timestamp": "2026-10-08T18:24:03.462650Z"}
{"event": "capability_checked", "level": "info", "logger": "app.research_web.capabilities.catalog", "timestamp": "2026-10-08T18:24:03.467928Z"}
{"event": "capability_native_projection_changed", "level": "info", "logger": "app.research_web.capabilities.catalog", "timestamp": "2026-10-08T18:24:03.472817Z"}
{"event": "capability_draft_created", "level": "info", "logger": "app.research_web.capabilities.catalog", "timestamp": "2026-10-08T18:24:03.474925Z"}
{"event": "capability_checked", "level": "info", "logger": "app.research_web.capabilities.catalog", "timestamp": "2026-10-08T18:24:03.482260Z"}
{"event": "capability_native_projection_changed", "level": "info", "logger": "app.research_web.capabilities.catalog", "timestamp": "2026-10-08T18:24:03.488436Z"}
{"event": "capability_draft_created", "level": "info", "logger": "app.research_web.capabilities.catalog", "timestamp": "2026-10-08T18:24:03.490852Z"}
{"event": "capability_checked", "level": "info", "logger": "app.research_web.capabilities.catalog", "timestamp": "2026-10-08T18:24:03.495510Z"}
{"event": "capability_native_projection_changed", "level": "info", "logger": "app.research_web.capabilities.catalog", "timestamp": "2026-10-08T18:24:03.500606Z"}
{"event": "capability_draft_created", "level": "info", "logger": "app.research_web.capabilities.catalog", "timestamp": "2026-10-08T18:24:03.503963Z"}
{"event": "capability_checked", "level": "info", "logger": "app.research_web.capabilities.catalog", "timestamp": "2026-10-08T18:24:03.538650Z"}
{"event": "capability_native_projection_changed", "level": "info", "logger": "app.research_web.capabilities.catalog", "timestamp": "2026-10-08T18:24:03.550506Z"}
{"event": "capability_draft_created", "level": "info", "logger": "app.research_web.capabilities.catalog", "timestamp": "2026-10-08T18:24:03.554469Z"}
{"event": "capability_checked", "level": "info", "logger": "app.research_web.capabilities.catalog", "timestamp": "2026-10-08T18:24:03.559657Z"}
{"event": "capability_native_projection_changed", "level": "info", "logger": "app.research_web.capabilities.catalog", "timestamp": "2026-10-08T18:24:03.566335Z"}
{"event": "capability_draft_created", "level": "info", "logger": "app.research_web.capabilities.catalog", "timestamp": "2026-10-08T18:24:03.570485Z"}
{"event": "capability_checked", "level": "info", "logger": "app.research_web.capabilities.catalog", "timestamp": "2026-10-08T18:24:03.575747Z"}
{"event": "capability_native_projection_changed", "level": "info", "logger": "app.research_web.capabilities.catalog", "timestamp": "2026-10-08T18:24:03.582571Z"}
{"event": "capability_draft_created", "level": "info", "logger": "app.research_web.capabilities.catalog", "timestamp": "2026-10-08T18:24:03.586764Z"}
{"event": "capability_checked", "level": "info", "logger": "app.research_web.capabilities.catalog", "timestamp": "2026-10-08T18:24:03.592741Z"}
{"event": "capability_native_projection_changed", "level": "info", "logger": "app.research_web.capabilities.catalog", "timestamp": "2026-10-08T18:24:03.600095Z"}
{"event": "capability_draft_created", "level": "info", "logger": "app.research_web.capabilities.catalog", "timestamp": "2026-10-08T18:24:03.604912Z"}
{"event": "capability_checked", "level": "info", "logger": "app.research_web.capabilities.catalog", "timestamp": "2026-10-08T18:24:03.610743Z"}
{"event": "capability_native_projection_changed", "level": "info", "logger": "app.research_web.capabilities.catalog", "timestamp": "2026-10-08T18:24:03.618406Z"}
{"event": "capability_draft_created", "level": "info", "logger": "app.research_web.capabilities.catalog", "timestamp": "2026-10-08T18:24:03.623263Z"}
{"event": "capability_checked", "level": "info", "logger": "app.research_web.capabilities.catalog", "timestamp": "2026-10-08T18:24:03.629473Z"}
{"event": "capability_native_projection_changed", "level": "info", "logger": "app.research_web.capabilities.catalog", "timestamp": "2026-10-08T18:24:03.637076Z"}
{"event": "capability_draft_created", "level": "info", "logger": "app.research_web.capabilities.catalog", "timestamp": "2026-10-08T18:24:03.643031Z"}
{"event": "capability_checked", "level": "info", "logger": "app.research_web.capabilities.catalog", "timestamp": "2026-10-08T18:24:03.933624Z"}
{"event": "capability_native_projection_changed", "level": "info", "logger": "app.research_web.capabilities.catalog", "timestamp": "2026-10-08T18:24:03.944194Z"}
{"event": "capability_draft_created", "level": "info", "logger": "app.research_web.capabilities.catalog", "timestamp": "2026-10-08T18:24:03.951703Z"}
{"event": "capability_checked", "level": "info", "logger": "app.research_web.capabilities.catalog", "timestamp": "2026-10-08T18:24:04.257210Z"}
{"event": "capability_native_projection_changed", "level": "info", "logger": "app.research_web.capabilities.catalog", "timestamp": "2026-10-08T18:24:04.269430Z"}
{"event": "capability_draft_created", "level": "info", "logger": "app.research_web.capabilities.catalog", "timestamp": "2026-10-08T18:24:04.278503Z"}
{"event": "capability_checked", "level": "info", "logger": "app.research_web.capabilities.catalog", "timestamp": "2026-10-08T18:24:04.579823Z"}
{"event": "capability_native_projection_changed", "level": "info", "logger": "app.research_web.capabilities.catalog", "timestamp": "2026-10-08T18:24:04.593553Z"}
{"event": "capability_draft_created", "level": "info", "logger": "app.research_web.capabilities.catalog", "timestamp": "2026-10-08T18:24:04.604185Z"}
{"event": "capability_checked", "level": "info", "logger": "app.research_web.capabilities.catalog", "timestamp": "2026-10-08T18:24:04.952436Z"}
{"event": "capability_native_projection_changed", "level": "info", "logger": "app.research_web.capabilities.catalog", "timestamp": "2026-10-08T18:24:04.967342Z"}
{"event": "capability_draft_created", "level": "info", "logger": "app.research_web.capabilities.catalog", "timestamp": "2026-10-08T18:24:04.979250Z"}
{"event": "capability_checked", "level": "info", "logger": "app.research_web.capabilities.catalog", "timestamp": "2026-10-08T18:24:05.282350Z"}
{"event": "capability_native_projection_changed", "level": "info", "logger": "app.research_web.capabilities.catalog", "timestamp": "2026-10-08T18:24:05.315468Z"}
{"event": "capability_draft_created", "level": "info", "logger": "app.research_web.capabilities.catalog", "timestamp": "2026-10-08T18:24:05.343677Z"}
{"event": "capability_checked", "level": "info", "logger": "app.research_web.capabilities.catalog", "timestamp": "2026-10-08T18:24:05.630791Z"}
{"event": "capability_native_projection_changed", "level": "info", "logger": "app.research_web.capabilities.catalog", "timestamp": "2026-10-08T18:24:05.647612Z"}
{"event": "capability_draft_created", "level": "info", "logger": "app.research_web.capabilities.catalog", "timestamp": "2026-10-08T18:24:05.661667Z"}
{"event": "capability_checked", "level": "info", "logger": "app.research_web.capabilities.catalog", "timestamp": "2026-10-08T18:24:05.984932Z"}
{"event": "capability_native_projection_changed", "level": "info", "logger": "app.research_web.capabilities.catalog", "timestamp": "2026-10-08T18:24:06.003365Z"}
{"event": "capability_draft_created", "level": "info", "logger": "app.research_web.capabilities.catalog", "timestamp": "2026-10-08T18:24:06.018984Z"}
{"event": "capability_checked", "level": "info", "logger": "app.research_web.capabilities.catalog", "timestamp": "2026-10-08T18:24:06.319234Z"}
{"event": "capability_native_projection_changed", "level": "info", "logger": "app.research_web.capabilities.catalog", "timestamp": "2026-10-08T18:24:06.338655Z"}
{"event": "capability_draft_created", "level": "info", "logger": "app.research_web.capabilities.catalog", "timestamp": "2026-10-08T18:24:06.355354Z"}
{"event": "capability_checked", "level": "info", "logger": "app.research_web.capabilities.catalog", "timestamp": "2026-10-08T18:24:06.636670Z"}
{"event": "capability_native_projection_changed", "level": "info", "logger": "app.research_web.capabilities.catalog", "timestamp": "2026-10-08T18:24:06.657960Z"}
{"event": "capability_draft_created", "level": "info", "logger": "app.research_web.capabilities.catalog", "timestamp": "2026-10-08T18:24:06.676849Z"}
{"event": "capability_checked", "level": "info", "logger": "app.research_web.capabilities.catalog", "timestamp": "2026-10-08T18:24:06.977018Z"}
{"event": "capability_native_projection_changed", "level": "info", "logger": "app.research_web.capabilities.catalog", "timestamp": "2026-10-08T18:24:07.000081Z"}
{"event": "capability_draft_created", "level": "info", "logger": "app.research_web.capabilities.catalog", "timestamp": "2026-10-08T18:24:07.020220Z"}
{"event": "capability_checked", "level": "info", "logger": "app.research_web.capabilities.catalog", "timestamp": "2026-10-08T18:24:07.367480Z"}
{"event": "capability_native_projection_changed", "level": "info", "logger": "app.research_web.capabilities.catalog", "timestamp": "2026-10-08T18:24:07.391606Z"}
{"event": "capability_draft_created", "level": "info", "logger": "app.research_web.capabilities.catalog", "timestamp": "2026-10-08T18:24:07.412863Z"}
{"event": "capability_checked", "level": "info", "logger": "app.research_web.capabilities.catalog", "timestamp": "2026-10-08T18:24:07.701334Z"}
{"event": "capability_native_projection_changed", "level": "info", "logger": "app.research_web.capabilities.catalog", "timestamp": "2026-10-08T18:24:07.727041Z"}
{"event": "capability_draft_created", "level": "info", "logger": "app.research_web.capabilities.catalog", "timestamp": "2026-10-08T18:24:07.750050Z"}
{"event": "capability_checked", "level": "info", "logger": "app.research_web.capabilities.catalog", "timestamp": "2026-10-08T18:24:08.039152Z"}
{"event": "capability_native_projection_changed", "level": "info", "logger": "app.research_web.capabilities.catalog", "timestamp": "2026-10-08T18:24:08.065640Z"}
{"event": "capability_draft_created", "level": "info", "logger": "app.research_web.capabilities.catalog", "timestamp": "2026-10-08T18:24:08.089341Z"}
{"event": "capability_checked", "level": "info", "logger": "app.research_web.capabilities.catalog", "timestamp": "2026-10-08T18:24:08.381616Z"}
{"event": "capability_native_projection_changed", "level": "info", "logger": "app.research_web.capabilities.catalog", "timestamp": "2026-10-08T18:24:08.409264Z"}
{"event": "capability_draft_created", "level": "info", "logger": "app.research_web.capabilities.catalog", "timestamp": "2026-10-08T18:24:08.434672Z"}
{"event": "capability_checked", "level": "info", "logger": "app.research_web.capabilities.catalog", "timestamp": "2026-10-08T18:24:08.761027Z"}
{"event": "capability_native_projection_changed", "level": "info", "logger": "app.research_web.capabilities.catalog", "timestamp": "2026-10-08T18:24:08.799254Z"}
{"event": "capability_draft_created", "level": "info", "logger": "app.research_web.capabilities.catalog", "timestamp": "2026-10-08T18:24:08.827655Z"}
{"event": "capability_checked", "level": "info", "logger": "app.research_web.capabilities.catalog", "timestamp": "2026-10-08T18:24:09.129959Z"}
{"event": "capability_native_projection_changed", "level": "info", "logger": "app.research_web.capabilities.catalog", "timestamp": "2026-10-08T18:24:09.161645Z"}
{"event": "capability_draft_created", "level": "info", "logger": "app.research_web.capabilities.catalog", "timestamp": "2026-10-08T18:24:09.191180Z"}
{"event": "capability_checked", "level": "info", "logger": "app.research_web.capabilities.catalog", "timestamp": "2026-10-08T18:24:09.536217Z"}
{"event": "capability_native_projection_changed", "level": "info", "logger": "app.research_web.capabilities.catalog", "timestamp": "2026-10-08T18:24:09.580383Z"}
{"event": "capability_draft_created", "level": "info", "logger": "app.research_web.capabilities.catalog", "timestamp": "2026-10-08T18:24:09.611344Z"}
{"event": "capability_checked", "level": "info", "logger": "app.research_web.capabilities.catalog", "timestamp": "2026-10-08T18:24:09.940806Z"}
{"event": "capability_native_projection_changed", "level": "info", "logger": "app.research_web.capabilities.catalog", "timestamp": "2026-10-08T18:24:09.975257Z"}
{"event": "capability_draft_created", "level": "info", "logger": "app.research_web.capabilities.catalog", "timestamp": "2026-10-08T18:24:10.006324Z"}
{"event": "capability_checked", "level": "info", "logger": "app.research_web.capabilities.catalog", "timestamp": "2026-10-08T18:24:10.025352Z"}
{"event": "capability_native_projection_changed", "level": "info", "logger": "app.research_web.capabilities.catalog", "timestamp": "2026-10-08T18:24:10.057891Z"}
{"event": "capability_draft_created", "level": "info", "logger": "app.research_web.capabilities.catalog", "timestamp": "2026-10-08T18:24:10.088558Z"}
{"event": "capability_checked", "level": "info", "logger": "app.research_web.capabilities.catalog", "timestamp": "2026-10-08T18:24:10.107587Z"}
{"event": "capability_native_projection_changed", "level": "info", "logger": "app.research_web.capabilities.catalog", "timestamp": "2026-10-08T18:24:10.140818Z"}
{"event": "capability_draft_created", "level": "info", "logger": "app.research_web.capabilities.catalog", "timestamp": "2026-10-08T18:24:10.172536Z"}
{"event": "capability_checked", "level": "info", "logger": "app.research_web.capabilities.catalog", "timestamp": "2026-10-08T18:24:10.190796Z"}
{"event": "capability_native_projection_changed", "level": "info", "logger": "app.research_web.capabilities.catalog", "timestamp": "2026-10-08T18:24:10.224108Z"}
{"event": "capability_draft_created", "level": "info", "logger": "app.research_web.capabilities.catalog", "timestamp": "2026-10-08T18:24:10.255628Z"}
{"event": "capability_checked", "level": "info", "logger": "app.research_web.capabilities.catalog", "timestamp": "2026-10-08T18:24:10.275264Z"}
{"event": "capability_native_projection_changed", "level": "info", "logger": "app.research_web.capabilities.catalog", "timestamp": "2026-10-08T18:24:10.317074Z"}
{"event": "capability_draft_created", "level": "info", "logger": "app.research_web.capabilities.catalog", "timestamp": "2026-10-08T18:24:10.359772Z"}
{"event": "capability_checked", "level": "info", "logger": "app.research_web.capabilities.catalog", "timestamp": "2026-10-08T18:24:10.378947Z"}
{"event": "capability_native_projection_changed", "level": "info", "logger": "app.research_web.capabilities.catalog", "timestamp": "2026-10-08T18:24:10.411403Z"}
{"event": "capability_draft_created", "level": "info", "logger": "app.research_web.capabilities.catalog", "timestamp": "2026-10-08T18:24:10.443167Z"}
{"event": "capability_checked", "level": "info", "logger": "app.research_web.capabilities.catalog", "timestamp": "2026-10-08T18:24:10.461657Z"}
{"event": "capability_native_projection_changed", "level": "info", "logger": "app.research_web.capabilities.catalog", "timestamp": "2026-10-08T18:24:10.495320Z"}
{"event": "capability_draft_created", "level": "info", "logger": "app.research_web.capabilities.catalog", "timestamp": "2026-10-08T18:24:10.527503Z"}
{"event": "capability_checked", "level": "info", "logger": "app.research_web.capabilities.catalog", "timestamp": "2026-10-08T18:24:10.546281Z"}
{"event": "capability_native_projection_changed", "level": "info", "logger": "app.research_web.capabilities.catalog", "timestamp": "2026-10-08T18:24:10.580163Z"}
{"event": "capability_draft_created", "level": "info", "logger": "app.research_web.capabilities.catalog", "timestamp": "2026-10-08T18:24:10.612487Z"}
{"event": "capability_checked", "level": "info", "logger": "app.research_web.capabilities.catalog", "timestamp": "2026-10-08T18:24:10.631296Z"}
{"event": "capability_native_projection_changed", "level": "info", "logger": "app.research_web.capabilities.catalog", "timestamp": "2026-10-08T18:24:10.664775Z"}
{"event": "capability_draft_created", "level": "info", "logger": "app.research_web.capabilities.catalog", "timestamp": "2026-10-08T18:24:10.697446Z"}
{"event": "capability_checked", "level": "info", "logger": "app.research_web.capabilities.catalog", "timestamp": "2026-10-08T18:24:10.717249Z"}
{"event": "capability_native_projection_changed", "level": "info", "logger": "app.research_web.capabilities.catalog", "timestamp": "2026-10-08T18:24:10.751053Z"}
{"event": "capability_draft_created", "level": "info", "logger": "app.research_web.capabilities.catalog", "timestamp": "2026-10-08T18:24:10.783974Z"}
{"event": "capability_checked", "level": "info", "logger": "app.research_web.capabilities.catalog", "timestamp": "2026-10-08T18:24:10.803113Z"}
{"event": "capability_native_projection_changed", "level": "info", "logger": "app.research_web.capabilities.catalog", "timestamp": "2026-10-08T18:24:10.836849Z"}
{"event": "capability_draft_created", "level": "info", "logger": "app.research_web.capabilities.catalog", "timestamp": "2026-10-08T18:24:10.869049Z"}
{"event": "capability_checked", "level": "info", "logger": "app.research_web.capabilities.catalog", "timestamp": "2026-10-08T18:24:10.888076Z"}
{"event": "capability_native_projection_changed", "level": "info", "logger": "app.research_web.capabilities.catalog", "timestamp": "2026-10-08T18:24:10.922670Z"}
{"event": "capability_draft_created", "level": "info", "logger": "app.research_web.capabilities.catalog", "timestamp": "2026-10-08T18:24:10.955225Z"}
{"event": "capability_checked", "level": "info", "logger": "app.research_web.capabilities.catalog", "timestamp": "2026-10-08T18:24:10.974610Z"}
{"event": "capability_native_projection_changed", "level": "info", "logger": "app.research_web.capabilities.catalog", "timestamp": "2026-10-08T18:24:11.008051Z"}
{"event": "capability_draft_created", "level": "info", "logger": "app.research_web.capabilities.catalog", "timestamp": "2026-10-08T18:24:11.041116Z"}
{"event": "capability_checked", "level": "info", "logger": "app.research_web.capabilities.catalog", "timestamp": "2026-10-08T18:24:11.060332Z"}
{"event": "capability_native_projection_changed", "level": "info", "logger": "app.research_web.capabilities.catalog", "timestamp": "2026-10-08T18:24:11.095156Z"}
{"event": "capability_draft_created", "level": "info", "logger": "app.research_web.capabilities.catalog", "timestamp": "2026-10-08T18:24:11.128426Z"}
{"event": "capability_checked", "level": "info", "logger": "app.research_web.capabilities.catalog", "timestamp": "2026-10-08T18:24:11.147763Z"}
{"event": "capability_native_projection_changed", "level": "info", "logger": "app.research_web.capabilities.catalog", "timestamp": "2026-10-08T18:24:11.182358Z"}
{"event": "framework_runtime_started", "level": "info", "logger": "app.research_web.frameworks.service", "timestamp": "2026-10-08T18:24:11.330343Z"}
{"event": "mcp_registry_service_started", "level": "info", "logger": "app.research_web.mcp_registry.service", "timestamp": "2026-10-08T18:24:11.330465Z"}
{"event": "mcp_runtime_service_started", "level": "info", "logger": "app.research_web.mcp_runtime.service", "timestamp": "2026-10-08T18:24:11.330545Z"}
{"event": "Scheduler started", "level": "info", "logger": "apscheduler.scheduler", "timestamp": "2026-10-08T18:24:11.331244Z"}
{"event": "research_web_started", "level": "info", "logger": "app.research_web.main", "timestamp": "2026-10-08T18:24:11.331432Z"}
{"event": "report_workflow_migration_checked", "level": "info", "logger": "app.research_web.report_workflows.migration", "timestamp": "2026-10-08T18:24:11.334510Z"}
.{"event": "Scheduler has been shut down", "level": "info", "logger": "apscheduler.scheduler", "timestamp": "2026-10-08T18:24:11.335278Z"}
{"event": "framework_runtime_closed", "level": "info", "logger": "app.research_web.frameworks.service", "timestamp": "2026-10-08T18:24:11.336360Z"}
{"event": "capability_draft_created", "level": "info", "logger": "app.research_web.capabilities.catalog", "timestamp": "2026-10-08T18:24:11.369394Z"}
{"event": "capability_checked", "level": "info", "logger": "app.research_web.capabilities.catalog", "timestamp": "2026-10-08T18:24:11.374401Z"}
{"event": "capability_native_projection_changed", "level": "info", "logger": "app.research_web.capabilities.catalog", "timestamp": "2026-10-08T18:24:11.379163Z"}
{"event": "capability_draft_created", "level": "info", "logger": "app.research_web.capabilities.catalog", "timestamp": "2026-10-08T18:24:11.380283Z"}
{"event": "capability_checked", "level": "info", "logger": "app.research_web.capabilities.catalog", "timestamp": "2026-10-08T18:24:11.385051Z"}
{"event": "capability_native_projection_changed", "level": "info", "logger": "app.research_web.capabilities.catalog", "timestamp": "2026-10-08T18:24:11.389705Z"}
{"event": "capability_draft_created", "level": "info", "logger": "app.research_web.capabilities.catalog", "timestamp": "2026-10-08T18:24:11.391353Z"}
{"event": "capability_checked", "level": "info", "logger": "app.research_web.capabilities.catalog", "timestamp": "2026-10-08T18:24:11.396271Z"}
{"event": "capability_native_projection_changed", "level": "info", "logger": "app.research_web.capabilities.catalog", "timestamp": "2026-10-08T18:24:11.401329Z"}
{"event": "capability_draft_created", "level": "info", "logger": "app.research_web.capabilities.catalog", "timestamp": "2026-10-08T18:24:11.403185Z"}
{"event": "capability_checked", "level": "info", "logger": "app.research_web.capabilities.catalog", "timestamp": "2026-10-08T18:24:11.408618Z"}
{"event": "capability_native_projection_changed", "level": "info", "logger": "app.research_web.capabilities.catalog", "timestamp": "2026-10-08T18:24:11.413948Z"}
{"event": "capability_draft_created", "level": "info", "logger": "app.research_web.capabilities.catalog", "timestamp": "2026-10-08T18:24:11.416076Z"}
{"event": "capability_checked", "level": "info", "logger": "app.research_web.capabilities.catalog", "timestamp": "2026-10-08T18:24:11.422905Z"}
{"event": "capability_native_projection_changed", "level": "info", "logger": "app.research_web.capabilities.catalog", "timestamp": "2026-10-08T18:24:11.428455Z"}
{"event": "capability_draft_created", "level": "info", "logger": "app.research_web.capabilities.catalog", "timestamp": "2026-10-08T18:24:11.430796Z"}
{"event": "capability_checked", "level": "info", "logger": "app.research_web.capabilities.catalog", "timestamp": "2026-10-08T18:24:11.435450Z"}
{"event": "capability_native_projection_changed", "level": "info", "logger": "app.research_web.capabilities.catalog", "timestamp": "2026-10-08T18:24:11.440992Z"}
{"event": "capability_draft_created", "level": "info", "logger": "app.research_web.capabilities.catalog", "timestamp": "2026-10-08T18:24:11.444296Z"}
{"event": "capability_checked", "level": "info", "logger": "app.research_web.capabilities.catalog", "timestamp": "2026-10-08T18:24:11.517063Z"}
{"event": "capability_native_projection_changed", "level": "info", "logger": "app.research_web.capabilities.catalog", "timestamp": "2026-10-08T18:24:11.530914Z"}
{"event": "capability_draft_created", "level": "info", "logger": "app.research_web.capabilities.catalog", "timestamp": "2026-10-08T18:24:11.539206Z"}
{"event": "capability_checked", "level": "info", "logger": "app.research_web.capabilities.catalog", "timestamp": "2026-10-08T18:24:11.545699Z"}
{"event": "capability_native_projection_changed", "level": "info", "logger": "app.research_web.capabilities.catalog", "timestamp": "2026-10-08T18:24:11.553197Z"}
{"event": "capability_draft_created", "level": "info", "logger": "app.research_web.capabilities.catalog", "timestamp": "2026-10-08T18:24:11.557606Z"}
{"event": "capability_checked", "level": "info", "logger": "app.research_web.capabilities.catalog", "timestamp": "2026-10-08T18:24:11.563493Z"}
{"event": "capability_native_projection_changed", "level": "info", "logger": "app.research_web.capabilities.catalog", "timestamp": "2026-10-08T18:24:11.570904Z"}
{"event": "capability_draft_created", "level": "info", "logger": "app.research_web.capabilities.catalog", "timestamp": "2026-10-08T18:24:11.575155Z"}
{"event": "capability_checked", "level": "info", "logger": "app.research_web.capabilities.catalog", "timestamp": "2026-10-08T18:24:11.581093Z"}
{"event": "capability_native_projection_changed", "level": "info", "logger": "app.research_web.capabilities.catalog", "timestamp": "2026-10-08T18:24:11.588941Z"}
{"event": "capability_draft_created", "level": "info", "logger": "app.research_web.capabilities.catalog", "timestamp": "2026-10-08T18:24:11.594067Z"}
{"event": "capability_checked", "level": "info", "logger": "app.research_web.capabilities.catalog", "timestamp": "2026-10-08T18:24:11.600098Z"}
{"event": "capability_native_projection_changed", "level": "info", "logger": "app.research_web.capabilities.catalog", "timestamp": "2026-10-08T18:24:11.607558Z"}
{"event": "capability_draft_created", "level": "info", "logger": "app.research_web.capabilities.catalog", "timestamp": "2026-10-08T18:24:11.612581Z"}
{"event": "capability_checked", "level": "info", "logger": "app.research_web.capabilities.catalog", "timestamp": "2026-10-08T18:24:11.618635Z"}
{"event": "capability_native_projection_changed", "level": "info", "logger": "app.research_web.capabilities.catalog", "timestamp": "2026-10-08T18:24:11.626758Z"}
{"event": "capability_draft_created", "level": "info", "logger": "app.research_web.capabilities.catalog", "timestamp": "2026-10-08T18:24:11.633159Z"}
{"event": "capability_checked", "level": "info", "logger": "app.research_web.capabilities.catalog", "timestamp": "2026-10-08T18:24:11.998211Z"}
{"event": "capability_native_projection_changed", "level": "info", "logger": "app.research_web.capabilities.catalog", "timestamp": "2026-10-08T18:24:12.009462Z"}
{"event": "capability_draft_created", "level": "info", "logger": "app.research_web.capabilities.catalog", "timestamp": "2026-10-08T18:24:12.017263Z"}
{"event": "capability_checked", "level": "info", "logger": "app.research_web.capabilities.catalog", "timestamp": "2026-10-08T18:24:12.317600Z"}
{"event": "capability_native_projection_changed", "level": "info", "logger": "app.research_web.capabilities.catalog", "timestamp": "2026-10-08T18:24:12.329613Z"}
{"event": "capability_draft_created", "level": "info", "logger": "app.research_web.capabilities.catalog", "timestamp": "2026-10-08T18:24:12.338650Z"}
{"event": "capability_checked", "level": "info", "logger": "app.research_web.capabilities.catalog", "timestamp": "2026-10-08T18:24:12.626610Z"}
{"event": "capability_native_projection_changed", "level": "info", "logger": "app.research_web.capabilities.catalog", "timestamp": "2026-10-08T18:24:12.641029Z"}
{"event": "capability_draft_created", "level": "info", "logger": "app.research_web.capabilities.catalog", "timestamp": "2026-10-08T18:24:12.652547Z"}
{"event": "capability_checked", "level": "info", "logger": "app.research_web.capabilities.catalog", "timestamp": "2026-10-08T18:24:13.035182Z"}
{"event": "capability_native_projection_changed", "level": "info", "logger": "app.research_web.capabilities.catalog", "timestamp": "2026-10-08T18:24:13.049784Z"}
{"event": "capability_draft_created", "level": "info", "logger": "app.research_web.capabilities.catalog", "timestamp": "2026-10-08T18:24:13.061533Z"}
{"event": "capability_checked", "level": "info", "logger": "app.research_web.capabilities.catalog", "timestamp": "2026-10-08T18:24:13.342485Z"}
{"event": "capability_native_projection_changed", "level": "info", "logger": "app.research_web.capabilities.catalog", "timestamp": "2026-10-08T18:24:13.358612Z"}
{"event": "capability_draft_created", "level": "info", "logger": "app.research_web.capabilities.catalog", "timestamp": "2026-10-08T18:24:13.371941Z"}
{"event": "capability_checked", "level": "info", "logger": "app.research_web.capabilities.catalog", "timestamp": "2026-10-08T18:24:13.656602Z"}
{"event": "capability_native_projection_changed", "level": "info", "logger": "app.research_web.capabilities.catalog", "timestamp": "2026-10-08T18:24:13.675272Z"}
{"event": "capability_draft_created", "level": "info", "logger": "app.research_web.capabilities.catalog", "timestamp": "2026-10-08T18:24:13.703527Z"}
{"event": "capability_checked", "level": "info", "logger": "app.research_web.capabilities.catalog", "timestamp": "2026-10-08T18:24:14.006649Z"}
{"event": "capability_native_projection_changed", "level": "info", "logger": "app.research_web.capabilities.catalog", "timestamp": "2026-10-08T18:24:14.029567Z"}
{"event": "capability_draft_created", "level": "info", "logger": "app.research_web.capabilities.catalog", "timestamp": "2026-10-08T18:24:14.045186Z"}
{"event": "capability_checked", "level": "info", "logger": "app.research_web.capabilities.catalog", "timestamp": "2026-10-08T18:24:14.375883Z"}
{"event": "capability_native_projection_changed", "level": "info", "logger": "app.research_web.capabilities.catalog", "timestamp": "2026-10-08T18:24:14.397816Z"}
{"event": "capability_draft_created", "level": "info", "logger": "app.research_web.capabilities.catalog", "timestamp": "2026-10-08T18:24:14.414594Z"}
{"event": "capability_checked", "level": "info", "logger": "app.research_web.capabilities.catalog", "timestamp": "2026-10-08T18:24:14.697912Z"}
{"event": "capability_native_projection_changed", "level": "info", "logger": "app.research_web.capabilities.catalog", "timestamp": "2026-10-08T18:24:14.720017Z"}
{"event": "capability_draft_created", "level": "info", "logger": "app.research_web.capabilities.catalog", "timestamp": "2026-10-08T18:24:14.742247Z"}
{"event": "capability_checked", "level": "info", "logger": "app.research_web.capabilities.catalog", "timestamp": "2026-10-08T18:24:15.046909Z"}
{"event": "capability_native_projection_changed", "level": "info", "logger": "app.research_web.capabilities.catalog", "timestamp": "2026-10-08T18:24:15.069410Z"}
{"event": "capability_draft_created", "level": "info", "logger": "app.research_web.capabilities.catalog", "timestamp": "2026-10-08T18:24:15.089184Z"}
{"event": "capability_checked", "level": "info", "logger": "app.research_web.capabilities.catalog", "timestamp": "2026-10-08T18:24:15.442747Z"}
{"event": "capability_native_projection_changed", "level": "info", "logger": "app.research_web.capabilities.catalog", "timestamp": "2026-10-08T18:24:15.466936Z"}
{"event": "capability_draft_created", "level": "info", "logger": "app.research_web.capabilities.catalog", "timestamp": "2026-10-08T18:24:15.490318Z"}
{"event": "capability_checked", "level": "info", "logger": "app.research_web.capabilities.catalog", "timestamp": "2026-10-08T18:24:15.809547Z"}
{"event": "capability_native_projection_changed", "level": "info", "logger": "app.research_web.capabilities.catalog", "timestamp": "2026-10-08T18:24:15.835041Z"}
{"event": "capability_draft_created", "level": "info", "logger": "app.research_web.capabilities.catalog", "timestamp": "2026-10-08T18:24:15.858051Z"}
{"event": "capability_checked", "level": "info", "logger": "app.research_web.capabilities.catalog", "timestamp": "2026-10-08T18:24:16.331966Z"}
{"event": "capability_native_projection_changed", "level": "info", "logger": "app.research_web.capabilities.catalog", "timestamp": "2026-10-08T18:24:16.399922Z"}
{"event": "capability_draft_created", "level": "info", "logger": "app.research_web.capabilities.catalog", "timestamp": "2026-10-08T18:24:16.446102Z"}
{"event": "capability_checked", "level": "info", "logger": "app.research_web.capabilities.catalog", "timestamp": "2026-10-08T18:24:17.010454Z"}
{"event": "capability_native_projection_changed", "level": "info", "logger": "app.research_web.capabilities.catalog", "timestamp": "2026-10-08T18:24:17.049394Z"}
{"event": "capability_draft_created", "level": "info", "logger": "app.research_web.capabilities.catalog", "timestamp": "2026-10-08T18:24:17.079503Z"}
{"event": "capability_checked", "level": "info", "logger": "app.research_web.capabilities.catalog", "timestamp": "2026-10-08T18:24:17.516257Z"}
{"event": "capability_native_projection_changed", "level": "info", "logger": "app.research_web.capabilities.catalog", "timestamp": "2026-10-08T18:24:17.548604Z"}
{"event": "capability_draft_created", "level": "info", "logger": "app.research_web.capabilities.catalog", "timestamp": "2026-10-08T18:24:17.625792Z"}
{"event": "capability_checked", "level": "info", "logger": "app.research_web.capabilities.catalog", "timestamp": "2026-10-08T18:24:17.951669Z"}
{"event": "capability_native_projection_changed", "level": "info", "logger": "app.research_web.capabilities.catalog", "timestamp": "2026-10-08T18:24:17.985011Z"}
{"event": "capability_draft_created", "level": "info", "logger": "app.research_web.capabilities.catalog", "timestamp": "2026-10-08T18:24:18.013721Z"}
{"event": "capability_checked", "level": "info", "logger": "app.research_web.capabilities.catalog", "timestamp": "2026-10-08T18:24:18.320219Z"}
{"event": "capability_native_projection_changed", "level": "info", "logger": "app.research_web.capabilities.catalog", "timestamp": "2026-10-08T18:24:18.352732Z"}
{"event": "capability_draft_created", "level": "info", "logger": "app.research_web.capabilities.catalog", "timestamp": "2026-10-08T18:24:18.382807Z"}
{"event": "capability_checked", "level": "info", "logger": "app.research_web.capabilities.catalog", "timestamp": "2026-10-08T18:24:18.696989Z"}
{"event": "capability_native_projection_changed", "level": "info", "logger": "app.research_web.capabilities.catalog", "timestamp": "2026-10-08T18:24:18.733600Z"}
{"event": "capability_draft_created", "level": "info", "logger": "app.research_web.capabilities.catalog", "timestamp": "2026-10-08T18:24:18.772154Z"}
{"event": "capability_checked", "level": "info", "logger": "app.research_web.capabilities.catalog", "timestamp": "2026-10-08T18:24:18.803179Z"}
{"event": "capability_native_projection_changed", "level": "info", "logger": "app.research_web.capabilities.catalog", "timestamp": "2026-10-08T18:24:18.837335Z"}
{"event": "capability_draft_created", "level": "info", "logger": "app.research_web.capabilities.catalog", "timestamp": "2026-10-08T18:24:18.869205Z"}
{"event": "capability_checked", "level": "info", "logger": "app.research_web.capabilities.catalog", "timestamp": "2026-10-08T18:24:18.887443Z"}
{"event": "capability_native_projection_changed", "level": "info", "logger": "app.research_web.capabilities.catalog", "timestamp": "2026-10-08T18:24:18.922504Z"}
{"event": "capability_draft_created", "level": "info", "logger": "app.research_web.capabilities.catalog", "timestamp": "2026-10-08T18:24:18.960420Z"}
{"event": "capability_checked", "level": "info", "logger": "app.research_web.capabilities.catalog", "timestamp": "2026-10-08T18:24:18.979658Z"}
{"event": "capability_native_projection_changed", "level": "info", "logger": "app.research_web.capabilities.catalog", "timestamp": "2026-10-08T18:24:19.013416Z"}
{"event": "capability_draft_created", "level": "info", "logger": "app.research_web.capabilities.catalog", "timestamp": "2026-10-08T18:24:19.045613Z"}
{"event": "capability_checked", "level": "info", "logger": "app.research_web.capabilities.catalog", "timestamp": "2026-10-08T18:24:19.064649Z"}
{"event": "capability_native_projection_changed", "level": "info", "logger": "app.research_web.capabilities.catalog", "timestamp": "2026-10-08T18:24:19.098069Z"}
{"event": "capability_draft_created", "level": "info", "logger": "app.research_web.capabilities.catalog", "timestamp": "2026-10-08T18:24:19.129595Z"}
{"event": "capability_checked", "level": "info", "logger": "app.research_web.capabilities.catalog", "timestamp": "2026-10-08T18:24:19.148462Z"}
{"event": "capability_native_projection_changed", "level": "info", "logger": "app.research_web.capabilities.catalog", "timestamp": "2026-10-08T18:24:19.181404Z"}
{"event": "capability_draft_created", "level": "info", "logger": "app.research_web.capabilities.catalog", "timestamp": "2026-10-08T18:24:19.219067Z"}
{"event": "capability_checked", "level": "info", "logger": "app.research_web.capabilities.catalog", "timestamp": "2026-10-08T18:24:19.239351Z"}
{"event": "capability_native_projection_changed", "level": "info", "logger": "app.research_web.capabilities.catalog", "timestamp": "2026-10-08T18:24:19.272722Z"}
{"event": "capability_draft_created", "level": "info", "logger": "app.research_web.capabilities.catalog", "timestamp": "2026-10-08T18:24:19.304473Z"}
{"event": "capability_checked", "level": "info", "logger": "app.research_web.capabilities.catalog", "timestamp": "2026-10-08T18:24:19.324409Z"}
{"event": "capability_native_projection_changed", "level": "info", "logger": "app.research_web.capabilities.catalog", "timestamp": "2026-10-08T18:24:19.358280Z"}
{"event": "capability_draft_created", "level": "info", "logger": "app.research_web.capabilities.catalog", "timestamp": "2026-10-08T18:24:19.391645Z"}
{"event": "capability_checked", "level": "info", "logger": "app.research_web.capabilities.catalog", "timestamp": "2026-10-08T18:24:19.410608Z"}
{"event": "capability_native_projection_changed", "level": "info", "logger": "app.research_web.capabilities.catalog", "timestamp": "2026-10-08T18:24:19.445454Z"}
{"event": "capability_draft_created", "level": "info", "logger": "app.research_web.capabilities.catalog", "timestamp": "2026-10-08T18:24:19.479364Z"}
{"event": "capability_checked", "level": "info", "logger": "app.research_web.capabilities.catalog", "timestamp": "2026-10-08T18:24:19.498931Z"}
{"event": "capability_native_projection_changed", "level": "info", "logger": "app.research_web.capabilities.catalog", "timestamp": "2026-10-08T18:24:19.534118Z"}
{"event": "capability_draft_created", "level": "info", "logger": "app.research_web.capabilities.catalog", "timestamp": "2026-10-08T18:24:19.567434Z"}
{"event": "capability_checked", "level": "info", "logger": "app.research_web.capabilities.catalog", "timestamp": "2026-10-08T18:24:19.590799Z"}
{"event": "capability_native_projection_changed", "level": "info", "logger": "app.research_web.capabilities.catalog", "timestamp": "2026-10-08T18:24:19.628453Z"}
{"event": "capability_draft_created", "level": "info", "logger": "app.research_web.capabilities.catalog", "timestamp": "2026-10-08T18:24:19.662231Z"}
{"event": "capability_checked", "level": "info", "logger": "app.research_web.capabilities.catalog", "timestamp": "2026-10-08T18:24:19.730881Z"}
{"event": "capability_native_projection_changed", "level": "info", "logger": "app.research_web.capabilities.catalog", "timestamp": "2026-10-08T18:24:19.766257Z"}
{"event": "capability_draft_created", "level": "info", "logger": "app.research_web.capabilities.catalog", "timestamp": "2026-10-08T18:24:19.800265Z"}
{"event": "capability_checked", "level": "info", "logger": "app.research_web.capabilities.catalog", "timestamp": "2026-10-08T18:24:19.820502Z"}
{"event": "capability_native_projection_changed", "level": "info", "logger": "app.research_web.capabilities.catalog", "timestamp": "2026-10-08T18:24:19.855043Z"}
{"event": "capability_draft_created", "level": "info", "logger": "app.research_web.capabilities.catalog", "timestamp": "2026-10-08T18:24:19.888318Z"}
{"event": "capability_checked", "level": "info", "logger": "app.research_web.capabilities.catalog", "timestamp": "2026-10-08T18:24:19.908459Z"}
{"event": "capability_native_projection_changed", "level": "info", "logger": "app.research_web.capabilities.catalog", "timestamp": "2026-10-08T18:24:19.943098Z"}
{"event": "capability_draft_created", "level": "info", "logger": "app.research_web.capabilities.catalog", "timestamp": "2026-10-08T18:24:19.976264Z"}
{"event": "capability_checked", "level": "info", "logger": "app.research_web.capabilities.catalog", "timestamp": "2026-10-08T18:24:19.996060Z"}
{"event": "capability_native_projection_changed", "level": "info", "logger": "app.research_web.capabilities.catalog", "timestamp": "2026-10-08T18:24:20.030822Z"}
{"event": "framework_runtime_started", "level": "info", "logger": "app.research_web.frameworks.service", "timestamp": "2026-10-08T18:24:20.165327Z"}
{"event": "mcp_registry_service_started", "level": "info", "logger": "app.research_web.mcp_registry.service", "timestamp": "2026-10-08T18:24:20.165448Z"}
{"event": "mcp_runtime_service_started", "level": "info", "logger": "app.research_web.mcp_runtime.service", "timestamp": "2026-10-08T18:24:20.165521Z"}
{"event": "Scheduler started", "level": "info", "logger": "apscheduler.scheduler", "timestamp": "2026-10-08T18:24:20.166072Z"}
{"event": "research_web_started", "level": "info", "logger": "app.research_web.main", "timestamp": "2026-10-08T18:24:20.166193Z"}
.{"event": "Scheduler has been shut down", "level": "info", "logger": "apscheduler.scheduler", "timestamp": "2026-10-08T18:24:20.169221Z"}
{"event": "framework_runtime_closed", "level": "info", "logger": "app.research_web.frameworks.service", "timestamp": "2026-10-08T18:24:20.170073Z"}
{"event": "capability_draft_created", "level": "info", "logger": "app.research_web.capabilities.catalog", "timestamp": "2026-10-08T18:24:20.197261Z"}
{"event": "capability_checked", "level": "info", "logger": "app.research_web.capabilities.catalog", "timestamp": "2026-10-08T18:24:20.202394Z"}
{"event": "capability_native_projection_changed", "level": "info", "logger": "app.research_web.capabilities.catalog", "timestamp": "2026-10-08T18:24:20.206547Z"}
{"event": "capability_draft_created", "level": "info", "logger": "app.research_web.capabilities.catalog", "timestamp": "2026-10-08T18:24:20.207790Z"}
{"event": "capability_checked", "level": "info", "logger": "app.research_web.capabilities.catalog", "timestamp": "2026-10-08T18:24:20.212353Z"}
{"event": "capability_native_projection_changed", "level": "info", "logger": "app.research_web.capabilities.catalog", "timestamp": "2026-10-08T18:24:20.216889Z"}
{"event": "capability_draft_created", "level": "info", "logger": "app.research_web.capabilities.catalog", "timestamp": "2026-10-08T18:24:20.218705Z"}
{"event": "capability_checked", "level": "info", "logger": "app.research_web.capabilities.catalog", "timestamp": "2026-10-08T18:24:20.223783Z"}
{"event": "capability_native_projection_changed", "level": "info", "logger": "app.research_web.capabilities.catalog", "timestamp": "2026-10-08T18:24:20.228475Z"}
{"event": "capability_draft_created", "level": "info", "logger": "app.research_web.capabilities.catalog", "timestamp": "2026-10-08T18:24:20.230253Z"}
{"event": "capability_checked", "level": "info", "logger": "app.research_web.capabilities.catalog", "timestamp": "2026-10-08T18:24:20.236493Z"}
{"event": "capability_native_projection_changed", "level": "info", "logger": "app.research_web.capabilities.catalog", "timestamp": "2026-10-08T18:24:20.243292Z"}
{"event": "capability_draft_created", "level": "info", "logger": "app.research_web.capabilities.catalog", "timestamp": "2026-10-08T18:24:20.246169Z"}
{"event": "capability_checked", "level": "info", "logger": "app.research_web.capabilities.catalog", "timestamp": "2026-10-08T18:24:20.254199Z"}
{"event": "capability_native_projection_changed", "level": "info", "logger": "app.research_web.capabilities.catalog", "timestamp": "2026-10-08T18:24:20.259779Z"}
{"event": "capability_draft_created", "level": "info", "logger": "app.research_web.capabilities.catalog", "timestamp": "2026-10-08T18:24:20.262542Z"}
{"event": "capability_checked", "level": "info", "logger": "app.research_web.capabilities.catalog", "timestamp": "2026-10-08T18:24:20.267378Z"}
{"event": "capability_native_projection_changed", "level": "info", "logger": "app.research_web.capabilities.catalog", "timestamp": "2026-10-08T18:24:20.272479Z"}
{"event": "capability_draft_created", "level": "info", "logger": "app.research_web.capabilities.catalog", "timestamp": "2026-10-08T18:24:20.275890Z"}
{"event": "capability_checked", "level": "info", "logger": "app.research_web.capabilities.catalog", "timestamp": "2026-10-08T18:24:20.309391Z"}
{"event": "capability_native_projection_changed", "level": "info", "logger": "app.research_web.capabilities.catalog", "timestamp": "2026-10-08T18:24:20.320471Z"}
{"event": "capability_draft_created", "level": "info", "logger": "app.research_web.capabilities.catalog", "timestamp": "2026-10-08T18:24:20.324646Z"}
{"event": "capability_checked", "level": "info", "logger": "app.research_web.capabilities.catalog", "timestamp": "2026-10-08T18:24:20.330579Z"}
{"event": "capability_native_projection_changed", "level": "info", "logger": "app.research_web.capabilities.catalog", "timestamp": "2026-10-08T18:24:20.338429Z"}
{"event": "capability_draft_created", "level": "info", "logger": "app.research_web.capabilities.catalog", "timestamp": "2026-10-08T18:24:20.342617Z"}
{"event": "capability_checked", "level": "info", "logger": "app.research_web.capabilities.catalog", "timestamp": "2026-10-08T18:24:20.348699Z"}
{"event": "capability_native_projection_changed", "level": "info", "logger": "app.research_web.capabilities.catalog", "timestamp": "2026-10-08T18:24:20.355580Z"}
{"event": "capability_draft_created", "level": "info", "logger": "app.research_web.capabilities.catalog", "timestamp": "2026-10-08T18:24:20.359876Z"}
{"event": "capability_checked", "level": "info", "logger": "app.research_web.capabilities.catalog", "timestamp": "2026-10-08T18:24:20.365508Z"}
{"event": "capability_native_projection_changed", "level": "info", "logger": "app.research_web.capabilities.catalog", "timestamp": "2026-10-08T18:24:20.372709Z"}
{"event": "capability_draft_created", "level": "info", "logger": "app.research_web.capabilities.catalog", "timestamp": "2026-10-08T18:24:20.377109Z"}
{"event": "capability_checked", "level": "info", "logger": "app.research_web.capabilities.catalog", "timestamp": "2026-10-08T18:24:20.383041Z"}
{"event": "capability_native_projection_changed", "level": "info", "logger": "app.research_web.capabilities.catalog", "timestamp": "2026-10-08T18:24:20.390253Z"}
{"event": "capability_draft_created", "level": "info", "logger": "app.research_web.capabilities.catalog", "timestamp": "2026-10-08T18:24:20.394886Z"}
{"event": "capability_checked", "level": "info", "logger": "app.research_web.capabilities.catalog", "timestamp": "2026-10-08T18:24:20.400552Z"}
{"event": "capability_native_projection_changed", "level": "info", "logger": "app.research_web.capabilities.catalog", "timestamp": "2026-10-08T18:24:20.408452Z"}
{"event": "capability_draft_created", "level": "info", "logger": "app.research_web.capabilities.catalog", "timestamp": "2026-10-08T18:24:20.426028Z"}
{"event": "capability_checked", "level": "info", "logger": "app.research_web.capabilities.catalog", "timestamp": "2026-10-08T18:24:20.715340Z"}
{"event": "capability_native_projection_changed", "level": "info", "logger": "app.research_web.capabilities.catalog", "timestamp": "2026-10-08T18:24:20.725491Z"}
{"event": "capability_draft_created", "level": "info", "logger": "app.research_web.capabilities.catalog", "timestamp": "2026-10-08T18:24:20.733028Z"}
{"event": "capability_checked", "level": "info", "logger": "app.research_web.capabilities.catalog", "timestamp": "2026-10-08T18:24:21.016002Z"}
{"event": "capability_native_projection_changed", "level": "info", "logger": "app.research_web.capabilities.catalog", "timestamp": "2026-10-08T18:24:21.027765Z"}
{"event": "capability_draft_created", "level": "info", "logger": "app.research_web.capabilities.catalog", "timestamp": "2026-10-08T18:24:21.036712Z"}
{"event": "capability_checked", "level": "info", "logger": "app.research_web.capabilities.catalog", "timestamp": "2026-10-08T18:24:21.312524Z"}
{"event": "capability_native_projection_changed", "level": "info", "logger": "app.research_web.capabilities.catalog", "timestamp": "2026-10-08T18:24:21.325526Z"}
{"event": "capability_draft_created", "level": "info", "logger": "app.research_web.capabilities.catalog", "timestamp": "2026-10-08T18:24:21.335942Z"}
{"event": "capability_checked", "level": "info", "logger": "app.research_web.capabilities.catalog", "timestamp": "2026-10-08T18:24:21.696989Z"}
{"event": "capability_native_projection_changed", "level": "info", "logger": "app.research_web.capabilities.catalog", "timestamp": "2026-10-08T18:24:21.714422Z"}
{"event": "capability_draft_created", "level": "info", "logger": "app.research_web.capabilities.catalog", "timestamp": "2026-10-08T18:24:21.731118Z"}
{"event": "capability_checked", "level": "info", "logger": "app.research_web.capabilities.catalog", "timestamp": "2026-10-08T18:24:22.033724Z"}
{"event": "capability_native_projection_changed", "level": "info", "logger": "app.research_web.capabilities.catalog", "timestamp": "2026-10-08T18:24:22.049767Z"}
{"event": "capability_draft_created", "level": "info", "logger": "app.research_web.capabilities.catalog", "timestamp": "2026-10-08T18:24:22.062935Z"}
{"event": "capability_checked", "level": "info", "logger": "app.research_web.capabilities.catalog", "timestamp": "2026-10-08T18:24:22.394610Z"}
{"event": "capability_native_projection_changed", "level": "info", "logger": "app.research_web.capabilities.catalog", "timestamp": "2026-10-08T18:24:22.411381Z"}
{"event": "capability_draft_created", "level": "info", "logger": "app.research_web.capabilities.catalog", "timestamp": "2026-10-08T18:24:22.425803Z"}
{"event": "capability_checked", "level": "info", "logger": "app.research_web.capabilities.catalog", "timestamp": "2026-10-08T18:24:22.764607Z"}
{"event": "capability_native_projection_changed", "level": "info", "logger": "app.research_web.capabilities.catalog", "timestamp": "2026-10-08T18:24:22.787724Z"}
{"event": "capability_draft_created", "level": "info", "logger": "app.research_web.capabilities.catalog", "timestamp": "2026-10-08T18:24:22.804800Z"}
{"event": "capability_checked", "level": "info", "logger": "app.research_web.capabilities.catalog", "timestamp": "2026-10-08T18:24:23.096989Z"}
{"event": "capability_native_projection_changed", "level": "info", "logger": "app.research_web.capabilities.catalog", "timestamp": "2026-10-08T18:24:23.116928Z"}
{"event": "capability_draft_created", "level": "info", "logger": "app.research_web.capabilities.catalog", "timestamp": "2026-10-08T18:24:23.133655Z"}
{"event": "capability_checked", "level": "info", "logger": "app.research_web.capabilities.catalog", "timestamp": "2026-10-08T18:24:23.440867Z"}
{"event": "capability_native_projection_changed", "level": "info", "logger": "app.research_web.capabilities.catalog", "timestamp": "2026-10-08T18:24:23.465091Z"}
{"event": "capability_draft_created", "level": "info", "logger": "app.research_web.capabilities.catalog", "timestamp": "2026-10-08T18:24:23.509772Z"}
{"event": "capability_checked", "level": "info", "logger": "app.research_web.capabilities.catalog", "timestamp": "2026-10-08T18:24:23.868187Z"}
{"event": "capability_native_projection_changed", "level": "info", "logger": "app.research_web.capabilities.catalog", "timestamp": "2026-10-08T18:24:23.893131Z"}
{"event": "capability_draft_created", "level": "info", "logger": "app.research_web.capabilities.catalog", "timestamp": "2026-10-08T18:24:23.916534Z"}
{"event": "capability_checked", "level": "info", "logger": "app.research_web.capabilities.catalog", "timestamp": "2026-10-08T18:24:24.233460Z"}
{"event": "capability_native_projection_changed", "level": "info", "logger": "app.research_web.capabilities.catalog", "timestamp": "2026-10-08T18:24:24.257966Z"}
{"event": "capability_draft_created", "level": "info", "logger": "app.research_web.capabilities.catalog", "timestamp": "2026-10-08T18:24:24.279807Z"}
{"event": "capability_checked", "level": "info", "logger": "app.research_web.capabilities.catalog", "timestamp": "2026-10-08T18:24:24.636723Z"}
{"event": "capability_native_projection_changed", "level": "info", "logger": "app.research_web.capabilities.catalog", "timestamp": "2026-10-08T18:24:24.663323Z"}
{"event": "capability_draft_created", "level": "info", "logger": "app.research_web.capabilities.catalog", "timestamp": "2026-10-08T18:24:24.686669Z"}
{"event": "capability_checked", "level": "info", "logger": "app.research_web.capabilities.catalog", "timestamp": "2026-10-08T18:24:25.016938Z"}
{"event": "capability_native_projection_changed", "level": "info", "logger": "app.research_web.capabilities.catalog", "timestamp": "2026-10-08T18:24:25.045261Z"}
{"event": "capability_draft_created", "level": "info", "logger": "app.research_web.capabilities.catalog", "timestamp": "2026-10-08T18:24:25.081176Z"}
{"event": "capability_checked", "level": "info", "logger": "app.research_web.capabilities.catalog", "timestamp": "2026-10-08T18:24:25.372381Z"}
{"event": "capability_native_projection_changed", "level": "info", "logger": "app.research_web.capabilities.catalog", "timestamp": "2026-10-08T18:24:25.400417Z"}
{"event": "capability_draft_created", "level": "info", "logger": "app.research_web.capabilities.catalog", "timestamp": "2026-10-08T18:24:25.426074Z"}
{"event": "capability_checked", "level": "info", "logger": "app.research_web.capabilities.catalog", "timestamp": "2026-10-08T18:24:25.765148Z"}
{"event": "capability_native_projection_changed", "level": "info", "logger": "app.research_web.capabilities.catalog", "timestamp": "2026-10-08T18:24:25.798631Z"}
{"event": "capability_draft_created", "level": "info", "logger": "app.research_web.capabilities.catalog", "timestamp": "2026-10-08T18:24:25.826078Z"}
{"event": "capability_checked", "level": "info", "logger": "app.research_web.capabilities.catalog", "timestamp": "2026-10-08T18:24:26.126460Z"}
{"event": "capability_native_projection_changed", "level": "info", "logger": "app.research_web.capabilities.catalog", "timestamp": "2026-10-08T18:24:26.157925Z"}
{"event": "capability_draft_created", "level": "info", "logger": "app.research_web.capabilities.catalog", "timestamp": "2026-10-08T18:24:26.186277Z"}
{"event": "capability_checked", "level": "info", "logger": "app.research_web.capabilities.catalog", "timestamp": "2026-10-08T18:24:26.474010Z"}
{"event": "capability_native_projection_changed", "level": "info", "logger": "app.research_web.capabilities.catalog", "timestamp": "2026-10-08T18:24:26.506300Z"}
{"event": "capability_draft_created", "level": "info", "logger": "app.research_web.capabilities.catalog", "timestamp": "2026-10-08T18:24:26.536437Z"}
{"event": "capability_checked", "level": "info", "logger": "app.research_web.capabilities.catalog", "timestamp": "2026-10-08T18:24:26.822144Z"}
{"event": "capability_native_projection_changed", "level": "info", "logger": "app.research_web.capabilities.catalog", "timestamp": "2026-10-08T18:24:26.856254Z"}
{"event": "capability_draft_created", "level": "info", "logger": "app.research_web.capabilities.catalog", "timestamp": "2026-10-08T18:24:26.887107Z"}
{"event": "capability_checked", "level": "info", "logger": "app.research_web.capabilities.catalog", "timestamp": "2026-10-08T18:24:26.947079Z"}
{"event": "capability_native_projection_changed", "level": "info", "logger": "app.research_web.capabilities.catalog", "timestamp": "2026-10-08T18:24:26.978901Z"}
{"event": "capability_draft_created", "level": "info", "logger": "app.research_web.capabilities.catalog", "timestamp": "2026-10-08T18:24:27.008794Z"}
{"event": "capability_checked", "level": "info", "logger": "app.research_web.capabilities.catalog", "timestamp": "2026-10-08T18:24:27.026984Z"}
{"event": "capability_native_projection_changed", "level": "info", "logger": "app.research_web.capabilities.catalog", "timestamp": "2026-10-08T18:24:27.059093Z"}
{"event": "capability_draft_created", "level": "info", "logger": "app.research_web.capabilities.catalog", "timestamp": "2026-10-08T18:24:27.089152Z"}
{"event": "capability_checked", "level": "info", "logger": "app.research_web.capabilities.catalog", "timestamp": "2026-10-08T18:24:27.107351Z"}
{"event": "capability_native_projection_changed", "level": "info", "logger": "app.research_web.capabilities.catalog", "timestamp": "2026-10-08T18:24:27.139578Z"}
{"event": "capability_draft_created", "level": "info", "logger": "app.research_web.capabilities.catalog", "timestamp": "2026-10-08T18:24:27.170906Z"}
{"event": "capability_checked", "level": "info", "logger": "app.research_web.capabilities.catalog", "timestamp": "2026-10-08T18:24:27.229531Z"}
{"event": "capability_native_projection_changed", "level": "info", "logger": "app.research_web.capabilities.catalog", "timestamp": "2026-10-08T18:24:27.262910Z"}
{"event": "capability_draft_created", "level": "info", "logger": "app.research_web.capabilities.catalog", "timestamp": "2026-10-08T18:24:27.294854Z"}
{"event": "capability_checked", "level": "info", "logger": "app.research_web.capabilities.catalog", "timestamp": "2026-10-08T18:24:27.313875Z"}
{"event": "capability_native_projection_changed", "level": "info", "logger": "app.research_web.capabilities.catalog", "timestamp": "2026-10-08T18:24:27.346755Z"}
{"event": "capability_draft_created", "level": "info", "logger": "app.research_web.capabilities.catalog", "timestamp": "2026-10-08T18:24:27.378230Z"}
{"event": "capability_checked", "level": "info", "logger": "app.research_web.capabilities.catalog", "timestamp": "2026-10-08T18:24:27.397005Z"}
{"event": "capability_native_projection_changed", "level": "info", "logger": "app.research_web.capabilities.catalog", "timestamp": "2026-10-08T18:24:27.430641Z"}
{"event": "capability_draft_created", "level": "info", "logger": "app.research_web.capabilities.catalog", "timestamp": "2026-10-08T18:24:27.462249Z"}
{"event": "capability_checked", "level": "info", "logger": "app.research_web.capabilities.catalog", "timestamp": "2026-10-08T18:24:27.482286Z"}
{"event": "capability_native_projection_changed", "level": "info", "logger": "app.research_web.capabilities.catalog", "timestamp": "2026-10-08T18:24:27.515768Z"}
{"event": "capability_draft_created", "level": "info", "logger": "app.research_web.capabilities.catalog", "timestamp": "2026-10-08T18:24:27.547999Z"}
{"event": "capability_checked", "level": "info", "logger": "app.research_web.capabilities.catalog", "timestamp": "2026-10-08T18:24:27.566952Z"}
{"event": "capability_native_projection_changed", "level": "info", "logger": "app.research_web.capabilities.catalog", "timestamp": "2026-10-08T18:24:27.601680Z"}
{"event": "capability_draft_created", "level": "info", "logger": "app.research_web.capabilities.catalog", "timestamp": "2026-10-08T18:24:27.635635Z"}
{"event": "capability_checked", "level": "info", "logger": "app.research_web.capabilities.catalog", "timestamp": "2026-10-08T18:24:27.655658Z"}
{"event": "capability_native_projection_changed", "level": "info", "logger": "app.research_web.capabilities.catalog", "timestamp": "2026-10-08T18:24:27.690680Z"}
{"event": "capability_draft_created", "level": "info", "logger": "app.research_web.capabilities.catalog", "timestamp": "2026-10-08T18:24:27.725453Z"}
{"event": "capability_checked", "level": "info", "logger": "app.research_web.capabilities.catalog", "timestamp": "2026-10-08T18:24:27.745598Z"}
{"event": "capability_native_projection_changed", "level": "info", "logger": "app.research_web.capabilities.catalog", "timestamp": "2026-10-08T18:24:27.780652Z"}
{"event": "capability_draft_created", "level": "info", "logger": "app.research_web.capabilities.catalog", "timestamp": "2026-10-08T18:24:27.814880Z"}
{"event": "capability_checked", "level": "info", "logger": "app.research_web.capabilities.catalog", "timestamp": "2026-10-08T18:24:27.835084Z"}
{"event": "capability_native_projection_changed", "level": "info", "logger": "app.research_web.capabilities.catalog", "timestamp": "2026-10-08T18:24:27.870322Z"}
{"event": "capability_draft_created", "level": "info", "logger": "app.research_web.capabilities.catalog", "timestamp": "2026-10-08T18:24:27.903956Z"}
{"event": "capability_checked", "level": "info", "logger": "app.research_web.capabilities.catalog", "timestamp": "2026-10-08T18:24:27.924170Z"}
{"event": "capability_native_projection_changed", "level": "info", "logger": "app.research_web.capabilities.catalog", "timestamp": "2026-10-08T18:24:27.959808Z"}
{"event": "capability_draft_created", "level": "info", "logger": "app.research_web.capabilities.catalog", "timestamp": "2026-10-08T18:24:27.994399Z"}
{"event": "capability_checked", "level": "info", "logger": "app.research_web.capabilities.catalog", "timestamp": "2026-10-08T18:24:28.014514Z"}
{"event": "capability_native_projection_changed", "level": "info", "logger": "app.research_web.capabilities.catalog", "timestamp": "2026-10-08T18:24:28.051379Z"}
{"event": "capability_draft_created", "level": "info", "logger": "app.research_web.capabilities.catalog", "timestamp": "2026-10-08T18:24:28.086716Z"}
{"event": "capability_checked", "level": "info", "logger": "app.research_web.capabilities.catalog", "timestamp": "2026-10-08T18:24:28.107128Z"}
{"event": "capability_native_projection_changed", "level": "info", "logger": "app.research_web.capabilities.catalog", "timestamp": "2026-10-08T18:24:28.142880Z"}
{"event": "framework_runtime_started", "level": "info", "logger": "app.research_web.frameworks.service", "timestamp": "2026-10-08T18:24:28.291926Z"}
{"event": "mcp_registry_service_started", "level": "info", "logger": "app.research_web.mcp_registry.service", "timestamp": "2026-10-08T18:24:28.292053Z"}
{"event": "mcp_runtime_service_started", "level": "info", "logger": "app.research_web.mcp_runtime.service", "timestamp": "2026-10-08T18:24:28.292127Z"}
{"event": "Scheduler started", "level": "info", "logger": "apscheduler.scheduler", "timestamp": "2026-10-08T18:24:28.292839Z"}
{"event": "research_web_started", "level": "info", "logger": "app.research_web.main", "timestamp": "2026-10-08T18:24:28.293037Z"}
.{"event": "Scheduler has been shut down", "level": "info", "logger": "apscheduler.scheduler", "timestamp": "2026-10-08T18:24:28.294620Z"}
{"event": "framework_runtime_closed", "level": "info", "logger": "app.research_web.frameworks.service", "timestamp": "2026-10-08T18:24:28.295483Z"}
{"event": "capability_draft_created", "level": "info", "logger": "app.research_web.capabilities.catalog", "timestamp": "2026-10-08T18:24:28.324210Z"}
{"event": "capability_checked", "level": "info", "logger": "app.research_web.capabilities.catalog", "timestamp": "2026-10-08T18:24:28.330025Z"}
{"event": "capability_native_projection_changed", "level": "info", "logger": "app.research_web.capabilities.catalog", "timestamp": "2026-10-08T18:24:28.335444Z"}
{"event": "capability_draft_created", "level": "info", "logger": "app.research_web.capabilities.catalog", "timestamp": "2026-10-08T18:24:28.337325Z"}
{"event": "capability_checked", "level": "info", "logger": "app.research_web.capabilities.catalog", "timestamp": "2026-10-08T18:24:28.343688Z"}
{"event": "capability_native_projection_changed", "level": "info", "logger": "app.research_web.capabilities.catalog", "timestamp": "2026-10-08T18:24:28.350158Z"}
{"event": "capability_draft_created", "level": "info", "logger": "app.research_web.capabilities.catalog", "timestamp": "2026-10-08T18:24:28.351963Z"}
{"event": "capability_checked", "level": "info", "logger": "app.research_web.capabilities.catalog", "timestamp": "2026-10-08T18:24:28.357566Z"}
{"event": "capability_native_projection_changed", "level": "info", "logger": "app.research_web.capabilities.catalog", "timestamp": "2026-10-08T18:24:28.362803Z"}
{"event": "capability_draft_created", "level": "info", "logger": "app.research_web.capabilities.catalog", "timestamp": "2026-10-08T18:24:28.364834Z"}
{"event": "capability_checked", "level": "info", "logger": "app.research_web.capabilities.catalog", "timestamp": "2026-10-08T18:24:28.370256Z"}
{"event": "capability_native_projection_changed", "level": "info", "logger": "app.research_web.capabilities.catalog", "timestamp": "2026-10-08T18:24:28.375558Z"}
{"event": "capability_draft_created", "level": "info", "logger": "app.research_web.capabilities.catalog", "timestamp": "2026-10-08T18:24:28.377759Z"}
{"event": "capability_checked", "level": "info", "logger": "app.research_web.capabilities.catalog", "timestamp": "2026-10-08T18:24:28.384389Z"}
{"event": "capability_native_projection_changed", "level": "info", "logger": "app.research_web.capabilities.catalog", "timestamp": "2026-10-08T18:24:28.389990Z"}
{"event": "capability_draft_created", "level": "info", "logger": "app.research_web.capabilities.catalog", "timestamp": "2026-10-08T18:24:28.392426Z"}
{"event": "capability_checked", "level": "info", "logger": "app.research_web.capabilities.catalog", "timestamp": "2026-10-08T18:24:28.397313Z"}
{"event": "capability_native_projection_changed", "level": "info", "logger": "app.research_web.capabilities.catalog", "timestamp": "2026-10-08T18:24:28.403114Z"}
{"event": "capability_draft_created", "level": "info", "logger": "app.research_web.capabilities.catalog", "timestamp": "2026-10-08T18:24:28.406689Z"}
{"event": "capability_checked", "level": "info", "logger": "app.research_web.capabilities.catalog", "timestamp": "2026-10-08T18:24:28.432546Z"}
{"event": "capability_native_projection_changed", "level": "info", "logger": "app.research_web.capabilities.catalog", "timestamp": "2026-10-08T18:24:28.443001Z"}
{"event": "capability_draft_created", "level": "info", "logger": "app.research_web.capabilities.catalog", "timestamp": "2026-10-08T18:24:28.446992Z"}
{"event": "capability_checked", "level": "info", "logger": "app.research_web.capabilities.catalog", "timestamp": "2026-10-08T18:24:28.452525Z"}
{"event": "capability_native_projection_changed", "level": "info", "logger": "app.research_web.capabilities.catalog", "timestamp": "2026-10-08T18:24:28.459415Z"}
{"event": "capability_draft_created", "level": "info", "logger": "app.research_web.capabilities.catalog", "timestamp": "2026-10-08T18:24:28.463837Z"}
{"event": "capability_checked", "level": "info", "logger": "app.research_web.capabilities.catalog", "timestamp": "2026-10-08T18:24:28.469289Z"}
{"event": "capability_native_projection_changed", "level": "info", "logger": "app.research_web.capabilities.catalog", "timestamp": "2026-10-08T18:24:28.476270Z"}
{"event": "capability_draft_created", "level": "info", "logger": "app.research_web.capabilities.catalog", "timestamp": "2026-10-08T18:24:28.480842Z"}
{"event": "capability_checked", "level": "info", "logger": "app.research_web.capabilities.catalog", "timestamp": "2026-10-08T18:24:28.487175Z"}
{"event": "capability_native_projection_changed", "level": "info", "logger": "app.research_web.capabilities.catalog", "timestamp": "2026-10-08T18:24:28.494308Z"}
{"event": "capability_draft_created", "level": "info", "logger": "app.research_web.capabilities.catalog", "timestamp": "2026-10-08T18:24:28.498806Z"}
{"event": "capability_checked", "level": "info", "logger": "app.research_web.capabilities.catalog", "timestamp": "2026-10-08T18:24:28.504828Z"}
{"event": "capability_native_projection_changed", "level": "info", "logger": "app.research_web.capabilities.catalog", "timestamp": "2026-10-08T18:24:28.512174Z"}
{"event": "capability_draft_created", "level": "info", "logger": "app.research_web.capabilities.catalog", "timestamp": "2026-10-08T18:24:28.517063Z"}
{"event": "capability_checked", "level": "info", "logger": "app.research_web.capabilities.catalog", "timestamp": "2026-10-08T18:24:28.523220Z"}
{"event": "capability_native_projection_changed", "level": "info", "logger": "app.research_web.capabilities.catalog", "timestamp": "2026-10-08T18:24:28.531072Z"}
{"event": "capability_draft_created", "level": "info", "logger": "app.research_web.capabilities.catalog", "timestamp": "2026-10-08T18:24:28.537297Z"}
{"event": "capability_checked", "level": "info", "logger": "app.research_web.capabilities.catalog", "timestamp": "2026-10-08T18:24:28.830528Z"}
{"event": "capability_native_projection_changed", "level": "info", "logger": "app.research_web.capabilities.catalog", "timestamp": "2026-10-08T18:24:28.841395Z"}
{"event": "capability_draft_created", "level": "info", "logger": "app.research_web.capabilities.catalog", "timestamp": "2026-10-08T18:24:28.849455Z"}
{"event": "capability_checked", "level": "info", "logger": "app.research_web.capabilities.catalog", "timestamp": "2026-10-08T18:24:29.139203Z"}
{"event": "capability_native_projection_changed", "level": "info", "logger": "app.research_web.capabilities.catalog", "timestamp": "2026-10-08T18:24:29.161749Z"}
{"event": "capability_draft_created", "level": "info", "logger": "app.research_web.capabilities.catalog", "timestamp": "2026-10-08T18:24:29.172410Z"}
{"event": "capability_checked", "level": "info", "logger": "app.research_web.capabilities.catalog", "timestamp": "2026-10-08T18:24:29.471479Z"}
{"event": "capability_native_projection_changed", "level": "info", "logger": "app.research_web.capabilities.catalog", "timestamp": "2026-10-08T18:24:29.485422Z"}
{"event": "capability_draft_created", "level": "info", "logger": "app.research_web.capabilities.catalog", "timestamp": "2026-10-08T18:24:29.496643Z"}
{"event": "capability_checked", "level": "info", "logger": "app.research_web.capabilities.catalog", "timestamp": "2026-10-08T18:24:29.842755Z"}
{"event": "capability_native_projection_changed", "level": "info", "logger": "app.research_web.capabilities.catalog", "timestamp": "2026-10-08T18:24:29.857519Z"}
{"event": "capability_draft_created", "level": "info", "logger": "app.research_web.capabilities.catalog", "timestamp": "2026-10-08T18:24:29.869492Z"}
{"event": "capability_checked", "level": "info", "logger": "app.research_web.capabilities.catalog", "timestamp": "2026-10-08T18:24:30.152728Z"}
{"event": "capability_native_projection_changed", "level": "info", "logger": "app.research_web.capabilities.catalog", "timestamp": "2026-10-08T18:24:30.168784Z"}
{"event": "capability_draft_created", "level": "info", "logger": "app.research_web.capabilities.catalog", "timestamp": "2026-10-08T18:24:30.182127Z"}
{"event": "capability_checked", "level": "info", "logger": "app.research_web.capabilities.catalog", "timestamp": "2026-10-08T18:24:30.484691Z"}
{"event": "capability_native_projection_changed", "level": "info", "logger": "app.research_web.capabilities.catalog", "timestamp": "2026-10-08T18:24:30.504447Z"}
{"event": "capability_draft_created", "level": "info", "logger": "app.research_web.capabilities.catalog", "timestamp": "2026-10-08T18:24:30.519051Z"}
{"event": "capability_checked", "level": "info", "logger": "app.research_web.capabilities.catalog", "timestamp": "2026-10-08T18:24:30.818283Z"}
{"event": "capability_native_projection_changed", "level": "info", "logger": "app.research_web.capabilities.catalog", "timestamp": "2026-10-08T18:24:30.836834Z"}
{"event": "capability_draft_created", "level": "info", "logger": "app.research_web.capabilities.catalog", "timestamp": "2026-10-08T18:24:30.852606Z"}
{"event": "capability_checked", "level": "info", "logger": "app.research_web.capabilities.catalog", "timestamp": "2026-10-08T18:24:31.199531Z"}
{"event": "capability_native_projection_changed", "level": "info", "logger": "app.research_web.capabilities.catalog", "timestamp": "2026-10-08T18:24:31.219629Z"}
{"event": "capability_draft_created", "level": "info", "logger": "app.research_web.capabilities.catalog", "timestamp": "2026-10-08T18:24:31.236963Z"}
{"event": "capability_checked", "level": "info", "logger": "app.research_web.capabilities.catalog", "timestamp": "2026-10-08T18:24:31.625581Z"}
{"event": "capability_native_projection_changed", "level": "info", "logger": "app.research_web.capabilities.catalog", "timestamp": "2026-10-08T18:24:31.646990Z"}
{"event": "capability_draft_created", "level": "info", "logger": "app.research_web.capabilities.catalog", "timestamp": "2026-10-08T18:24:31.671780Z"}
{"event": "capability_checked", "level": "info", "logger": "app.research_web.capabilities.catalog", "timestamp": "2026-10-08T18:24:32.038272Z"}
{"event": "capability_native_projection_changed", "level": "info", "logger": "app.research_web.capabilities.catalog", "timestamp": "2026-10-08T18:24:32.068392Z"}
{"event": "capability_draft_created", "level": "info", "logger": "app.research_web.capabilities.catalog", "timestamp": "2026-10-08T18:24:32.094816Z"}
{"event": "capability_checked", "level": "info", "logger": "app.research_web.capabilities.catalog", "timestamp": "2026-10-08T18:24:32.654708Z"}
{"event": "capability_native_projection_changed", "level": "info", "logger": "app.research_web.capabilities.catalog", "timestamp": "2026-10-08T18:24:32.688318Z"}
{"event": "capability_draft_created", "level": "info", "logger": "app.research_web.capabilities.catalog", "timestamp": "2026-10-08T18:24:32.726453Z"}
{"event": "capability_checked", "level": "info", "logger": "app.research_web.capabilities.catalog", "timestamp": "2026-10-08T18:24:33.371559Z"}
{"event": "capability_native_projection_changed", "level": "info", "logger": "app.research_web.capabilities.catalog", "timestamp": "2026-10-08T18:24:33.397483Z"}
{"event": "capability_draft_created", "level": "info", "logger": "app.research_web.capabilities.catalog", "timestamp": "2026-10-08T18:24:33.420173Z"}
{"event": "capability_checked", "level": "info", "logger": "app.research_web.capabilities.catalog", "timestamp": "2026-10-08T18:24:33.733108Z"}
{"event": "capability_native_projection_changed", "level": "info", "logger": "app.research_web.capabilities.catalog", "timestamp": "2026-10-08T18:24:33.759467Z"}
{"event": "capability_draft_created", "level": "info", "logger": "app.research_web.capabilities.catalog", "timestamp": "2026-10-08T18:24:33.783422Z"}
{"event": "capability_checked", "level": "info", "logger": "app.research_web.capabilities.catalog", "timestamp": "2026-10-08T18:24:34.089074Z"}
{"event": "capability_native_projection_changed", "level": "info", "logger": "app.research_web.capabilities.catalog", "timestamp": "2026-10-08T18:24:34.117849Z"}
{"event": "capability_draft_created", "level": "info", "logger": "app.research_web.capabilities.catalog", "timestamp": "2026-10-08T18:24:34.144088Z"}
{"event": "capability_checked", "level": "info", "logger": "app.research_web.capabilities.catalog", "timestamp": "2026-10-08T18:24:34.479367Z"}
{"event": "capability_native_projection_changed", "level": "info", "logger": "app.research_web.capabilities.catalog", "timestamp": "2026-10-08T18:24:34.509507Z"}
{"event": "capability_draft_created", "level": "info", "logger": "app.research_web.capabilities.catalog", "timestamp": "2026-10-08T18:24:34.539182Z"}
{"event": "capability_checked", "level": "info", "logger": "app.research_web.capabilities.catalog", "timestamp": "2026-10-08T18:24:34.831978Z"}
{"event": "capability_native_projection_changed", "level": "info", "logger": "app.research_web.capabilities.catalog", "timestamp": "2026-10-08T18:24:34.863840Z"}
{"event": "capability_draft_created", "level": "info", "logger": "app.research_web.capabilities.catalog", "timestamp": "2026-10-08T18:24:34.892623Z"}
{"event": "capability_checked", "level": "info", "logger": "app.research_web.capabilities.catalog", "timestamp": "2026-10-08T18:24:35.177780Z"}
{"event": "capability_native_projection_changed", "level": "info", "logger": "app.research_web.capabilities.catalog", "timestamp": "2026-10-08T18:24:35.211354Z"}
{"event": "capability_draft_created", "level": "info", "logger": "app.research_web.capabilities.catalog", "timestamp": "2026-10-08T18:24:35.245580Z"}
{"event": "capability_checked", "level": "info", "logger": "app.research_web.capabilities.catalog", "timestamp": "2026-10-08T18:24:35.553407Z"}
{"event": "capability_native_projection_changed", "level": "info", "logger": "app.research_web.capabilities.catalog", "timestamp": "2026-10-08T18:24:35.587213Z"}
{"event": "capability_draft_created", "level": "info", "logger": "app.research_web.capabilities.catalog", "timestamp": "2026-10-08T18:24:35.618060Z"}
{"event": "capability_checked", "level": "info", "logger": "app.research_web.capabilities.catalog", "timestamp": "2026-10-08T18:24:35.636026Z"}
{"event": "capability_native_projection_changed", "level": "info", "logger": "app.research_web.capabilities.catalog", "timestamp": "2026-10-08T18:24:35.668073Z"}
{"event": "capability_draft_created", "level": "info", "logger": "app.research_web.capabilities.catalog", "timestamp": "2026-10-08T18:24:35.698681Z"}
{"event": "capability_checked", "level": "info", "logger": "app.research_web.capabilities.catalog", "timestamp": "2026-10-08T18:24:35.717423Z"}
{"event": "capability_native_projection_changed", "level": "info", "logger": "app.research_web.capabilities.catalog", "timestamp": "2026-10-08T18:24:35.749363Z"}
{"event": "capability_draft_created", "level": "info", "logger": "app.research_web.capabilities.catalog", "timestamp": "2026-10-08T18:24:35.779835Z"}
{"event": "capability_checked", "level": "info", "logger": "app.research_web.capabilities.catalog", "timestamp": "2026-10-08T18:24:35.798225Z"}
{"event": "capability_native_projection_changed", "level": "info", "logger": "app.research_web.capabilities.catalog", "timestamp": "2026-10-08T18:24:35.830904Z"}
{"event": "capability_draft_created", "level": "info", "logger": "app.research_web.capabilities.catalog", "timestamp": "2026-10-08T18:24:35.869901Z"}
{"event": "capability_checked", "level": "info", "logger": "app.research_web.capabilities.catalog", "timestamp": "2026-10-08T18:24:35.889842Z"}
{"event": "capability_native_projection_changed", "level": "info", "logger": "app.research_web.capabilities.catalog", "timestamp": "2026-10-08T18:24:35.927175Z"}
{"event": "capability_draft_created", "level": "info", "logger": "app.research_web.capabilities.catalog", "timestamp": "2026-10-08T18:24:35.977208Z"}
{"event": "capability_checked", "level": "info", "logger": "app.research_web.capabilities.catalog", "timestamp": "2026-10-08T18:24:36.017679Z"}
{"event": "capability_native_projection_changed", "level": "info", "logger": "app.research_web.capabilities.catalog", "timestamp": "2026-10-08T18:24:36.078565Z"}
{"event": "capability_draft_created", "level": "info", "logger": "app.research_web.capabilities.catalog", "timestamp": "2026-10-08T18:24:36.122550Z"}
{"event": "capability_checked", "level": "info", "logger": "app.research_web.capabilities.catalog", "timestamp": "2026-10-08T18:24:36.146609Z"}
{"event": "capability_native_projection_changed", "level": "info", "logger": "app.research_web.capabilities.catalog", "timestamp": "2026-10-08T18:24:36.218191Z"}
{"event": "capability_draft_created", "level": "info", "logger": "app.research_web.capabilities.catalog", "timestamp": "2026-10-08T18:24:36.255415Z"}
{"event": "capability_checked", "level": "info", "logger": "app.research_web.capabilities.catalog", "timestamp": "2026-10-08T18:24:36.280507Z"}
{"event": "capability_native_projection_changed", "level": "info", "logger": "app.research_web.capabilities.catalog", "timestamp": "2026-10-08T18:24:36.320573Z"}
{"event": "capability_draft_created", "level": "info", "logger": "app.research_web.capabilities.catalog", "timestamp": "2026-10-08T18:24:36.369667Z"}
{"event": "capability_checked", "level": "info", "logger": "app.research_web.capabilities.catalog", "timestamp": "2026-10-08T18:24:36.404139Z"}
{"event": "capability_native_projection_changed", "level": "info", "logger": "app.research_web.capabilities.catalog", "timestamp": "2026-10-08T18:24:36.490466Z"}
{"event": "capability_draft_created", "level": "info", "logger": "app.research_web.capabilities.catalog", "timestamp": "2026-10-08T18:24:36.540294Z"}
{"event": "capability_checked", "level": "info", "logger": "app.research_web.capabilities.catalog", "timestamp": "2026-10-08T18:24:36.565532Z"}
{"event": "capability_native_projection_changed", "level": "info", "logger": "app.research_web.capabilities.catalog", "timestamp": "2026-10-08T18:24:36.627057Z"}
{"event": "capability_draft_created", "level": "info", "logger": "app.research_web.capabilities.catalog", "timestamp": "2026-10-08T18:24:36.666759Z"}
{"event": "capability_checked", "level": "info", "logger": "app.research_web.capabilities.catalog", "timestamp": "2026-10-08T18:24:36.715989Z"}
{"event": "capability_native_projection_changed", "level": "info", "logger": "app.research_web.capabilities.catalog", "timestamp": "2026-10-08T18:24:36.767038Z"}
{"event": "capability_draft_created", "level": "info", "logger": "app.research_web.capabilities.catalog", "timestamp": "2026-10-08T18:24:36.851919Z"}
{"event": "capability_checked", "level": "info", "logger": "app.research_web.capabilities.catalog", "timestamp": "2026-10-08T18:24:36.888236Z"}
{"event": "capability_native_projection_changed", "level": "info", "logger": "app.research_web.capabilities.catalog", "timestamp": "2026-10-08T18:24:36.928529Z"}
{"event": "capability_draft_created", "level": "info", "logger": "app.research_web.capabilities.catalog", "timestamp": "2026-10-08T18:24:36.967232Z"}
{"event": "capability_checked", "level": "info", "logger": "app.research_web.capabilities.catalog", "timestamp": "2026-10-08T18:24:36.991596Z"}
{"event": "capability_native_projection_changed", "level": "info", "logger": "app.research_web.capabilities.catalog", "timestamp": "2026-10-08T18:24:37.046803Z"}
{"event": "capability_draft_created", "level": "info", "logger": "app.research_web.capabilities.catalog", "timestamp": "2026-10-08T18:24:37.101011Z"}
{"event": "capability_checked", "level": "info", "logger": "app.research_web.capabilities.catalog", "timestamp": "2026-10-08T18:24:37.132294Z"}
{"event": "capability_native_projection_changed", "level": "info", "logger": "app.research_web.capabilities.catalog", "timestamp": "2026-10-08T18:24:37.180540Z"}
{"event": "capability_draft_created", "level": "info", "logger": "app.research_web.capabilities.catalog", "timestamp": "2026-10-08T18:24:37.225655Z"}
{"event": "capability_checked", "level": "info", "logger": "app.research_web.capabilities.catalog", "timestamp": "2026-10-08T18:24:37.253069Z"}
{"event": "capability_native_projection_changed", "level": "info", "logger": "app.research_web.capabilities.catalog", "timestamp": "2026-10-08T18:24:37.299261Z"}
{"event": "framework_runtime_started", "level": "info", "logger": "app.research_web.frameworks.service", "timestamp": "2026-10-08T18:24:37.923237Z"}
{"event": "mcp_registry_service_started", "level": "info", "logger": "app.research_web.mcp_registry.service", "timestamp": "2026-10-08T18:24:37.923391Z"}
{"event": "mcp_runtime_service_started", "level": "info", "logger": "app.research_web.mcp_runtime.service", "timestamp": "2026-10-08T18:24:37.923496Z"}
{"event": "Scheduler started", "level": "info", "logger": "apscheduler.scheduler", "timestamp": "2026-10-08T18:24:37.929324Z"}
{"event": "research_web_started", "level": "info", "logger": "app.research_web.main", "timestamp": "2026-10-08T18:24:38.012691Z"}
{"event": "report_workflow_migration_checked", "level": "info", "logger": "app.research_web.report_workflows.migration", "timestamp": "2026-10-08T18:24:38.164820Z"}
{"event": "HTTP Request: POST http://testserver/api/research/report-workflows/migrations?dry_run=true&source=%2Fprivate%2Fvar%2Ffolders%2Frz%2Ff7lsl4nn2bl0lpsfqyylp1jh0000gn%2FT%2Fpytest-of-leon%2Fpytest-1202%2Ftest_migration_api_uses_config0%2Fprivate \"HTTP/1.1 200 OK\"", "level": "info", "logger": "httpx2", "timestamp": "2026-10-08T18:24:38.169743Z"}
.{"event": "Scheduler has been shut down", "level": "info", "logger": "apscheduler.scheduler", "timestamp": "2026-10-08T18:24:38.171250Z"}
{"event": "framework_runtime_closed", "level": "info", "logger": "app.research_web.frameworks.service", "timestamp": "2026-10-08T18:24:38.174846Z"}
{"event": "capability_draft_created", "level": "info", "logger": "app.research_web.capabilities.catalog", "timestamp": "2026-10-08T18:24:38.237984Z"}
{"event": "capability_checked", "level": "info", "logger": "app.research_web.capabilities.catalog", "timestamp": "2026-10-08T18:24:38.243913Z"}
{"event": "capability_native_projection_changed", "level": "info", "logger": "app.research_web.capabilities.catalog", "timestamp": "2026-10-08T18:24:38.249317Z"}
{"event": "capability_draft_created", "level": "info", "logger": "app.research_web.capabilities.catalog", "timestamp": "2026-10-08T18:24:38.258288Z"}
{"event": "capability_checked", "level": "info", "logger": "app.research_web.capabilities.catalog", "timestamp": "2026-10-08T18:24:38.271840Z"}
{"event": "capability_native_projection_changed", "level": "info", "logger": "app.research_web.capabilities.catalog", "timestamp": "2026-10-08T18:24:38.277378Z"}
{"event": "capability_draft_created", "level": "info", "logger": "app.research_web.capabilities.catalog", "timestamp": "2026-10-08T18:24:38.288911Z"}
{"event": "capability_checked", "level": "info", "logger": "app.research_web.capabilities.catalog", "timestamp": "2026-10-08T18:24:38.300745Z"}
{"event": "capability_native_projection_changed", "level": "info", "logger": "app.research_web.capabilities.catalog", "timestamp": "2026-10-08T18:24:38.307193Z"}
{"event": "capability_draft_created", "level": "info", "logger": "app.research_web.capabilities.catalog", "timestamp": "2026-10-08T18:24:38.309574Z"}
{"event": "capability_checked", "level": "info", "logger": "app.research_web.capabilities.catalog", "timestamp": "2026-10-08T18:24:38.316116Z"}
{"event": "capability_native_projection_changed", "level": "info", "logger": "app.research_web.capabilities.catalog", "timestamp": "2026-10-08T18:24:38.321367Z"}
{"event": "capability_draft_created", "level": "info", "logger": "app.research_web.capabilities.catalog", "timestamp": "2026-10-08T18:24:38.323600Z"}
{"event": "capability_checked", "level": "info", "logger": "app.research_web.capabilities.catalog", "timestamp": "2026-10-08T18:24:38.332950Z"}
{"event": "capability_native_projection_changed", "level": "info", "logger": "app.research_web.capabilities.catalog", "timestamp": "2026-10-08T18:24:38.338559Z"}
{"event": "capability_draft_created", "level": "info", "logger": "app.research_web.capabilities.catalog", "timestamp": "2026-10-08T18:24:38.341896Z"}
{"event": "capability_checked", "level": "info", "logger": "app.research_web.capabilities.catalog", "timestamp": "2026-10-08T18:24:38.347404Z"}
{"event": "capability_native_projection_changed", "level": "info", "logger": "app.research_web.capabilities.catalog", "timestamp": "2026-10-08T18:24:38.352913Z"}
{"event": "capability_draft_created", "level": "info", "logger": "app.research_web.capabilities.catalog", "timestamp": "2026-10-08T18:24:38.356529Z"}
{"event": "capability_checked", "level": "info", "logger": "app.research_web.capabilities.catalog", "timestamp": "2026-10-08T18:24:38.605480Z"}
{"event": "capability_native_projection_changed", "level": "info", "logger": "app.research_web.capabilities.catalog", "timestamp": "2026-10-08T18:24:38.639808Z"}
{"event": "capability_draft_created", "level": "info", "logger": "app.research_web.capabilities.catalog", "timestamp": "2026-10-08T18:24:38.645623Z"}
{"event": "capability_checked", "level": "info", "logger": "app.research_web.capabilities.catalog", "timestamp": "2026-10-08T18:24:38.652548Z"}
{"event": "capability_native_projection_changed", "level": "info", "logger": "app.research_web.capabilities.catalog", "timestamp": "2026-10-08T18:24:38.689377Z"}
{"event": "capability_draft_created", "level": "info", "logger": "app.research_web.capabilities.catalog", "timestamp": "2026-10-08T18:24:38.699212Z"}
{"event": "capability_checked", "level": "info", "logger": "app.research_web.capabilities.catalog", "timestamp": "2026-10-08T18:24:38.706564Z"}
{"event": "capability_native_projection_changed", "level": "info", "logger": "app.research_web.capabilities.catalog", "timestamp": "2026-10-08T18:24:38.729024Z"}
{"event": "capability_draft_created", "level": "info", "logger": "app.research_web.capabilities.catalog", "timestamp": "2026-10-08T18:24:38.736639Z"}
{"event": "capability_checked", "level": "info", "logger": "app.research_web.capabilities.catalog", "timestamp": "2026-10-08T18:24:38.743705Z"}
{"event": "capability_native_projection_changed", "level": "info", "logger": "app.research_web.capabilities.catalog", "timestamp": "2026-10-08T18:24:38.752614Z"}
{"event": "capability_draft_created", "level": "info", "logger": "app.research_web.capabilities.catalog", "timestamp": "2026-10-08T18:24:38.758299Z"}
{"event": "capability_checked", "level": "info", "logger": "app.research_web.capabilities.catalog", "timestamp": "2026-10-08T18:24:38.764036Z"}
{"event": "capability_native_projection_changed", "level": "info", "logger": "app.research_web.capabilities.catalog", "timestamp": "2026-10-08T18:24:38.771134Z"}
{"event": "capability_draft_created", "level": "info", "logger": "app.research_web.capabilities.catalog", "timestamp": "2026-10-08T18:24:38.776120Z"}
{"event": "capability_checked", "level": "info", "logger": "app.research_web.capabilities.catalog", "timestamp": "2026-10-08T18:24:38.782166Z"}
{"event": "capability_native_projection_changed", "level": "info", "logger": "app.research_web.capabilities.catalog", "timestamp": "2026-10-08T18:24:38.789661Z"}
{"event": "capability_draft_created", "level": "info", "logger": "app.research_web.capabilities.catalog", "timestamp": "2026-10-08T18:24:38.795608Z"}
{"event": "capability_checked", "level": "info", "logger": "app.research_web.capabilities.catalog", "timestamp": "2026-10-08T18:24:39.095213Z"}
{"event": "capability_native_projection_changed", "level": "info", "logger": "app.research_web.capabilities.catalog", "timestamp": "2026-10-08T18:24:39.106046Z"}
{"event": "capability_draft_created", "level": "info", "logger": "app.research_web.capabilities.catalog", "timestamp": "2026-10-08T18:24:39.114055Z"}
{"event": "capability_checked", "level": "info", "logger": "app.research_web.capabilities.catalog", "timestamp": "2026-10-08T18:24:39.402177Z"}
{"event": "capability_native_projection_changed", "level": "info", "logger": "app.research_web.capabilities.catalog", "timestamp": "2026-10-08T18:24:39.426035Z"}
{"event": "capability_draft_created", "level": "info", "logger": "app.research_web.capabilities.catalog", "timestamp": "2026-10-08T18:24:39.434808Z"}
{"event": "capability_checked", "level": "info", "logger": "app.research_web.capabilities.catalog", "timestamp": "2026-10-08T18:24:39.746517Z"}
{"event": "capability_native_projection_changed", "level": "info", "logger": "app.research_web.capabilities.catalog", "timestamp": "2026-10-08T18:24:39.760135Z"}
{"event": "capability_draft_created", "level": "info", "logger": "app.research_web.capabilities.catalog", "timestamp": "2026-10-08T18:24:39.770166Z"}
{"event": "capability_checked", "level": "info", "logger": "app.research_web.capabilities.catalog", "timestamp": "2026-10-08T18:24:40.102603Z"}
{"event": "capability_native_projection_changed", "level": "info", "logger": "app.research_web.capabilities.catalog", "timestamp": "2026-10-08T18:24:40.120041Z"}
{"event": "capability_draft_created", "level": "info", "logger": "app.research_web.capabilities.catalog", "timestamp": "2026-10-08T18:24:40.131943Z"}
{"event": "capability_checked", "level": "info", "logger": "app.research_web.capabilities.catalog", "timestamp": "2026-10-08T18:24:40.437275Z"}
{"event": "capability_native_projection_changed", "level": "info", "logger": "app.research_web.capabilities.catalog", "timestamp": "2026-10-08T18:24:40.453173Z"}
{"event": "capability_draft_created", "level": "info", "logger": "app.research_web.capabilities.catalog", "timestamp": "2026-10-08T18:24:40.466000Z"}
{"event": "capability_checked", "level": "info", "logger": "app.research_web.capabilities.catalog", "timestamp": "2026-10-08T18:24:40.736498Z"}
{"event": "capability_native_projection_changed", "level": "info", "logger": "app.research_web.capabilities.catalog", "timestamp": "2026-10-08T18:24:40.753755Z"}
{"event": "capability_draft_created", "level": "info", "logger": "app.research_web.capabilities.catalog", "timestamp": "2026-10-08T18:24:40.769141Z"}
{"event": "capability_checked", "level": "info", "logger": "app.research_web.capabilities.catalog", "timestamp": "2026-10-08T18:24:41.071210Z"}
{"event": "capability_native_projection_changed", "level": "info", "logger": "app.research_web.capabilities.catalog", "timestamp": "2026-10-08T18:24:41.090129Z"}
{"event": "capability_draft_created", "level": "info", "logger": "app.research_web.capabilities.catalog", "timestamp": "2026-10-08T18:24:41.106929Z"}
{"event": "capability_checked", "level": "info", "logger": "app.research_web.capabilities.catalog", "timestamp": "2026-10-08T18:24:41.451377Z"}
{"event": "capability_native_projection_changed", "level": "info", "logger": "app.research_web.capabilities.catalog", "timestamp": "2026-10-08T18:24:41.471201Z"}
{"event": "capability_draft_created", "level": "info", "logger": "app.research_web.capabilities.catalog", "timestamp": "2026-10-08T18:24:41.488912Z"}
{"event": "capability_checked", "level": "info", "logger": "app.research_web.capabilities.catalog", "timestamp": "2026-10-08T18:24:41.785032Z"}
{"event": "capability_native_projection_changed", "level": "info", "logger": "app.research_web.capabilities.catalog", "timestamp": "2026-10-08T18:24:41.806291Z"}
{"event": "capability_draft_created", "level": "info", "logger": "app.research_web.capabilities.catalog", "timestamp": "2026-10-08T18:24:41.824885Z"}
{"event": "capability_checked", "level": "info", "logger": "app.research_web.capabilities.catalog", "timestamp": "2026-10-08T18:24:42.104928Z"}
{"event": "capability_native_projection_changed", "level": "info", "logger": "app.research_web.capabilities.catalog", "timestamp": "2026-10-08T18:24:42.127985Z"}
{"event": "capability_draft_created", "level": "info", "logger": "app.research_web.capabilities.catalog", "timestamp": "2026-10-08T18:24:42.147412Z"}
{"event": "capability_checked", "level": "info", "logger": "app.research_web.capabilities.catalog", "timestamp": "2026-10-08T18:24:42.463432Z"}
{"event": "capability_native_projection_changed", "level": "info", "logger": "app.research_web.capabilities.catalog", "timestamp": "2026-10-08T18:24:42.489793Z"}
{"event": "capability_draft_created", "level": "info", "logger": "app.research_web.capabilities.catalog", "timestamp": "2026-10-08T18:24:42.519954Z"}
{"event": "capability_checked", "level": "info", "logger": "app.research_web.capabilities.catalog", "timestamp": "2026-10-08T18:24:42.807959Z"}
{"event": "capability_native_projection_changed", "level": "info", "logger": "app.research_web.capabilities.catalog", "timestamp": "2026-10-08T18:24:42.835395Z"}
{"event": "capability_draft_created", "level": "info", "logger": "app.research_web.capabilities.catalog", "timestamp": "2026-10-08T18:24:42.857905Z"}
{"event": "capability_checked", "level": "info", "logger": "app.research_web.capabilities.catalog", "timestamp": "2026-10-08T18:24:43.139093Z"}
{"event": "capability_native_projection_changed", "level": "info", "logger": "app.research_web.capabilities.catalog", "timestamp": "2026-10-08T18:24:43.165307Z"}
{"event": "capability_draft_created", "level": "info", "logger": "app.research_web.capabilities.catalog", "timestamp": "2026-10-08T18:24:43.189245Z"}
{"event": "capability_checked", "level": "info", "logger": "app.research_web.capabilities.catalog", "timestamp": "2026-10-08T18:24:43.485700Z"}
{"event": "capability_native_projection_changed", "level": "info", "logger": "app.research_web.capabilities.catalog", "timestamp": "2026-10-08T18:24:43.515117Z"}
{"event": "capability_draft_created", "level": "info", "logger": "app.research_web.capabilities.catalog", "timestamp": "2026-10-08T18:24:43.540721Z"}
{"event": "capability_checked", "level": "info", "logger": "app.research_web.capabilities.catalog", "timestamp": "2026-10-08T18:24:43.878407Z"}
{"event": "capability_native_projection_changed", "level": "info", "logger": "app.research_web.capabilities.catalog", "timestamp": "2026-10-08T18:24:43.908300Z"}
{"event": "capability_draft_created", "level": "info", "logger": "app.research_web.capabilities.catalog", "timestamp": "2026-10-08T18:24:43.935502Z"}
{"event": "capability_checked", "level": "info", "logger": "app.research_web.capabilities.catalog", "timestamp": "2026-10-08T18:24:44.216824Z"}
{"event": "capability_native_projection_changed", "level": "info", "logger": "app.research_web.capabilities.catalog", "timestamp": "2026-10-08T18:24:44.248535Z"}
{"event": "capability_draft_created", "level": "info", "logger": "app.research_web.capabilities.catalog", "timestamp": "2026-10-08T18:24:44.276812Z"}
{"event": "capability_checked", "level": "info", "logger": "app.research_web.capabilities.catalog", "timestamp": "2026-10-08T18:24:44.560316Z"}
{"event": "capability_native_projection_changed", "level": "info", "logger": "app.research_web.capabilities.catalog", "timestamp": "2026-10-08T18:24:44.592657Z"}
{"event": "capability_draft_created", "level": "info", "logger": "app.research_web.capabilities.catalog", "timestamp": "2026-10-08T18:24:44.622686Z"}
{"event": "capability_checked", "level": "info", "logger": "app.research_web.capabilities.catalog", "timestamp": "2026-10-08T18:24:44.940182Z"}
{"event": "capability_native_projection_changed", "level": "info", "logger": "app.research_web.capabilities.catalog", "timestamp": "2026-10-08T18:24:44.975107Z"}
{"event": "capability_draft_created", "level": "info", "logger": "app.research_web.capabilities.catalog", "timestamp": "2026-10-08T18:24:45.005566Z"}
{"event": "capability_checked", "level": "info", "logger": "app.research_web.capabilities.catalog", "timestamp": "2026-10-08T18:24:45.023421Z"}
{"event": "capability_native_projection_changed", "level": "info", "logger": "app.research_web.capabilities.catalog", "timestamp": "2026-10-08T18:24:45.054696Z"}
{"event": "capability_draft_created", "level": "info", "logger": "app.research_web.capabilities.catalog", "timestamp": "2026-10-08T18:24:45.084849Z"}
{"event": "capability_checked", "level": "info", "logger": "app.research_web.capabilities.catalog", "timestamp": "2026-10-08T18:24:45.102987Z"}
{"event": "capability_native_projection_changed", "level": "info", "logger": "app.research_web.capabilities.catalog", "timestamp": "2026-10-08T18:24:45.135019Z"}
{"event": "capability_draft_created", "level": "info", "logger": "app.research_web.capabilities.catalog", "timestamp": "2026-10-08T18:24:45.165852Z"}
{"event": "capability_checked", "level": "info", "logger": "app.research_web.capabilities.catalog", "timestamp": "2026-10-08T18:24:45.184137Z"}
{"event": "capability_native_projection_changed", "level": "info", "logger": "app.research_web.capabilities.catalog", "timestamp": "2026-10-08T18:24:45.216975Z"}
{"event": "capability_draft_created", "level": "info", "logger": "app.research_web.capabilities.catalog", "timestamp": "2026-10-08T18:24:45.247693Z"}
{"event": "capability_checked", "level": "info", "logger": "app.research_web.capabilities.catalog", "timestamp": "2026-10-08T18:24:45.266157Z"}
{"event": "capability_native_projection_changed", "level": "info", "logger": "app.research_web.capabilities.catalog", "timestamp": "2026-10-08T18:24:45.302253Z"}
{"event": "capability_draft_created", "level": "info", "logger": "app.research_web.capabilities.catalog", "timestamp": "2026-10-08T18:24:45.333957Z"}
{"event": "capability_checked", "level": "info", "logger": "app.research_web.capabilities.catalog", "timestamp": "2026-10-08T18:24:45.352818Z"}
{"event": "capability_native_projection_changed", "level": "info", "logger": "app.research_web.capabilities.catalog", "timestamp": "2026-10-08T18:24:45.385959Z"}
{"event": "capability_draft_created", "level": "info", "logger": "app.research_web.capabilities.catalog", "timestamp": "2026-10-08T18:24:45.417151Z"}
{"event": "capability_checked", "level": "info", "logger": "app.research_web.capabilities.catalog", "timestamp": "2026-10-08T18:24:45.435981Z"}
{"event": "capability_native_projection_changed", "level": "info", "logger": "app.research_web.capabilities.catalog", "timestamp": "2026-10-08T18:24:45.468538Z"}
{"event": "capability_draft_created", "level": "info", "logger": "app.research_web.capabilities.catalog", "timestamp": "2026-10-08T18:24:45.500250Z"}
{"event": "capability_checked", "level": "info", "logger": "app.research_web.capabilities.catalog", "timestamp": "2026-10-08T18:24:45.518919Z"}
{"event": "capability_native_projection_changed", "level": "info", "logger": "app.research_web.capabilities.catalog", "timestamp": "2026-10-08T18:24:45.555299Z"}
{"event": "capability_draft_created", "level": "info", "logger": "app.research_web.capabilities.catalog", "timestamp": "2026-10-08T18:24:45.615023Z"}
{"event": "capability_checked", "level": "info", "logger": "app.research_web.capabilities.catalog", "timestamp": "2026-10-08T18:24:45.642449Z"}
{"event": "capability_native_projection_changed", "level": "info", "logger": "app.research_web.capabilities.catalog", "timestamp": "2026-10-08T18:24:45.677279Z"}
{"event": "capability_draft_created", "level": "info", "logger": "app.research_web.capabilities.catalog", "timestamp": "2026-10-08T18:24:45.711105Z"}
{"event": "capability_checked", "level": "info", "logger": "app.research_web.capabilities.catalog", "timestamp": "2026-10-08T18:24:45.730183Z"}
{"event": "capability_native_projection_changed", "level": "info", "logger": "app.research_web.capabilities.catalog", "timestamp": "2026-10-08T18:24:45.765805Z"}
{"event": "capability_draft_created", "level": "info", "logger": "app.research_web.capabilities.catalog", "timestamp": "2026-10-08T18:24:45.799339Z"}
{"event": "capability_checked", "level": "info", "logger": "app.research_web.capabilities.catalog", "timestamp": "2026-10-08T18:24:45.818654Z"}
{"event": "capability_native_projection_changed", "level": "info", "logger": "app.research_web.capabilities.catalog", "timestamp": "2026-10-08T18:24:45.854335Z"}
{"event": "capability_draft_created", "level": "info", "logger": "app.research_web.capabilities.catalog", "timestamp": "2026-10-08T18:24:45.887520Z"}
{"event": "capability_checked", "level": "info", "logger": "app.research_web.capabilities.catalog", "timestamp": "2026-10-08T18:24:45.907352Z"}
{"event": "capability_native_projection_changed", "level": "info", "logger": "app.research_web.capabilities.catalog", "timestamp": "2026-10-08T18:24:45.943637Z"}
{"event": "capability_draft_created", "level": "info", "logger": "app.research_web.capabilities.catalog", "timestamp": "2026-10-08T18:24:45.985271Z"}
{"event": "capability_checked", "level": "info", "logger": "app.research_web.capabilities.catalog", "timestamp": "2026-10-08T18:24:46.005392Z"}
{"event": "capability_native_projection_changed", "level": "info", "logger": "app.research_web.capabilities.catalog", "timestamp": "2026-10-08T18:24:46.040792Z"}
{"event": "capability_draft_created", "level": "info", "logger": "app.research_web.capabilities.catalog", "timestamp": "2026-10-08T18:24:46.074246Z"}
{"event": "capability_checked", "level": "info", "logger": "app.research_web.capabilities.catalog", "timestamp": "2026-10-08T18:24:46.094500Z"}
{"event": "capability_native_projection_changed", "level": "info", "logger": "app.research_web.capabilities.catalog", "timestamp": "2026-10-08T18:24:46.130123Z"}
{"event": "capability_draft_created", "level": "info", "logger": "app.research_web.capabilities.catalog", "timestamp": "2026-10-08T18:24:46.163999Z"}
{"event": "capability_checked", "level": "info", "logger": "app.research_web.capabilities.catalog", "timestamp": "2026-10-08T18:24:46.183811Z"}
{"event": "capability_native_projection_changed", "level": "info", "logger": "app.research_web.capabilities.catalog", "timestamp": "2026-10-08T18:24:46.218192Z"}
{"event": "framework_runtime_started", "level": "info", "logger": "app.research_web.frameworks.service", "timestamp": "2026-10-08T18:24:46.396225Z"}
{"event": "mcp_registry_service_started", "level": "info", "logger": "app.research_web.mcp_registry.service", "timestamp": "2026-10-08T18:24:46.396353Z"}
{"event": "mcp_runtime_service_started", "level": "info", "logger": "app.research_web.mcp_runtime.service", "timestamp": "2026-10-08T18:24:46.396434Z"}
{"event": "Scheduler started", "level": "info", "logger": "apscheduler.scheduler", "timestamp": "2026-10-08T18:24:46.397187Z"}
{"event": "research_web_started", "level": "info", "logger": "app.research_web.main", "timestamp": "2026-10-08T18:24:46.397415Z"}
{"event": "report_workflow_migration_checked", "level": "info", "logger": "app.research_web.report_workflows.migration", "timestamp": "2026-10-08T18:24:46.445746Z"}
{"event": "HTTP Request: POST http://testserver/api/research/report-workflows/migrations?dry_run=true \"HTTP/1.1 200 OK\"", "level": "info", "logger": "httpx2", "timestamp": "2026-10-08T18:24:46.447049Z"}
{"event": "HTTP Request: GET http://testserver/api/research/report-workflows \"HTTP/1.1 200 OK\"", "level": "info", "logger": "httpx2", "timestamp": "2026-10-08T18:24:46.448461Z"}
{"event": "report_workflow_draft_created", "level": "info", "logger": "app.research_web.report_workflows.catalog", "timestamp": "2026-10-08T18:24:46.459180Z"}
{"event": "report_workflow_resource_uploaded", "level": "info", "logger": "app.research_web.report_workflows.catalog", "timestamp": "2026-10-08T18:24:46.460332Z"}
{"event": "report_workflow_resource_uploaded", "level": "info", "logger": "app.research_web.report_workflows.catalog", "timestamp": "2026-10-08T18:24:46.461396Z"}
{"event": "report_workflow_resource_uploaded", "level": "info", "logger": "app.research_web.report_workflows.catalog", "timestamp": "2026-10-08T18:24:46.462489Z"}
{"event": "report_workflow_version_created", "level": "info", "logger": "app.research_web.report_workflows.catalog", "timestamp": "2026-10-08T18:24:46.470018Z"}
{"event": "report_workflow_version_published", "level": "info", "logger": "app.research_web.report_workflows.catalog", "timestamp": "2026-10-08T18:24:46.502244Z"}
{"event": "report_workflow_migration_checked", "level": "info", "logger": "app.research_web.report_workflows.migration", "timestamp": "2026-10-08T18:24:46.503380Z"}
{"event": "HTTP Request: POST http://testserver/api/research/report-workflows/migrations?dry_run=false \"HTTP/1.1 200 OK\"", "level": "info", "logger": "httpx2", "timestamp": "2026-10-08T18:24:46.504527Z"}
{"event": "HTTP Request: GET http://testserver/api/research/report-workflows/chinext-50-weekly \"HTTP/1.1 200 OK\"", "level": "info", "logger": "httpx2", "timestamp": "2026-10-08T18:24:46.511896Z"}
.{"event": "Scheduler has been shut down", "level": "info", "logger": "apscheduler.scheduler", "timestamp": "2026-10-08T18:24:46.512886Z"}
{"event": "framework_runtime_closed", "level": "info", "logger": "app.research_web.frameworks.service", "timestamp": "2026-10-08T18:24:46.513863Z"}
{"event": "capability_draft_created", "level": "info", "logger": "app.research_web.capabilities.catalog", "timestamp": "2026-10-08T18:24:46.542904Z"}
{"event": "capability_checked", "level": "info", "logger": "app.research_web.capabilities.catalog", "timestamp": "2026-10-08T18:24:46.548843Z"}
{"event": "capability_native_projection_changed", "level": "info", "logger": "app.research_web.capabilities.catalog", "timestamp": "2026-10-08T18:24:46.553998Z"}
{"event": "capability_draft_created", "level": "info", "logger": "app.research_web.capabilities.catalog", "timestamp": "2026-10-08T18:24:46.555668Z"}
{"event": "capability_checked", "level": "info", "logger": "app.research_web.capabilities.catalog", "timestamp": "2026-10-08T18:24:46.560910Z"}
{"event": "capability_native_projection_changed", "level": "info", "logger": "app.research_web.capabilities.catalog", "timestamp": "2026-10-08T18:24:46.566156Z"}
{"event": "capability_draft_created", "level": "info", "logger": "app.research_web.capabilities.catalog", "timestamp": "2026-10-08T18:24:46.567845Z"}
{"event": "capability_checked", "level": "info", "logger": "app.research_web.capabilities.catalog", "timestamp": "2026-10-08T18:24:46.572806Z"}
{"event": "capability_native_projection_changed", "level": "info", "logger": "app.research_web.capabilities.catalog", "timestamp": "2026-10-08T18:24:46.578393Z"}
{"event": "capability_draft_created", "level": "info", "logger": "app.research_web.capabilities.catalog", "timestamp": "2026-10-08T18:24:46.580228Z"}
{"event": "capability_checked", "level": "info", "logger": "app.research_web.capabilities.catalog", "timestamp": "2026-10-08T18:24:46.585221Z"}
{"event": "capability_native_projection_changed", "level": "info", "logger": "app.research_web.capabilities.catalog", "timestamp": "2026-10-08T18:24:46.590409Z"}
{"event": "capability_draft_created", "level": "info", "logger": "app.research_web.capabilities.catalog", "timestamp": "2026-10-08T18:24:46.592736Z"}
{"event": "capability_checked", "level": "info", "logger": "app.research_web.capabilities.catalog", "timestamp": "2026-10-08T18:24:46.599585Z"}
{"event": "capability_native_projection_changed", "level": "info", "logger": "app.research_web.capabilities.catalog", "timestamp": "2026-10-08T18:24:46.604896Z"}
{"event": "capability_draft_created", "level": "info", "logger": "app.research_web.capabilities.catalog", "timestamp": "2026-10-08T18:24:46.607397Z"}
{"event": "capability_checked", "level": "info", "logger": "app.research_web.capabilities.catalog", "timestamp": "2026-10-08T18:24:46.611939Z"}
{"event": "capability_native_projection_changed", "level": "info", "logger": "app.research_web.capabilities.catalog", "timestamp": "2026-10-08T18:24:46.617082Z"}
{"event": "capability_draft_created", "level": "info", "logger": "app.research_web.capabilities.catalog", "timestamp": "2026-10-08T18:24:46.620168Z"}
{"event": "capability_checked", "level": "info", "logger": "app.research_web.capabilities.catalog", "timestamp": "2026-10-08T18:24:46.644230Z"}
{"event": "capability_native_projection_changed", "level": "info", "logger": "app.research_web.capabilities.catalog", "timestamp": "2026-10-08T18:24:46.656119Z"}
{"event": "capability_draft_created", "level": "info", "logger": "app.research_web.capabilities.catalog", "timestamp": "2026-10-08T18:24:46.659851Z"}
{"event": "capability_checked", "level": "info", "logger": "app.research_web.capabilities.catalog", "timestamp": "2026-10-08T18:24:46.665069Z"}
{"event": "capability_native_projection_changed", "level": "info", "logger": "app.research_web.capabilities.catalog", "timestamp": "2026-10-08T18:24:46.671546Z"}
{"event": "capability_draft_created", "level": "info", "logger": "app.research_web.capabilities.catalog", "timestamp": "2026-10-08T18:24:46.675540Z"}
{"event": "capability_checked", "level": "info", "logger": "app.research_web.capabilities.catalog", "timestamp": "2026-10-08T18:24:46.680823Z"}
{"event": "capability_native_projection_changed", "level": "info", "logger": "app.research_web.capabilities.catalog", "timestamp": "2026-10-08T18:24:46.687602Z"}
{"event": "capability_draft_created", "level": "info", "logger": "app.research_web.capabilities.catalog", "timestamp": "2026-10-08T18:24:46.691649Z"}
{"event": "capability_checked", "level": "info", "logger": "app.research_web.capabilities.catalog", "timestamp": "2026-10-08T18:24:46.696868Z"}
{"event": "capability_native_projection_changed", "level": "info", "logger": "app.research_web.capabilities.catalog", "timestamp": "2026-10-08T18:24:46.704283Z"}
{"event": "capability_draft_created", "level": "info", "logger": "app.research_web.capabilities.catalog", "timestamp": "2026-10-08T18:24:46.708924Z"}
{"event": "capability_checked", "level": "info", "logger": "app.research_web.capabilities.catalog", "timestamp": "2026-10-08T18:24:46.714871Z"}
{"event": "capability_native_projection_changed", "level": "info", "logger": "app.research_web.capabilities.catalog", "timestamp": "2026-10-08T18:24:46.722375Z"}
{"event": "capability_draft_created", "level": "info", "logger": "app.research_web.capabilities.catalog", "timestamp": "2026-10-08T18:24:46.727143Z"}
{"event": "capability_checked", "level": "info", "logger": "app.research_web.capabilities.catalog", "timestamp": "2026-10-08T18:24:46.732826Z"}
{"event": "capability_native_projection_changed", "level": "info", "logger": "app.research_web.capabilities.catalog", "timestamp": "2026-10-08T18:24:46.740047Z"}
{"event": "capability_draft_created", "level": "info", "logger": "app.research_web.capabilities.catalog", "timestamp": "2026-10-08T18:24:46.745888Z"}
{"event": "capability_checked", "level": "info", "logger": "app.research_web.capabilities.catalog", "timestamp": "2026-10-08T18:24:47.020439Z"}
{"event": "capability_native_projection_changed", "level": "info", "logger": "app.research_web.capabilities.catalog", "timestamp": "2026-10-08T18:24:47.031489Z"}
{"event": "capability_draft_created", "level": "info", "logger": "app.research_web.capabilities.catalog", "timestamp": "2026-10-08T18:24:47.039084Z"}
{"event": "capability_checked", "level": "info", "logger": "app.research_web.capabilities.catalog", "timestamp": "2026-10-08T18:24:47.314952Z"}
{"event": "capability_native_projection_changed", "level": "info", "logger": "app.research_web.capabilities.catalog", "timestamp": "2026-10-08T18:24:47.327488Z"}
{"event": "capability_draft_created", "level": "info", "logger": "app.research_web.capabilities.catalog", "timestamp": "2026-10-08T18:24:47.336685Z"}
{"event": "capability_checked", "level": "info", "logger": "app.research_web.capabilities.catalog", "timestamp": "2026-10-08T18:24:47.609477Z"}
{"event": "capability_native_projection_changed", "level": "info", "logger": "app.research_web.capabilities.catalog", "timestamp": "2026-10-08T18:24:47.622790Z"}
{"event": "capability_draft_created", "level": "info", "logger": "app.research_web.capabilities.catalog", "timestamp": "2026-10-08T18:24:47.633045Z"}
{"event": "capability_checked", "level": "info", "logger": "app.research_web.capabilities.catalog", "timestamp": "2026-10-08T18:24:47.951584Z"}
{"event": "capability_native_projection_changed", "level": "info", "logger": "app.research_web.capabilities.catalog", "timestamp": "2026-10-08T18:24:47.966199Z"}
{"event": "capability_draft_created", "level": "info", "logger": "app.research_web.capabilities.catalog", "timestamp": "2026-10-08T18:24:47.977685Z"}
{"event": "capability_checked", "level": "info", "logger": "app.research_web.capabilities.catalog", "timestamp": "2026-10-08T18:24:48.265322Z"}
{"event": "capability_native_projection_changed", "level": "info", "logger": "app.research_web.capabilities.catalog", "timestamp": "2026-10-08T18:24:48.281460Z"}
{"event": "capability_draft_created", "level": "info", "logger": "app.research_web.capabilities.catalog", "timestamp": "2026-10-08T18:24:48.295555Z"}
{"event": "capability_checked", "level": "info", "logger": "app.research_web.capabilities.catalog", "timestamp": "2026-10-08T18:24:48.715915Z"}
{"event": "capability_native_projection_changed", "level": "info", "logger": "app.research_web.capabilities.catalog", "timestamp": "2026-10-08T18:24:48.733802Z"}
{"event": "capability_draft_created", "level": "info", "logger": "app.research_web.capabilities.catalog", "timestamp": "2026-10-08T18:24:48.748999Z"}
{"event": "capability_checked", "level": "info", "logger": "app.research_web.capabilities.catalog", "timestamp": "2026-10-08T18:24:49.093783Z"}
{"event": "capability_native_projection_changed", "level": "info", "logger": "app.research_web.capabilities.catalog", "timestamp": "2026-10-08T18:24:49.113662Z"}
{"event": "capability_draft_created", "level": "info", "logger": "app.research_web.capabilities.catalog", "timestamp": "2026-10-08T18:24:49.130028Z"}
{"event": "capability_checked", "level": "info", "logger": "app.research_web.capabilities.catalog", "timestamp": "2026-10-08T18:24:49.407338Z"}
{"event": "capability_native_projection_changed", "level": "info", "logger": "app.research_web.capabilities.catalog", "timestamp": "2026-10-08T18:24:49.429139Z"}
{"event": "capability_draft_created", "level": "info", "logger": "app.research_web.capabilities.catalog", "timestamp": "2026-10-08T18:24:49.446586Z"}
{"event": "capability_checked", "level": "info", "logger": "app.research_web.capabilities.catalog", "timestamp": "2026-10-08T18:24:49.729896Z"}
{"event": "capability_native_projection_changed", "level": "info", "logger": "app.research_web.capabilities.catalog", "timestamp": "2026-10-08T18:24:49.751997Z"}
{"event": "capability_draft_created", "level": "info", "logger": "app.research_web.capabilities.catalog", "timestamp": "2026-10-08T18:24:49.771333Z"}
{"event": "capability_checked", "level": "info", "logger": "app.research_web.capabilities.catalog", "timestamp": "2026-10-08T18:24:50.067579Z"}
{"event": "capability_native_projection_changed", "level": "info", "logger": "app.research_web.capabilities.catalog", "timestamp": "2026-10-08T18:24:50.094178Z"}
{"event": "capability_draft_created", "level": "info", "logger": "app.research_web.capabilities.catalog", "timestamp": "2026-10-08T18:24:50.115470Z"}
{"event": "capability_checked", "level": "info", "logger": "app.research_web.capabilities.catalog", "timestamp": "2026-10-08T18:24:50.470422Z"}
{"event": "capability_native_projection_changed", "level": "info", "logger": "app.research_web.capabilities.catalog", "timestamp": "2026-10-08T18:24:50.495485Z"}
{"event": "capability_draft_created", "level": "info", "logger": "app.research_web.capabilities.catalog", "timestamp": "2026-10-08T18:24:50.519027Z"}
{"event": "capability_checked", "level": "info", "logger": "app.research_web.capabilities.catalog", "timestamp": "2026-10-08T18:24:50.814849Z"}
{"event": "capability_native_projection_changed", "level": "info", "logger": "app.research_web.capabilities.catalog", "timestamp": "2026-10-08T18:24:50.843920Z"}
{"event": "capability_draft_created", "level": "info", "logger": "app.research_web.capabilities.catalog", "timestamp": "2026-10-08T18:24:50.869181Z"}
{"event": "capability_checked", "level": "info", "logger": "app.research_web.capabilities.catalog", "timestamp": "2026-10-08T18:24:51.167830Z"}
{"event": "capability_native_projection_changed", "level": "info", "logger": "app.research_web.capabilities.catalog", "timestamp": "2026-10-08T18:24:51.199208Z"}
{"event": "capability_draft_created", "level": "info", "logger": "app.research_web.capabilities.catalog", "timestamp": "2026-10-08T18:24:51.223490Z"}
{"event": "capability_checked", "level": "info", "logger": "app.research_web.capabilities.catalog", "timestamp": "2026-10-08T18:24:51.518273Z"}
{"event": "capability_native_projection_changed", "level": "info", "logger": "app.research_web.capabilities.catalog", "timestamp": "2026-10-08T18:24:51.546998Z"}
{"event": "capability_draft_created", "level": "info", "logger": "app.research_web.capabilities.catalog", "timestamp": "2026-10-08T18:24:51.577223Z"}
{"event": "capability_checked", "level": "info", "logger": "app.research_web.capabilities.catalog", "timestamp": "2026-10-08T18:24:51.937790Z"}
{"event": "capability_native_projection_changed", "level": "info", "logger": "app.research_web.capabilities.catalog", "timestamp": "2026-10-08T18:24:51.968297Z"}
{"event": "capability_draft_created", "level": "info", "logger": "app.research_web.capabilities.catalog", "timestamp": "2026-10-08T18:24:52.006771Z"}
{"event": "capability_checked", "level": "info", "logger": "app.research_web.capabilities.catalog", "timestamp": "2026-10-08T18:24:52.304996Z"}
{"event": "capability_native_projection_changed", "level": "info", "logger": "app.research_web.capabilities.catalog", "timestamp": "2026-10-08T18:24:52.337263Z"}
{"event": "capability_draft_created", "level": "info", "logger": "app.research_web.capabilities.catalog", "timestamp": "2026-10-08T18:24:52.366076Z"}
{"event": "capability_checked", "level": "info", "logger": "app.research_web.capabilities.catalog", "timestamp": "2026-10-08T18:24:52.653147Z"}
{"event": "capability_native_projection_changed", "level": "info", "logger": "app.research_web.capabilities.catalog", "timestamp": "2026-10-08T18:24:52.687910Z"}
{"event": "capability_draft_created", "level": "info", "logger": "app.research_web.capabilities.catalog", "timestamp": "2026-10-08T18:24:52.718269Z"}
{"event": "capability_checked", "level": "info", "logger": "app.research_web.capabilities.catalog", "timestamp": "2026-10-08T18:24:53.001766Z"}
{"event": "capability_native_projection_changed", "level": "info", "logger": "app.research_web.capabilities.catalog", "timestamp": "2026-10-08T18:24:53.035770Z"}
{"event": "capability_draft_created", "level": "info", "logger": "app.research_web.capabilities.catalog", "timestamp": "2026-10-08T18:24:53.065708Z"}
{"event": "capability_checked", "level": "info", "logger": "app.research_web.capabilities.catalog", "timestamp": "2026-10-08T18:24:53.086621Z"}
{"event": "capability_native_projection_changed", "level": "info", "logger": "app.research_web.capabilities.catalog", "timestamp": "2026-10-08T18:24:53.121691Z"}
{"event": "capability_draft_created", "level": "info", "logger": "app.research_web.capabilities.catalog", "timestamp": "2026-10-08T18:24:53.151945Z"}
{"event": "capability_checked", "level": "info", "logger": "app.research_web.capabilities.catalog", "timestamp": "2026-10-08T18:24:53.170593Z"}
{"event": "capability_native_projection_changed", "level": "info", "logger": "app.research_web.capabilities.catalog", "timestamp": "2026-10-08T18:24:53.202472Z"}
{"event": "capability_draft_created", "level": "info", "logger": "app.research_web.capabilities.catalog", "timestamp": "2026-10-08T18:24:53.232972Z"}
{"event": "capability_checked", "level": "info", "logger": "app.research_web.capabilities.catalog", "timestamp": "2026-10-08T18:24:53.251560Z"}
{"event": "capability_native_projection_changed", "level": "info", "logger": "app.research_web.capabilities.catalog", "timestamp": "2026-10-08T18:24:53.283507Z"}
{"event": "capability_draft_created", "level": "info", "logger": "app.research_web.capabilities.catalog", "timestamp": "2026-10-08T18:24:53.313804Z"}
{"event": "capability_checked", "level": "info", "logger": "app.research_web.capabilities.catalog", "timestamp": "2026-10-08T18:24:53.332252Z"}
{"event": "capability_native_projection_changed", "level": "info", "logger": "app.research_web.capabilities.catalog", "timestamp": "2026-10-08T18:24:53.364150Z"}
{"event": "capability_draft_created", "level": "info", "logger": "app.research_web.capabilities.catalog", "timestamp": "2026-10-08T18:24:53.394811Z"}
{"event": "capability_checked", "level": "info", "logger": "app.research_web.capabilities.catalog", "timestamp": "2026-10-08T18:24:53.413154Z"}
{"event": "capability_native_projection_changed", "level": "info", "logger": "app.research_web.capabilities.catalog", "timestamp": "2026-10-08T18:24:53.446577Z"}
{"event": "capability_draft_created", "level": "info", "logger": "app.research_web.capabilities.catalog", "timestamp": "2026-10-08T18:24:53.478248Z"}
{"event": "capability_checked", "level": "info", "logger": "app.research_web.capabilities.catalog", "timestamp": "2026-10-08T18:24:53.497372Z"}
{"event": "capability_native_projection_changed", "level": "info", "logger": "app.research_web.capabilities.catalog", "timestamp": "2026-10-08T18:24:53.530074Z"}
{"event": "capability_draft_created", "level": "info", "logger": "app.research_web.capabilities.catalog", "timestamp": "2026-10-08T18:24:53.563110Z"}
{"event": "capability_checked", "level": "info", "logger": "app.research_web.capabilities.catalog", "timestamp": "2026-10-08T18:24:53.582267Z"}
{"event": "capability_native_projection_changed", "level": "info", "logger": "app.research_web.capabilities.catalog", "timestamp": "2026-10-08T18:24:53.615721Z"}
{"event": "capability_draft_created", "level": "info", "logger": "app.research_web.capabilities.catalog", "timestamp": "2026-10-08T18:24:53.648558Z"}
{"event": "capability_checked", "level": "info", "logger": "app.research_web.capabilities.catalog", "timestamp": "2026-10-08T18:24:53.667609Z"}
{"event": "capability_native_projection_changed", "level": "info", "logger": "app.research_web.capabilities.catalog", "timestamp": "2026-10-08T18:24:53.703214Z"}
{"event": "capability_draft_created", "level": "info", "logger": "app.research_web.capabilities.catalog", "timestamp": "2026-10-08T18:24:53.736161Z"}
{"event": "capability_checked", "level": "info", "logger": "app.research_web.capabilities.catalog", "timestamp": "2026-10-08T18:24:53.755605Z"}
{"event": "capability_native_projection_changed", "level": "info", "logger": "app.research_web.capabilities.catalog", "timestamp": "2026-10-08T18:24:53.790567Z"}
{"event": "capability_draft_created", "level": "info", "logger": "app.research_web.capabilities.catalog", "timestamp": "2026-10-08T18:24:53.833318Z"}
{"event": "capability_checked", "level": "info", "logger": "app.research_web.capabilities.catalog", "timestamp": "2026-10-08T18:24:53.853289Z"}
{"event": "capability_native_projection_changed", "level": "info", "logger": "app.research_web.capabilities.catalog", "timestamp": "2026-10-08T18:24:53.888548Z"}
{"event": "capability_draft_created", "level": "info", "logger": "app.research_web.capabilities.catalog", "timestamp": "2026-10-08T18:24:53.921796Z"}
{"event": "capability_checked", "level": "info", "logger": "app.research_web.capabilities.catalog", "timestamp": "2026-10-08T18:24:53.941436Z"}
{"event": "capability_native_projection_changed", "level": "info", "logger": "app.research_web.capabilities.catalog", "timestamp": "2026-10-08T18:24:53.976627Z"}
{"event": "capability_draft_created", "level": "info", "logger": "app.research_web.capabilities.catalog", "timestamp": "2026-10-08T18:24:54.010454Z"}
{"event": "capability_checked", "level": "info", "logger": "app.research_web.capabilities.catalog", "timestamp": "2026-10-08T18:24:54.030047Z"}
{"event": "capability_native_projection_changed", "level": "info", "logger": "app.research_web.capabilities.catalog", "timestamp": "2026-10-08T18:24:54.065776Z"}
{"event": "capability_draft_created", "level": "info", "logger": "app.research_web.capabilities.catalog", "timestamp": "2026-10-08T18:24:54.099317Z"}
{"event": "capability_checked", "level": "info", "logger": "app.research_web.capabilities.catalog", "timestamp": "2026-10-08T18:24:54.119314Z"}
{"event": "capability_native_projection_changed", "level": "info", "logger": "app.research_web.capabilities.catalog", "timestamp": "2026-10-08T18:24:54.159142Z"}
{"event": "capability_draft_created", "level": "info", "logger": "app.research_web.capabilities.catalog", "timestamp": "2026-10-08T18:24:54.193492Z"}
{"event": "capability_checked", "level": "info", "logger": "app.research_web.capabilities.catalog", "timestamp": "2026-10-08T18:24:54.213151Z"}
{"event": "capability_native_projection_changed", "level": "info", "logger": "app.research_web.capabilities.catalog", "timestamp": "2026-10-08T18:24:54.248879Z"}
{"event": "framework_runtime_started", "level": "info", "logger": "app.research_web.frameworks.service", "timestamp": "2026-10-08T18:24:54.391378Z"}
{"event": "mcp_registry_service_started", "level": "info", "logger": "app.research_web.mcp_registry.service", "timestamp": "2026-10-08T18:24:54.391508Z"}
{"event": "mcp_runtime_service_started", "level": "info", "logger": "app.research_web.mcp_runtime.service", "timestamp": "2026-10-08T18:24:54.391590Z"}
{"event": "Scheduler started", "level": "info", "logger": "apscheduler.scheduler", "timestamp": "2026-10-08T18:24:54.392319Z"}
{"event": "research_web_started", "level": "info", "logger": "app.research_web.main", "timestamp": "2026-10-08T18:24:54.392463Z"}
{"event": "HTTP Request: GET http://testserver/api/research/operations/summary?range=today \"HTTP/1.1 200 OK\"", "level": "info", "logger": "httpx2", "timestamp": "2026-10-08T18:24:54.434295Z"}
{"event": "HTTP Request: GET http://testserver/api/research/operations/storage \"HTTP/1.1 200 OK\"", "level": "info", "logger": "httpx2", "timestamp": "2026-10-08T18:24:54.436383Z"}
.{"event": "Scheduler has been shut down", "level": "info", "logger": "apscheduler.scheduler", "timestamp": "2026-10-08T18:24:54.437195Z"}
{"event": "framework_runtime_closed", "level": "info", "logger": "app.research_web.frameworks.service", "timestamp": "2026-10-08T18:24:54.438186Z"}
{"event": "capability_draft_created", "level": "info", "logger": "app.research_web.capabilities.catalog", "timestamp": "2026-10-08T18:24:54.472100Z"}
{"event": "capability_checked", "level": "info", "logger": "app.research_web.capabilities.catalog", "timestamp": "2026-10-08T18:24:54.500245Z"}
{"event": "capability_native_projection_changed", "level": "info", "logger": "app.research_web.capabilities.catalog", "timestamp": "2026-10-08T18:24:54.514239Z"}
{"event": "capability_draft_created", "level": "info", "logger": "app.research_web.capabilities.catalog", "timestamp": "2026-10-08T18:24:54.519146Z"}
{"event": "capability_checked", "level": "info", "logger": "app.research_web.capabilities.catalog", "timestamp": "2026-10-08T18:24:54.525330Z"}
{"event": "capability_native_projection_changed", "level": "info", "logger": "app.research_web.capabilities.catalog", "timestamp": "2026-10-08T18:24:54.542319Z"}
{"event": "capability_draft_created", "level": "info", "logger": "app.research_web.capabilities.catalog", "timestamp": "2026-10-08T18:24:54.546285Z"}
{"event": "capability_checked", "level": "info", "logger": "app.research_web.capabilities.catalog", "timestamp": "2026-10-08T18:24:54.552516Z"}
{"event": "capability_native_projection_changed", "level": "info", "logger": "app.research_web.capabilities.catalog", "timestamp": "2026-10-08T18:24:54.558113Z"}
{"event": "capability_draft_created", "level": "info", "logger": "app.research_web.capabilities.catalog", "timestamp": "2026-10-08T18:24:54.560093Z"}
{"event": "capability_checked", "level": "info", "logger": "app.research_web.capabilities.catalog", "timestamp": "2026-10-08T18:24:54.566245Z"}
{"event": "capability_native_projection_changed", "level": "info", "logger": "app.research_web.capabilities.catalog", "timestamp": "2026-10-08T18:24:54.572046Z"}
{"event": "capability_draft_created", "level": "info", "logger": "app.research_web.capabilities.catalog", "timestamp": "2026-10-08T18:24:54.574147Z"}
{"event": "capability_checked", "level": "info", "logger": "app.research_web.capabilities.catalog", "timestamp": "2026-10-08T18:24:54.580920Z"}
{"event": "capability_native_projection_changed", "level": "info", "logger": "app.research_web.capabilities.catalog", "timestamp": "2026-10-08T18:24:54.586850Z"}
{"event": "capability_draft_created", "level": "info", "logger": "app.research_web.capabilities.catalog", "timestamp": "2026-10-08T18:24:54.589461Z"}
{"event": "capability_checked", "level": "info", "logger": "app.research_web.capabilities.catalog", "timestamp": "2026-10-08T18:24:54.594695Z"}
{"event": "capability_native_projection_changed", "level": "info", "logger": "app.research_web.capabilities.catalog", "timestamp": "2026-10-08T18:24:54.599979Z"}
{"event": "capability_draft_created", "level": "info", "logger": "app.research_web.capabilities.catalog", "timestamp": "2026-10-08T18:24:54.603315Z"}
{"event": "capability_checked", "level": "info", "logger": "app.research_web.capabilities.catalog", "timestamp": "2026-10-08T18:24:54.628826Z"}
{"event": "capability_native_projection_changed", "level": "info", "logger": "app.research_web.capabilities.catalog", "timestamp": "2026-10-08T18:24:54.638251Z"}
{"event": "capability_draft_created", "level": "info", "logger": "app.research_web.capabilities.catalog", "timestamp": "2026-10-08T18:24:54.642380Z"}
{"event": "capability_checked", "level": "info", "logger": "app.research_web.capabilities.catalog", "timestamp": "2026-10-08T18:24:54.648253Z"}
{"event": "capability_native_projection_changed", "level": "info", "logger": "app.research_web.capabilities.catalog", "timestamp": "2026-10-08T18:24:54.655295Z"}
{"event": "capability_draft_created", "level": "info", "logger": "app.research_web.capabilities.catalog", "timestamp": "2026-10-08T18:24:54.659566Z"}
{"event": "capability_checked", "level": "info", "logger": "app.research_web.capabilities.catalog", "timestamp": "2026-10-08T18:24:54.665534Z"}
{"event": "capability_native_projection_changed", "level": "info", "logger": "app.research_web.capabilities.catalog", "timestamp": "2026-10-08T18:24:54.672848Z"}
{"event": "capability_draft_created", "level": "info", "logger": "app.research_web.capabilities.catalog", "timestamp": "2026-10-08T18:24:54.677605Z"}
{"event": "capability_checked", "level": "info", "logger": "app.research_web.capabilities.catalog", "timestamp": "2026-10-08T18:24:54.684276Z"}
{"event": "capability_native_projection_changed", "level": "info", "logger": "app.research_web.capabilities.catalog", "timestamp": "2026-10-08T18:24:54.692054Z"}
{"event": "capability_draft_created", "level": "info", "logger": "app.research_web.capabilities.catalog", "timestamp": "2026-10-08T18:24:54.696881Z"}
{"event": "capability_checked", "level": "info", "logger": "app.research_web.capabilities.catalog", "timestamp": "2026-10-08T18:24:54.703015Z"}
{"event": "capability_native_projection_changed", "level": "info", "logger": "app.research_web.capabilities.catalog", "timestamp": "2026-10-08T18:24:54.711383Z"}
{"event": "capability_draft_created", "level": "info", "logger": "app.research_web.capabilities.catalog", "timestamp": "2026-10-08T18:24:54.720865Z"}
{"event": "capability_checked", "level": "info", "logger": "app.research_web.capabilities.catalog", "timestamp": "2026-10-08T18:24:54.727126Z"}
{"event": "capability_native_projection_changed", "level": "info", "logger": "app.research_web.capabilities.catalog", "timestamp": "2026-10-08T18:24:54.735600Z"}
{"event": "capability_draft_created", "level": "info", "logger": "app.research_web.capabilities.catalog", "timestamp": "2026-10-08T18:24:54.741998Z"}
{"event": "capability_checked", "level": "info", "logger": "app.research_web.capabilities.catalog", "timestamp": "2026-10-08T18:24:55.166722Z"}
{"event": "capability_native_projection_changed", "level": "info", "logger": "app.research_web.capabilities.catalog", "timestamp": "2026-10-08T18:24:55.177319Z"}
{"event": "capability_draft_created", "level": "info", "logger": "app.research_web.capabilities.catalog", "timestamp": "2026-10-08T18:24:55.185436Z"}
{"event": "capability_checked", "level": "info", "logger": "app.research_web.capabilities.catalog", "timestamp": "2026-10-08T18:24:55.466714Z"}
{"event": "capability_native_projection_changed", "level": "info", "logger": "app.research_web.capabilities.catalog", "timestamp": "2026-10-08T18:24:55.478419Z"}
{"event": "capability_draft_created", "level": "info", "logger": "app.research_web.capabilities.catalog", "timestamp": "2026-10-08T18:24:55.492355Z"}
{"event": "capability_checked", "level": "info", "logger": "app.research_web.capabilities.catalog", "timestamp": "2026-10-08T18:24:55.777972Z"}
{"event": "capability_native_projection_changed", "level": "info", "logger": "app.research_web.capabilities.catalog", "timestamp": "2026-10-08T18:24:55.792032Z"}
{"event": "capability_draft_created", "level": "info", "logger": "app.research_web.capabilities.catalog", "timestamp": "2026-10-08T18:24:55.803169Z"}
{"event": "capability_checked", "level": "info", "logger": "app.research_web.capabilities.catalog", "timestamp": "2026-10-08T18:24:56.133624Z"}
{"event": "capability_native_projection_changed", "level": "info", "logger": "app.research_web.capabilities.catalog", "timestamp": "2026-10-08T18:24:56.147774Z"}
{"event": "capability_draft_created", "level": "info", "logger": "app.research_web.capabilities.catalog", "timestamp": "2026-10-08T18:24:56.159223Z"}
{"event": "capability_checked", "level": "info", "logger": "app.research_web.capabilities.catalog", "timestamp": "2026-10-08T18:24:56.441856Z"}
{"event": "capability_native_projection_changed", "level": "info", "logger": "app.research_web.capabilities.catalog", "timestamp": "2026-10-08T18:24:56.461817Z"}
{"event": "capability_draft_created", "level": "info", "logger": "app.research_web.capabilities.catalog", "timestamp": "2026-10-08T18:24:56.476162Z"}
{"event": "capability_checked", "level": "info", "logger": "app.research_web.capabilities.catalog", "timestamp": "2026-10-08T18:24:56.770350Z"}
{"event": "capability_native_projection_changed", "level": "info", "logger": "app.research_web.capabilities.catalog", "timestamp": "2026-10-08T18:24:56.799222Z"}
{"event": "capability_draft_created", "level": "info", "logger": "app.research_web.capabilities.catalog", "timestamp": "2026-10-08T18:24:56.820224Z"}
{"event": "capability_checked", "level": "info", "logger": "app.research_web.capabilities.catalog", "timestamp": "2026-10-08T18:24:57.110594Z"}
{"event": "capability_native_projection_changed", "level": "info", "logger": "app.research_web.capabilities.catalog", "timestamp": "2026-10-08T18:24:57.140012Z"}
{"event": "capability_draft_created", "level": "info", "logger": "app.research_web.capabilities.catalog", "timestamp": "2026-10-08T18:24:57.155557Z"}
{"event": "capability_checked", "level": "info", "logger": "app.research_web.capabilities.catalog", "timestamp": "2026-10-08T18:24:57.560722Z"}
{"event": "capability_native_projection_changed", "level": "info", "logger": "app.research_web.capabilities.catalog", "timestamp": "2026-10-08T18:24:57.583424Z"}
{"event": "capability_draft_created", "level": "info", "logger": "app.research_web.capabilities.catalog", "timestamp": "2026-10-08T18:24:57.601583Z"}
{"event": "capability_checked", "level": "info", "logger": "app.research_web.capabilities.catalog", "timestamp": "2026-10-08T18:24:57.889011Z"}
{"event": "capability_native_projection_changed", "level": "info", "logger": "app.research_web.capabilities.catalog", "timestamp": "2026-10-08T18:24:57.911056Z"}
{"event": "capability_draft_created", "level": "info", "logger": "app.research_web.capabilities.catalog", "timestamp": "2026-10-08T18:24:57.929936Z"}
{"event": "capability_checked", "level": "info", "logger": "app.research_web.capabilities.catalog", "timestamp": "2026-10-08T18:24:58.220842Z"}
{"event": "capability_native_projection_changed", "level": "info", "logger": "app.research_web.capabilities.catalog", "timestamp": "2026-10-08T18:24:58.243985Z"}
{"event": "capability_draft_created", "level": "info", "logger": "app.research_web.capabilities.catalog", "timestamp": "2026-10-08T18:24:58.263716Z"}
{"event": "capability_checked", "level": "info", "logger": "app.research_web.capabilities.catalog", "timestamp": "2026-10-08T18:24:58.594111Z"}
{"event": "capability_native_projection_changed", "level": "info", "logger": "app.research_web.capabilities.catalog", "timestamp": "2026-10-08T18:24:58.631187Z"}
{"event": "capability_draft_created", "level": "info", "logger": "app.research_web.capabilities.catalog", "timestamp": "2026-10-08T18:24:58.653617Z"}
{"event": "capability_checked", "level": "info", "logger": "app.research_web.capabilities.catalog", "timestamp": "2026-10-08T18:24:58.951101Z"}
{"event": "capability_native_projection_changed", "level": "info", "logger": "app.research_web.capabilities.catalog", "timestamp": "2026-10-08T18:24:58.977007Z"}
{"event": "capability_draft_created", "level": "info", "logger": "app.research_web.capabilities.catalog", "timestamp": "2026-10-08T18:24:59.000015Z"}
{"event": "capability_checked", "level": "info", "logger": "app.research_web.capabilities.catalog", "timestamp": "2026-10-08T18:24:59.293219Z"}
{"event": "capability_native_projection_changed", "level": "info", "logger": "app.research_web.capabilities.catalog", "timestamp": "2026-10-08T18:24:59.320653Z"}
{"event": "capability_draft_created", "level": "info", "logger": "app.research_web.capabilities.catalog", "timestamp": "2026-10-08T18:24:59.344877Z"}
{"event": "capability_checked", "level": "info", "logger": "app.research_web.capabilities.catalog", "timestamp": "2026-10-08T18:24:59.643022Z"}
{"event": "capability_native_projection_changed", "level": "info", "logger": "app.research_web.capabilities.catalog", "timestamp": "2026-10-08T18:24:59.675923Z"}
{"event": "capability_draft_created", "level": "info", "logger": "app.research_web.capabilities.catalog", "timestamp": "2026-10-08T18:24:59.702596Z"}
{"event": "capability_checked", "level": "info", "logger": "app.research_web.capabilities.catalog", "timestamp": "2026-10-08T18:25:00.039195Z"}
{"event": "capability_native_projection_changed", "level": "info", "logger": "app.research_web.capabilities.catalog", "timestamp": "2026-10-08T18:25:00.071175Z"}
{"event": "capability_draft_created", "level": "info", "logger": "app.research_web.capabilities.catalog", "timestamp": "2026-10-08T18:25:00.099775Z"}
{"event": "capability_checked", "level": "info", "logger": "app.research_web.capabilities.catalog", "timestamp": "2026-10-08T18:25:00.405209Z"}
{"event": "capability_native_projection_changed", "level": "info", "logger": "app.research_web.capabilities.catalog", "timestamp": "2026-10-08T18:25:00.437152Z"}
{"event": "capability_draft_created", "level": "info", "logger": "app.research_web.capabilities.catalog", "timestamp": "2026-10-08T18:25:00.465835Z"}
{"event": "capability_checked", "level": "info", "logger": "app.research_web.capabilities.catalog", "timestamp": "2026-10-08T18:25:00.771411Z"}
{"event": "capability_native_projection_changed", "level": "info", "logger": "app.research_web.capabilities.catalog", "timestamp": "2026-10-08T18:25:00.839346Z"}
{"event": "capability_draft_created", "level": "info", "logger": "app.research_web.capabilities.catalog", "timestamp": "2026-10-08T18:25:00.870438Z"}
{"event": "capability_checked", "level": "info", "logger": "app.research_web.capabilities.catalog", "timestamp": "2026-10-08T18:25:01.175204Z"}
{"event": "capability_native_projection_changed", "level": "info", "logger": "app.research_web.capabilities.catalog", "timestamp": "2026-10-08T18:25:01.209954Z"}
{"event": "capability_draft_created", "level": "info", "logger": "app.research_web.capabilities.catalog", "timestamp": "2026-10-08T18:25:01.240781Z"}
{"event": "capability_checked", "level": "info", "logger": "app.research_web.capabilities.catalog", "timestamp": "2026-10-08T18:25:01.262630Z"}
{"event": "capability_native_projection_changed", "level": "info", "logger": "app.research_web.capabilities.catalog", "timestamp": "2026-10-08T18:25:01.297526Z"}
{"event": "capability_draft_created", "level": "info", "logger": "app.research_web.capabilities.catalog", "timestamp": "2026-10-08T18:25:01.337847Z"}
{"event": "capability_checked", "level": "info", "logger": "app.research_web.capabilities.catalog", "timestamp": "2026-10-08T18:25:01.363333Z"}
{"event": "capability_native_projection_changed", "level": "info", "logger": "app.research_web.capabilities.catalog", "timestamp": "2026-10-08T18:25:01.406744Z"}
{"event": "capability_draft_created", "level": "info", "logger": "app.research_web.capabilities.catalog", "timestamp": "2026-10-08T18:25:01.438015Z"}
{"event": "capability_checked", "level": "info", "logger": "app.research_web.capabilities.catalog", "timestamp": "2026-10-08T18:25:01.456638Z"}
{"event": "capability_native_projection_changed", "level": "info", "logger": "app.research_web.capabilities.catalog", "timestamp": "2026-10-08T18:25:01.496745Z"}
{"event": "capability_draft_created", "level": "info", "logger": "app.research_web.capabilities.catalog", "timestamp": "2026-10-08T18:25:01.529076Z"}
{"event": "capability_checked", "level": "info", "logger": "app.research_web.capabilities.catalog", "timestamp": "2026-10-08T18:25:01.548232Z"}
{"event": "capability_native_projection_changed", "level": "info", "logger": "app.research_web.capabilities.catalog", "timestamp": "2026-10-08T18:25:01.581944Z"}
{"event": "capability_draft_created", "level": "info", "logger": "app.research_web.capabilities.catalog", "timestamp": "2026-10-08T18:25:01.614156Z"}
{"event": "capability_checked", "level": "info", "logger": "app.research_web.capabilities.catalog", "timestamp": "2026-10-08T18:25:01.633789Z"}
{"event": "capability_native_projection_changed", "level": "info", "logger": "app.research_web.capabilities.catalog", "timestamp": "2026-10-08T18:25:01.670005Z"}
{"event": "capability_draft_created", "level": "info", "logger": "app.research_web.capabilities.catalog", "timestamp": "2026-10-08T18:25:01.702256Z"}
{"event": "capability_checked", "level": "info", "logger": "app.research_web.capabilities.catalog", "timestamp": "2026-10-08T18:25:01.720947Z"}
{"event": "capability_native_projection_changed", "level": "info", "logger": "app.research_web.capabilities.catalog", "timestamp": "2026-10-08T18:25:01.753900Z"}
{"event": "capability_draft_created", "level": "info", "logger": "app.research_web.capabilities.catalog", "timestamp": "2026-10-08T18:25:01.785912Z"}
{"event": "capability_checked", "level": "info", "logger": "app.research_web.capabilities.catalog", "timestamp": "2026-10-08T18:25:01.804937Z"}
{"event": "capability_native_projection_changed", "level": "info", "logger": "app.research_web.capabilities.catalog", "timestamp": "2026-10-08T18:25:01.841892Z"}
{"event": "capability_draft_created", "level": "info", "logger": "app.research_web.capabilities.catalog", "timestamp": "2026-10-08T18:25:01.874027Z"}
{"event": "capability_checked", "level": "info", "logger": "app.research_web.capabilities.catalog", "timestamp": "2026-10-08T18:25:01.892863Z"}
{"event": "capability_native_projection_changed", "level": "info", "logger": "app.research_web.capabilities.catalog", "timestamp": "2026-10-08T18:25:01.926350Z"}
{"event": "capability_draft_created", "level": "info", "logger": "app.research_web.capabilities.catalog", "timestamp": "2026-10-08T18:25:01.958452Z"}
{"event": "capability_checked", "level": "info", "logger": "app.research_web.capabilities.catalog", "timestamp": "2026-10-08T18:25:01.977189Z"}
{"event": "capability_native_projection_changed", "level": "info", "logger": "app.research_web.capabilities.catalog", "timestamp": "2026-10-08T18:25:02.010443Z"}
{"event": "capability_draft_created", "level": "info", "logger": "app.research_web.capabilities.catalog", "timestamp": "2026-10-08T18:25:02.042788Z"}
{"event": "capability_checked", "level": "info", "logger": "app.research_web.capabilities.catalog", "timestamp": "2026-10-08T18:25:02.062549Z"}
{"event": "capability_native_projection_changed", "level": "info", "logger": "app.research_web.capabilities.catalog", "timestamp": "2026-10-08T18:25:02.097125Z"}
{"event": "capability_draft_created", "level": "info", "logger": "app.research_web.capabilities.catalog", "timestamp": "2026-10-08T18:25:02.130753Z"}
{"event": "capability_checked", "level": "info", "logger": "app.research_web.capabilities.catalog", "timestamp": "2026-10-08T18:25:02.150297Z"}
{"event": "capability_native_projection_changed", "level": "info", "logger": "app.research_web.capabilities.catalog", "timestamp": "2026-10-08T18:25:02.184269Z"}
{"event": "capability_draft_created", "level": "info", "logger": "app.research_web.capabilities.catalog", "timestamp": "2026-10-08T18:25:02.217993Z"}
{"event": "capability_checked", "level": "info", "logger": "app.research_web.capabilities.catalog", "timestamp": "2026-10-08T18:25:02.244288Z"}
{"event": "capability_native_projection_changed", "level": "info", "logger": "app.research_web.capabilities.catalog", "timestamp": "2026-10-08T18:25:02.279923Z"}
{"event": "capability_draft_created", "level": "info", "logger": "app.research_web.capabilities.catalog", "timestamp": "2026-10-08T18:25:02.315032Z"}
{"event": "capability_checked", "level": "info", "logger": "app.research_web.capabilities.catalog", "timestamp": "2026-10-08T18:25:02.335229Z"}
{"event": "capability_native_projection_changed", "level": "info", "logger": "app.research_web.capabilities.catalog", "timestamp": "2026-10-08T18:25:02.369888Z"}
{"event": "capability_draft_created", "level": "info", "logger": "app.research_web.capabilities.catalog", "timestamp": "2026-10-08T18:25:02.403582Z"}
{"event": "capability_checked", "level": "info", "logger": "app.research_web.capabilities.catalog", "timestamp": "2026-10-08T18:25:02.423477Z"}
{"event": "capability_native_projection_changed", "level": "info", "logger": "app.research_web.capabilities.catalog", "timestamp": "2026-10-08T18:25:02.459228Z"}
{"event": "framework_runtime_started", "level": "info", "logger": "app.research_web.frameworks.service", "timestamp": "2026-10-08T18:25:02.635808Z"}
{"event": "mcp_registry_service_started", "level": "info", "logger": "app.research_web.mcp_registry.service", "timestamp": "2026-10-08T18:25:02.635940Z"}
{"event": "mcp_runtime_service_started", "level": "info", "logger": "app.research_web.mcp_runtime.service", "timestamp": "2026-10-08T18:25:02.636020Z"}
{"event": "Scheduler started", "level": "info", "logger": "apscheduler.scheduler", "timestamp": "2026-10-08T18:25:02.636795Z"}
{"event": "research_web_started", "level": "info", "logger": "app.research_web.main", "timestamp": "2026-10-08T18:25:02.636992Z"}
{"event": "HTTP Request: GET http://testserver/api/research/report-runs/multi-workbook-run/refresh-manifests \"HTTP/1.1 200 OK\"", "level": "info", "logger": "httpx2", "timestamp": "2026-10-08T18:25:02.678351Z"}
.{"event": "Scheduler has been shut down", "level": "info", "logger": "apscheduler.scheduler", "timestamp": "2026-10-08T18:25:02.679154Z"}
{"event": "framework_runtime_closed", "level": "info", "logger": "app.research_web.frameworks.service", "timestamp": "2026-10-08T18:25:02.680115Z"}
{"event": "capability_draft_created", "level": "info", "logger": "app.research_web.capabilities.catalog", "timestamp": "2026-10-08T18:25:02.707504Z"}
{"event": "capability_checked", "level": "info", "logger": "app.research_web.capabilities.catalog", "timestamp": "2026-10-08T18:25:02.712416Z"}
{"event": "capability_native_projection_changed", "level": "info", "logger": "app.research_web.capabilities.catalog", "timestamp": "2026-10-08T18:25:02.716877Z"}
{"event": "capability_draft_created", "level": "info", "logger": "app.research_web.capabilities.catalog", "timestamp": "2026-10-08T18:25:02.718051Z"}
{"event": "capability_checked", "level": "info", "logger": "app.research_web.capabilities.catalog", "timestamp": "2026-10-08T18:25:02.722830Z"}
{"event": "capability_native_projection_changed", "level": "info", "logger": "app.research_web.capabilities.catalog", "timestamp": "2026-10-08T18:25:02.727522Z"}
{"event": "capability_draft_created", "level": "info", "logger": "app.research_web.capabilities.catalog", "timestamp": "2026-10-08T18:25:02.729173Z"}
{"event": "capability_checked", "level": "info", "logger": "app.research_web.capabilities.catalog", "timestamp": "2026-10-08T18:25:02.734944Z"}
{"event": "capability_native_projection_changed", "level": "info", "logger": "app.research_web.capabilities.catalog", "timestamp": "2026-10-08T18:25:02.740420Z"}
{"event": "capability_draft_created", "level": "info", "logger": "app.research_web.capabilities.catalog", "timestamp": "2026-10-08T18:25:02.742252Z"}
{"event": "capability_checked", "level": "info", "logger": "app.research_web.capabilities.catalog", "timestamp": "2026-10-08T18:25:02.747369Z"}
{"event": "capability_native_projection_changed", "level": "info", "logger": "app.research_web.capabilities.catalog", "timestamp": "2026-10-08T18:25:02.752456Z"}
{"event": "capability_draft_created", "level": "info", "logger": "app.research_web.capabilities.catalog", "timestamp": "2026-10-08T18:25:02.754629Z"}
{"event": "capability_checked", "level": "info", "logger": "app.research_web.capabilities.catalog", "timestamp": "2026-10-08T18:25:02.761260Z"}
{"event": "capability_native_projection_changed", "level": "info", "logger": "app.research_web.capabilities.catalog", "timestamp": "2026-10-08T18:25:02.766656Z"}
{"event": "capability_draft_created", "level": "info", "logger": "app.research_web.capabilities.catalog", "timestamp": "2026-10-08T18:25:02.768894Z"}
{"event": "capability_checked", "level": "info", "logger": "app.research_web.capabilities.catalog", "timestamp": "2026-10-08T18:25:02.773222Z"}
{"event": "capability_native_projection_changed", "level": "info", "logger": "app.research_web.capabilities.catalog", "timestamp": "2026-10-08T18:25:02.778617Z"}
{"event": "capability_draft_created", "level": "info", "logger": "app.research_web.capabilities.catalog", "timestamp": "2026-10-08T18:25:02.781954Z"}
{"event": "capability_checked", "level": "info", "logger": "app.research_web.capabilities.catalog", "timestamp": "2026-10-08T18:25:02.805676Z"}
{"event": "capability_native_projection_changed", "level": "info", "logger": "app.research_web.capabilities.catalog", "timestamp": "2026-10-08T18:25:02.815928Z"}
{"event": "capability_draft_created", "level": "info", "logger": "app.research_web.capabilities.catalog", "timestamp": "2026-10-08T18:25:02.819923Z"}
{"event": "capability_checked", "level": "info", "logger": "app.research_web.capabilities.catalog", "timestamp": "2026-10-08T18:25:02.825117Z"}
{"event": "capability_native_projection_changed", "level": "info", "logger": "app.research_web.capabilities.catalog", "timestamp": "2026-10-08T18:25:02.831414Z"}
{"event": "capability_draft_created", "level": "info", "logger": "app.research_web.capabilities.catalog", "timestamp": "2026-10-08T18:25:02.835185Z"}
{"event": "capability_checked", "level": "info", "logger": "app.research_web.capabilities.catalog", "timestamp": "2026-10-08T18:25:02.840140Z"}
{"event": "capability_native_projection_changed", "level": "info", "logger": "app.research_web.capabilities.catalog", "timestamp": "2026-10-08T18:25:02.846553Z"}
{"event": "capability_draft_created", "level": "info", "logger": "app.research_web.capabilities.catalog", "timestamp": "2026-10-08T18:25:02.850672Z"}
{"event": "capability_checked", "level": "info", "logger": "app.research_web.capabilities.catalog", "timestamp": "2026-10-08T18:25:02.856174Z"}
{"event": "capability_native_projection_changed", "level": "info", "logger": "app.research_web.capabilities.catalog", "timestamp": "2026-10-08T18:25:02.863534Z"}
{"event": "capability_draft_created", "level": "info", "logger": "app.research_web.capabilities.catalog", "timestamp": "2026-10-08T18:25:02.867974Z"}
{"event": "capability_checked", "level": "info", "logger": "app.research_web.capabilities.catalog", "timestamp": "2026-10-08T18:25:02.873761Z"}
{"event": "capability_native_projection_changed", "level": "info", "logger": "app.research_web.capabilities.catalog", "timestamp": "2026-10-08T18:25:02.881092Z"}
{"event": "capability_draft_created", "level": "info", "logger": "app.research_web.capabilities.catalog", "timestamp": "2026-10-08T18:25:02.885701Z"}
{"event": "capability_checked", "level": "info", "logger": "app.research_web.capabilities.catalog", "timestamp": "2026-10-08T18:25:02.891454Z"}
{"event": "capability_native_projection_changed", "level": "info", "logger": "app.research_web.capabilities.catalog", "timestamp": "2026-10-08T18:25:02.898979Z"}
{"event": "capability_draft_created", "level": "info", "logger": "app.research_web.capabilities.catalog", "timestamp": "2026-10-08T18:25:02.904757Z"}
{"event": "capability_checked", "level": "info", "logger": "app.research_web.capabilities.catalog", "timestamp": "2026-10-08T18:25:03.210251Z"}
{"event": "capability_native_projection_changed", "level": "info", "logger": "app.research_web.capabilities.catalog", "timestamp": "2026-10-08T18:25:03.220397Z"}
{"event": "capability_draft_created", "level": "info", "logger": "app.research_web.capabilities.catalog", "timestamp": "2026-10-08T18:25:03.228157Z"}
{"event": "capability_checked", "level": "info", "logger": "app.research_web.capabilities.catalog", "timestamp": "2026-10-08T18:25:03.520593Z"}
{"event": "capability_native_projection_changed", "level": "info", "logger": "app.research_web.capabilities.catalog", "timestamp": "2026-10-08T18:25:03.534527Z"}
{"event": "capability_draft_created", "level": "info", "logger": "app.research_web.capabilities.catalog", "timestamp": "2026-10-08T18:25:03.543479Z"}
{"event": "capability_checked", "level": "info", "logger": "app.research_web.capabilities.catalog", "timestamp": "2026-10-08T18:25:03.826343Z"}
{"event": "capability_native_projection_changed", "level": "info", "logger": "app.research_web.capabilities.catalog", "timestamp": "2026-10-08T18:25:03.840080Z"}
{"event": "capability_draft_created", "level": "info", "logger": "app.research_web.capabilities.catalog", "timestamp": "2026-10-08T18:25:03.850916Z"}
{"event": "capability_checked", "level": "info", "logger": "app.research_web.capabilities.catalog", "timestamp": "2026-10-08T18:25:04.198538Z"}
{"event": "capability_native_projection_changed", "level": "info", "logger": "app.research_web.capabilities.catalog", "timestamp": "2026-10-08T18:25:04.214430Z"}
{"event": "capability_draft_created", "level": "info", "logger": "app.research_web.capabilities.catalog", "timestamp": "2026-10-08T18:25:04.247406Z"}
{"event": "capability_checked", "level": "info", "logger": "app.research_web.capabilities.catalog", "timestamp": "2026-10-08T18:25:04.554597Z"}
{"event": "capability_native_projection_changed", "level": "info", "logger": "app.research_web.capabilities.catalog", "timestamp": "2026-10-08T18:25:04.570683Z"}
{"event": "capability_draft_created", "level": "info", "logger": "app.research_web.capabilities.catalog", "timestamp": "2026-10-08T18:25:04.583644Z"}
{"event": "capability_checked", "level": "info", "logger": "app.research_web.capabilities.catalog", "timestamp": "2026-10-08T18:25:04.865621Z"}
{"event": "capability_native_projection_changed", "level": "info", "logger": "app.research_web.capabilities.catalog", "timestamp": "2026-10-08T18:25:04.883074Z"}
{"event": "capability_draft_created", "level": "info", "logger": "app.research_web.capabilities.catalog", "timestamp": "2026-10-08T18:25:04.897393Z"}
{"event": "capability_checked", "level": "info", "logger": "app.research_web.capabilities.catalog", "timestamp": "2026-10-08T18:25:05.242962Z"}
{"event": "capability_native_projection_changed", "level": "info", "logger": "app.research_web.capabilities.catalog", "timestamp": "2026-10-08T18:25:05.262380Z"}
{"event": "capability_draft_created", "level": "info", "logger": "app.research_web.capabilities.catalog", "timestamp": "2026-10-08T18:25:05.277848Z"}
{"event": "capability_checked", "level": "info", "logger": "app.research_web.capabilities.catalog", "timestamp": "2026-10-08T18:25:05.563797Z"}
{"event": "capability_native_projection_changed", "level": "info", "logger": "app.research_web.capabilities.catalog", "timestamp": "2026-10-08T18:25:05.583540Z"}
{"event": "capability_draft_created", "level": "info", "logger": "app.research_web.capabilities.catalog", "timestamp": "2026-10-08T18:25:05.600690Z"}
{"event": "capability_checked", "level": "info", "logger": "app.research_web.capabilities.catalog", "timestamp": "2026-10-08T18:25:05.880271Z"}
{"event": "capability_native_projection_changed", "level": "info", "logger": "app.research_web.capabilities.catalog", "timestamp": "2026-10-08T18:25:05.901682Z"}
{"event": "capability_draft_created", "level": "info", "logger": "app.research_web.capabilities.catalog", "timestamp": "2026-10-08T18:25:05.923247Z"}
{"event": "capability_checked", "level": "info", "logger": "app.research_web.capabilities.catalog", "timestamp": "2026-10-08T18:25:06.209078Z"}
{"event": "capability_native_projection_changed", "level": "info", "logger": "app.research_web.capabilities.catalog", "timestamp": "2026-10-08T18:25:06.233571Z"}
{"event": "capability_draft_created", "level": "info", "logger": "app.research_web.capabilities.catalog", "timestamp": "2026-10-08T18:25:06.253743Z"}
{"event": "capability_checked", "level": "info", "logger": "app.research_web.capabilities.catalog", "timestamp": "2026-10-08T18:25:06.538746Z"}
{"event": "capability_native_projection_changed", "level": "info", "logger": "app.research_web.capabilities.catalog", "timestamp": "2026-10-08T18:25:06.562897Z"}
{"event": "capability_draft_created", "level": "info", "logger": "app.research_web.capabilities.catalog", "timestamp": "2026-10-08T18:25:06.585650Z"}
{"event": "capability_checked", "level": "info", "logger": "app.research_web.capabilities.catalog", "timestamp": "2026-10-08T18:25:06.931676Z"}
{"event": "capability_native_projection_changed", "level": "info", "logger": "app.research_web.capabilities.catalog", "timestamp": "2026-10-08T18:25:06.957385Z"}
{"event": "capability_draft_created", "level": "info", "logger": "app.research_web.capabilities.catalog", "timestamp": "2026-10-08T18:25:06.980337Z"}
{"event": "capability_checked", "level": "info", "logger": "app.research_web.capabilities.catalog", "timestamp": "2026-10-08T18:25:07.262117Z"}
{"event": "capability_native_projection_changed", "level": "info", "logger": "app.research_web.capabilities.catalog", "timestamp": "2026-10-08T18:25:07.295028Z"}
{"event": "capability_draft_created", "level": "info", "logger": "app.research_web.capabilities.catalog", "timestamp": "2026-10-08T18:25:07.320486Z"}
{"event": "capability_checked", "level": "info", "logger": "app.research_web.capabilities.catalog", "timestamp": "2026-10-08T18:25:07.606163Z"}
{"event": "capability_native_projection_changed", "level": "info", "logger": "app.research_web.capabilities.catalog", "timestamp": "2026-10-08T18:25:07.636146Z"}
{"event": "capability_draft_created", "level": "info", "logger": "app.research_web.capabilities.catalog", "timestamp": "2026-10-08T18:25:07.661926Z"}
{"event": "capability_checked", "level": "info", "logger": "app.research_web.capabilities.catalog", "timestamp": "2026-10-08T18:25:07.986593Z"}
{"event": "capability_native_projection_changed", "level": "info", "logger": "app.research_web.capabilities.catalog", "timestamp": "2026-10-08T18:25:08.018162Z"}
{"event": "capability_draft_created", "level": "info", "logger": "app.research_web.capabilities.catalog", "timestamp": "2026-10-08T18:25:08.045850Z"}
{"event": "capability_checked", "level": "info", "logger": "app.research_web.capabilities.catalog", "timestamp": "2026-10-08T18:25:08.332130Z"}
{"event": "capability_native_projection_changed", "level": "info", "logger": "app.research_web.capabilities.catalog", "timestamp": "2026-10-08T18:25:08.364687Z"}
{"event": "capability_draft_created", "level": "info", "logger": "app.research_web.capabilities.catalog", "timestamp": "2026-10-08T18:25:08.393151Z"}
{"event": "capability_checked", "level": "info", "logger": "app.research_web.capabilities.catalog", "timestamp": "2026-10-08T18:25:08.677151Z"}
{"event": "capability_native_projection_changed", "level": "info", "logger": "app.research_web.capabilities.catalog", "timestamp": "2026-10-08T18:25:08.712700Z"}
{"event": "capability_draft_created", "level": "info", "logger": "app.research_web.capabilities.catalog", "timestamp": "2026-10-08T18:25:08.744296Z"}
{"event": "capability_checked", "level": "info", "logger": "app.research_web.capabilities.catalog", "timestamp": "2026-10-08T18:25:09.033851Z"}
{"event": "capability_native_projection_changed", "level": "info", "logger": "app.research_web.capabilities.catalog", "timestamp": "2026-10-08T18:25:09.068651Z"}
{"event": "capability_draft_created", "level": "info", "logger": "app.research_web.capabilities.catalog", "timestamp": "2026-10-08T18:25:09.099479Z"}
{"event": "capability_checked", "level": "info", "logger": "app.research_web.capabilities.catalog", "timestamp": "2026-10-08T18:25:09.118290Z"}
{"event": "capability_native_projection_changed", "level": "info", "logger": "app.research_web.capabilities.catalog", "timestamp": "2026-10-08T18:25:09.155646Z"}
{"event": "capability_draft_created", "level": "info", "logger": "app.research_web.capabilities.catalog", "timestamp": "2026-10-08T18:25:09.186283Z"}
{"event": "capability_checked", "level": "info", "logger": "app.research_web.capabilities.catalog", "timestamp": "2026-10-08T18:25:09.204245Z"}
{"event": "capability_native_projection_changed", "level": "info", "logger": "app.research_web.capabilities.catalog", "timestamp": "2026-10-08T18:25:09.236378Z"}
{"event": "capability_draft_created", "level": "info", "logger": "app.research_web.capabilities.catalog", "timestamp": "2026-10-08T18:25:09.267492Z"}
{"event": "capability_checked", "level": "info", "logger": "app.research_web.capabilities.catalog", "timestamp": "2026-10-08T18:25:09.286198Z"}
{"event": "capability_native_projection_changed", "level": "info", "logger": "app.research_web.capabilities.catalog", "timestamp": "2026-10-08T18:25:09.319103Z"}
{"event": "capability_draft_created", "level": "info", "logger": "app.research_web.capabilities.catalog", "timestamp": "2026-10-08T18:25:09.350723Z"}
{"event": "capability_checked", "level": "info", "logger": "app.research_web.capabilities.catalog", "timestamp": "2026-10-08T18:25:09.369715Z"}
{"event": "capability_native_projection_changed", "level": "info", "logger": "app.research_web.capabilities.catalog", "timestamp": "2026-10-08T18:25:09.407601Z"}
{"event": "capability_draft_created", "level": "info", "logger": "app.research_web.capabilities.catalog", "timestamp": "2026-10-08T18:25:09.439711Z"}
{"event": "capability_checked", "level": "info", "logger": "app.research_web.capabilities.catalog", "timestamp": "2026-10-08T18:25:09.459424Z"}
{"event": "capability_native_projection_changed", "level": "info", "logger": "app.research_web.capabilities.catalog", "timestamp": "2026-10-08T18:25:09.493327Z"}
{"event": "capability_draft_created", "level": "info", "logger": "app.research_web.capabilities.catalog", "timestamp": "2026-10-08T18:25:09.525890Z"}
{"event": "capability_checked", "level": "info", "logger": "app.research_web.capabilities.catalog", "timestamp": "2026-10-08T18:25:09.544814Z"}
{"event": "capability_native_projection_changed", "level": "info", "logger": "app.research_web.capabilities.catalog", "timestamp": "2026-10-08T18:25:09.578979Z"}
{"event": "capability_draft_created", "level": "info", "logger": "app.research_web.capabilities.catalog", "timestamp": "2026-10-08T18:25:09.615627Z"}
{"event": "capability_checked", "level": "info", "logger": "app.research_web.capabilities.catalog", "timestamp": "2026-10-08T18:25:09.636218Z"}
{"event": "capability_native_projection_changed", "level": "info", "logger": "app.research_web.capabilities.catalog", "timestamp": "2026-10-08T18:25:09.672452Z"}
{"event": "capability_draft_created", "level": "info", "logger": "app.research_web.capabilities.catalog", "timestamp": "2026-10-08T18:25:09.706988Z"}
{"event": "capability_checked", "level": "info", "logger": "app.research_web.capabilities.catalog", "timestamp": "2026-10-08T18:25:09.726953Z"}
{"event": "capability_native_projection_changed", "level": "info", "logger": "app.research_web.capabilities.catalog", "timestamp": "2026-10-08T18:25:09.791934Z"}
{"event": "capability_draft_created", "level": "info", "logger": "app.research_web.capabilities.catalog", "timestamp": "2026-10-08T18:25:09.826434Z"}
{"event": "capability_checked", "level": "info", "logger": "app.research_web.capabilities.catalog", "timestamp": "2026-10-08T18:25:09.846333Z"}
{"event": "capability_native_projection_changed", "level": "info", "logger": "app.research_web.capabilities.catalog", "timestamp": "2026-10-08T18:25:09.882084Z"}
{"event": "capability_draft_created", "level": "info", "logger": "app.research_web.capabilities.catalog", "timestamp": "2026-10-08T18:25:09.916236Z"}
{"event": "capability_checked", "level": "info", "logger": "app.research_web.capabilities.catalog", "timestamp": "2026-10-08T18:25:09.938211Z"}
{"event": "capability_native_projection_changed", "level": "info", "logger": "app.research_web.capabilities.catalog", "timestamp": "2026-10-08T18:25:09.974231Z"}
{"event": "capability_draft_created", "level": "info", "logger": "app.research_web.capabilities.catalog", "timestamp": "2026-10-08T18:25:10.009254Z"}
{"event": "capability_checked", "level": "info", "logger": "app.research_web.capabilities.catalog", "timestamp": "2026-10-08T18:25:10.030967Z"}
{"event": "capability_native_projection_changed", "level": "info", "logger": "app.research_web.capabilities.catalog", "timestamp": "2026-10-08T18:25:10.067200Z"}
{"event": "capability_draft_created", "level": "info", "logger": "app.research_web.capabilities.catalog", "timestamp": "2026-10-08T18:25:10.107397Z"}
{"event": "capability_checked", "level": "info", "logger": "app.research_web.capabilities.catalog", "timestamp": "2026-10-08T18:25:10.127449Z"}
{"event": "capability_native_projection_changed", "level": "info", "logger": "app.research_web.capabilities.catalog", "timestamp": "2026-10-08T18:25:10.163623Z"}
{"event": "capability_draft_created", "level": "info", "logger": "app.research_web.capabilities.catalog", "timestamp": "2026-10-08T18:25:10.198158Z"}
{"event": "capability_checked", "level": "info", "logger": "app.research_web.capabilities.catalog", "timestamp": "2026-10-08T18:25:10.217836Z"}
{"event": "capability_native_projection_changed", "level": "info", "logger": "app.research_web.capabilities.catalog", "timestamp": "2026-10-08T18:25:10.255538Z"}
{"event": "capability_draft_created", "level": "info", "logger": "app.research_web.capabilities.catalog", "timestamp": "2026-10-08T18:25:10.291040Z"}
{"event": "capability_checked", "level": "info", "logger": "app.research_web.capabilities.catalog", "timestamp": "2026-10-08T18:25:10.311465Z"}
{"event": "capability_native_projection_changed", "level": "info", "logger": "app.research_web.capabilities.catalog", "timestamp": "2026-10-08T18:25:10.355402Z"}
{"event": "framework_runtime_started", "level": "info", "logger": "app.research_web.frameworks.service", "timestamp": "2026-10-08T18:25:10.495093Z"}
{"event": "mcp_registry_service_started", "level": "info", "logger": "app.research_web.mcp_registry.service", "timestamp": "2026-10-08T18:25:10.495211Z"}
{"event": "mcp_runtime_service_started", "level": "info", "logger": "app.research_web.mcp_runtime.service", "timestamp": "2026-10-08T18:25:10.495289Z"}
{"event": "Scheduler started", "level": "info", "logger": "apscheduler.scheduler", "timestamp": "2026-10-08T18:25:10.495904Z"}
{"event": "research_web_started", "level": "info", "logger": "app.research_web.main", "timestamp": "2026-10-08T18:25:10.496070Z"}
.{"event": "Scheduler has been shut down", "level": "info", "logger": "apscheduler.scheduler", "timestamp": "2026-10-08T18:25:10.497937Z"}
{"event": "framework_runtime_closed", "level": "info", "logger": "app.research_web.frameworks.service", "timestamp": "2026-10-08T18:25:10.498721Z"}
                 [100%]
=============================== warnings summary ===============================
../../../../Desktop/Projects/ResearchWorkbench/.venv/lib/python3.12/site-packages/starlette/testclient.py:53
  /Users/leon/Desktop/Projects/ResearchWorkbench/.venv/lib/python3.12/site-packages/starlette/testclient.py:53: DeprecationWarning: The anyio.abc.BlockingPortal alias is deprecated, use anyio.from_thread.BlockingPortal instead.
    _PortalFactoryType = Callable[[], AbstractContextManager[anyio.abc.BlockingPortal]]

-- Docs: https://docs.pytest.org/en/stable/how-to/capture-warnings.html
128 passed, 1 warning in 186.52s (0:03:06)
